1
1.96496
1.9677
3.88824
2.46113
5.28546
2.88913
7.67929
2.74378
6.68661
2.96923
8.01528
3.14796
8.92893
3.47397
9.17457
3.86227
12.6874
3.58373
18.166
3.28409
20.0659
3.32529
25.1707
3.1173
27.9539
2.98561
27.9463
3.07459
36.1447
3.10235
58.0163
3.1208
80.8774
3.0934
98.186
3.22531
119.72
3.53132
154.732
3.72353
183.155
3.84869
199.054
4.07215
203.636
4.30951
214.562
4.45387
229.064
4.72546
262.334
4.70689
320.551
4.66253
372.865
4.81347
466.56
4.78047
546.115
4.61721
478.086
4.72224
465.646
4.99522
503.127
5.12665
498.843
5.24617
519.241
5.32538
534.249
5.47595
466.375
5.76845
489.571
5.90896
620.136
6.07914
875.817
6.08654
1204.27
6.04848
1377.7
6.25862
1663.41
6.33953
1851.84
6.33804
2041.51
6.41002
2514.72
6.42295
2699.47
6.62984
2777.42
6.82723
3329.71
6.72539
3379.22
6.92838
4280.16
7.47222
7911.28
7.15401
12237.9
6.7774
14653.2
6.65246
16735
6.5729
17897.9
6.45384
16062.5
6.58177
14703
6.89982
16258.9
7.23739
17209.6
6.97566
17411.8
6.54786
19024.8
6.41923
19557.3
6.37442
19052.3
6.50805
18540.9
6.64736
18211.9
6.61871
16923
6.64873
15215.2
6.70291
13824.8
6.81302
13539.3
6.75113
15141.8
6.83262
16308.9
6.86648
15395.2
6.82935
14046.1
6.77672
15402.8
6.71218
17831.3
6.65286
18109.9
6.71452
17797.2
6.73103
16903.9
6.78794
18456.9
6.73312
20213.9
6.71722
19326.1
6.89371
18073.2
6.9145
17562.3
7.08637
16110.2
7.00469
13592.9
6.9718
9350.87
7.48761
5307.5
6.81301
4921.83
6.37606
5587.09
6.28279
5522.45
6.34696
4893.36
6.38314
4416.62
6.35397
4081.92
6.41737
3653.83
7.03869
1934.02
6.78531
1227.26
6.17547
1149.44
6.15884
1228.83
6.37372
995.341
6.66595
683.955
6.24546
662.499
6.13796
866.84
6.13285
1017.28
6.13037
881.563
6.05921
991.864
6.06128
1275.94
6.13071
1077.36
6.2905
751.426
6.42906
516.274
6.18875
423.232
6.08229
410.439
5.965
446.47
5.89333
391.927
5.9558
319.186
5.94007
292.498
6.02704
267.357
6.23545
208.492
5.96173
169.842
5.73156
141.417
5.63939
123.494
5.59856
117.238
5.53778
121.632
5.72497
97.8718
6.51971
70.4005
5.67207
68.8916
5.46988
72.0474
5.30714
97.8723
5.44602
93.3455
5.69243
65.0696
5.56924
47.7333
5.44025
41.1462
5.36328
51.7369
5.44468
48.1884
5.85268
25.9991
6.28531
15.4017
6.08828
15.3755
5.84859
17.6739
5.69859
17.2529
5.8989
13.7226
6.40444
10.4195
7.1089
8.77156
7.59197
8.51633
7.72659
8.48982
8.0164
8.48781
8.07263
9.64241
7.27963
10.5151
7.1324
10.187
7.46724
10.2736
8.03317
11.1434
7.70612
10.7235
7.59759
9.96873
7.82322
10.9528
7.4714
11.467
7.50611
10.4584
8.43121
9.31954
9.26687
8.44273
9.65549
8.29286
10.2484
8.41065
12.2234
7.604
14.9355
7.27622
17.4921
7.45252
26.5675
7.22849
50.801
6.3643
55.4823
6.28303
45.2099
6.39796
49.9439
6.27244
57.7662
6.25996
61.9675
6.49519
70.0586
6.51421
70.4482
6.34327
56.4739
6.49461
56.47
7.22331
96.161
6.65837
147.973
6.16307
137.105
6.09396
108.675
6.07042
105.083
6.05071
112.514
6.13831
108.744
6.40603
104.571
6.3193
128.21
6.24258
169.644
6.42474
224.493
6.36883
244.486
6.17116
242.45
6.02588
233.373
5.97402
216.663
5.95474
188.044
6.02327
172.34
6.50118
218.999
6.39663
289.257
6.02769
278.189
5.9383
238.937
5.94897
222.614
6.41627
270.347
6.56924
372.36
6.05084
309.371
6.33735
305.697
7.26834
518.239
6.4208
518.544
6.12052
546.324
6.14993
712.852
6.17774
909.062
6.09009
997.584
6.2008
1135.31
6.2765
1384.63
6.1623
1545.88
6.12667
1623.1
6.49425
1839.41
7.49228
3498.6
6.46499
5010.05
6.14358
4747.55
6.15318
4233.99
6.16409
3691.74
6.10106
3117.31
6.12489
2513.33
6.23484
1826.49
6.3222
1552.14
6.59528
1798.59
6.72646
2622.76
6.21265
2434.03
6.23267
2039.74
6.67703
2613.22
6.74728
3216.82
6.26956
3073.41
6.11243
3221.95
6.04986
3257.58
6.00438
3071.63
6.18535
2821.47
6.31421
3076.49
6.36598
4250.94
6.79132
6498.2
6.82685
8525.15
6.21391
9231.64
6.28664
11597.8
6.31835
14744.1
6.08674
16012.1
5.98729
16906.4
5.89275
16372.5
5.87722
13300.7
5.93645
12668.5
6.21735
11616.6
6.37396
11617.6
6.03444
12805.1
6.01567
13428.2
6.50002
14194.7
6.76175
16337.1
6.26968
17353.8
6.20997
16359.2
6.17695
15727.6
6.04717
16931.5
5.97402
16609.5
6.15105
14163.7
6.05018
12261.7
5.83353
11358
5.83894
11227.8
5.97235
10744.8
6.40939
7477.97
6.13172
6288.95
5.77059
7104.51
5.75241
6652.62
5.68654
5748.13
5.89024
5394.85
6.36413
4983.29
5.95091
4689.69
5.67963
5417.93
5.77192
6022.15
5.90388
6225.27
5.86875
5223.52
6.31032
2707.84
6.29271
1732.86
5.8117
1428.4
5.94685
887.517
5.95262
583.916
5.50355
475.142
5.46548
455.085
5.61805
478.41
5.70175
405.86
5.50708
343.881
5.43441
340.836
5.41879
446.602
5.42129
433.424
5.49365
348.043
5.57522
358.819
5.50451
350.907
5.96343
192.289
6.18009
133.116
5.42554
157.083
5.25528
231.597
5.33726
264.358
5.53994
237.961
5.6076
215.786
5.55452
209.561
5.44401
188.303
5.68671
133.307
5.963
107.884
5.54146
114.901
5.53493
121.505
5.59831
107.193
5.52629
95.8393
5.4105
110.963
5.32822
134.942
5.35621
154.646
5.50492
132.574
5.56524
96.3413
5.53279
82.6195
6.02094
59.7537
6.35398
40.8583
5.56142
44.9833
5.41838
53.2287
5.3311
57.1503
5.31207
74.2037
5.59748
75.7511
5.7476
57.525
5.50223
61.0009
5.46523
95.3244
5.49684
109.171
5.70455
98.8897
6.01649
72.6809
5.7606
51.5073
5.70789
36.6311
5.94845
24.3408
6.39673
14.8447
7.0263
9.78213
6.93727
9.50685
6.57152
11.452
6.1012
12.0551
6.11795
10.126
6.75834
8.08695
7.88908
7.39771
8.89656
8.05786
8.62944
6.98142
10.3167
6.02992
12.7714
5.85353
15.1986
6.04283
17.1328
6.07176
18.1036
5.67155
16.7607
5.77693
14.4337
6.1879
13.6561
6.05231
14.7728
5.90528
17.4139
6.05806
19.5816
5.90939
21.79
6.23927
38.0265
5.70087
55.6752
5.25949
54.6514
5.20918
48.2728
5.35236
41.2654
5.71241
54.7782
5.65857
87.4401
5.36471
85.1659
5.45746
74.5005
5.8573
111.062
5.53191
128.074
5.33632
107.718
5.61805
126.329
5.61862
143.011
5.47709
133.552
5.70976
153.794
5.56415
161.732
5.36796
166.973
5.43391
202.558
6.1207
313.522
5.95811
456.831
5.35251
380.729
5.45479
306.537
5.90637
439.364
5.67372
651.766
5.35194
601.987
5.30782
523.608
5.45304
554.527
5.415
614.269
5.23819
690.248
5.16823
720.96
5.1367
614.831
5.18498
611.902
5.28389
763.277
5.4499
931.947
5.40725
752.883
5.71297
819.333
6.31517
1959.45
5.18413
2358.53
5.15229
2366.22
5.27606
2663.25
5.49409
2742.08
5.50579
2389.72
5.26056
2335.05
5.12848
1910.9
5.0404
1436.46
5.05521
1172.26
5.08644
869.333
5.05562
800.486
5.08161
836.775
5.15396
698.956
5.42358
773.173
5.37516
1098.6
5.16668
1216.02
5.66422
1820.69
5.93781
3691.89
5.34862
3651.5
5.15826
3605.8
5.08744
3754.46
5.08893
3332.27
5.17381
2855.76
5.47074
3346.11
5.53494
5000.04
5.16933
6166.86
4.95648
4961.15
5.06739
4231.55
5.32312
5065.32
5.45154
5535.26
5.29379
5385.02
5.10657
4719.64
5.42818
5335.6
5.74836
7555.94
5.5719
9946.86
5.3323
11941.4
5.51231
13968.6
5.22289
15523.5
4.98874
15973.2
4.93374
15455.7
5.0277
14232.8
5.38088
14198.6
5.36072
14949.5
5.28684
14468
5.48743
14703.2
5.16903
14994.2
5.03421
14185.2
5.08736
13440.2
5.51382
11823.4
5.34262
10938.9
5.04012
10729.5
5.09867
9466.85
5.02096
8634.05
4.8788
10222.6
4.81874
13256.1
4.91023
14154.1
5.24234
11617.2
5.34802
8376.14
5.29784
5094.13
5.63472
3356.8
5.09226
3780.12
4.95864
3693.41
5.0816
2613.29
4.92403
2036.25
4.83527
1667.19
5.01595
1191.39
4.9884
892.559
4.88959
706.07
4.91927
720.762
4.86734
840.656
4.814
733.924
5.35274
402.795
5.35107
280.487
4.80383
275.248
4.90003
256.152
5.09544
221.868
4.75169
274.977
4.53865
368.557
4.63033
423.791
4.79095
420.422
4.62999
448.604
4.58501
483.166
4.75224
473.247
4.61906
489.769
4.46875
543.396
4.43561
699.625
4.32955
880.913
4.27902
860.074
4.38268
734.861
4.54224
729.671
4.43671
775.892
4.301
678.369
4.30873
597.242
4.27486
619.6
4.33013
535.734
4.78343
288.889
4.76902
225.997
4.21013
226.059
4.08939
208.895
4.36705
141.736
4.58123
108.926
4.09967
158.291
3.98882
206.313
4.04159
213.09
4.25569
189.156
4.38586
133.275
4.52873
76.0344
4.4329
57.1619
4.29959
46.8911
4.28277
36.2564
4.14531
31.5054
4.16451
27.7911
4.1107
24.9978
3.94036
27.2687
3.91289
31.0401
4.12659
23.2315
4.16943
15.2549
4.00993
11.932
3.9356
11.6366
3.98851
12.6701
4.0369
13.7317
3.87157
13.8272
3.78954
12.6054
3.81383
11.1779
4.08272
8.5781
4.43501
7.50724
4.29973
9.30226
3.93292
8.85887
3.89792
7.6027
3.94728
6.84361
4.11077
6.32107
4.61821
5.70371
4.6884
5.78113
4.41936
6.02145
4.53324
4.93529
5.04203
4.31473
5.46867
4.51578
7.34228
4.02073
9.85508
3.58831
9.32489
3.62082
11.1619
3.52838
15.6481
3.28818
17.7983
3.24017
17.3982
3.48771
16.9978
3.81401
29.5106
3.32859
45.9118
3.28675
51.134
3.19969
40.2462
3.06937
32.8768
3.00805
26.2067
2.99689
19.9302
3.01373
16.434
3.06421
17.5557
3.22168
22.2638
3.14993
24.4365
3.0981
25.3928
3.1437
25.6272
3.0236
24.9092
2.97179
26.8163
2.99525
26.2776
2.93887
23.7249
2.86986
23.6463
2.94467
27.5814
3.10057
34.9858
2.99968
36.5625
2.81541
32.2458
2.80476
29.2553
2.97541
31.9732
3.00399
34.3819
2.84841
38.6361
2.82409
43.2539
2.89081
40.7865
2.93577
46.8494
2.97394
56.6872
2.90437
56.3771
2.80514
51.0733
3.12208
65.6791
3.01554
119.121
2.77877
167.146
2.72041
191.594
2.86555
244.884
3.15946
510.452
2.77004
741.459
2.7372
805.187
2.94596
1222.8
2.76563
1824.19
2.61921
1678.59
2.60499
1223.57
2.65558
1365.71
2.69028
1766.57
2.56494
1792.52
2.52974
1348.46
2.65437
1201.78
2.79786
1816.68
2.71785
2410.53
2.67051
2241.77
2.58435
2006.95
2.49654
1395.14
2.54213
1290.12
2.64834
1311.05
2.54755
1024.74
2.51518
906
2.70257
1058.58
2.81163
1889.01
2.54809
2515.58
2.4945
2315.14
2.56426
2272.09
2.52301
2443.69
2.48332
1990.63
2.53227
1821.62
2.58692
2238.82
2.57318
2577.44
2.76753
3316.07
2.94435
5651.21
2.55742
5697.1
2.46025
5044.47
2.50403
5261.61
2.65701
5184.57
2.6218
5702.65
2.51722
5817.42
2.90942
5980.98
2.7112
7223.52
2.48978
7059.64
2.54349
7183.73
2.60853
7162.52
2.62444
7196.61
2.52461
7474.04
2.44249
7491.1
2.41771
7400.37
2.39552
7729
2.46125
7294.08
2.59534
6646.83
2.44203
6897.64
2.34226
7749.51
2.36694
7524.23
2.44549
7357.41
2.4512
7326.14
2.51807
6891.88
2.69787
6626.77
2.49025
6611.17
2.36873
6532.81
2.38936
6274.55
2.44912
6230.9
2.48859
6716.25
2.42111
6767.82
2.41726
6573.67
2.52611
6593.65
2.56579
5444.78
2.72984
3355.25
2.5214
2864.3
2.46956
2689.07
2.60837
2062.2
2.3592
1817.3
2.29354
1500.01
2.42406
933.688
2.45928
735.829
2.31896
782.624
2.3892
565.973
2.56877
316.72
2.42878
236.912
2.61997
145.166
2.64934
103.797
2.36791
110.73
2.37365
138.594
2.34227
148.576
2.32871
183.778
2.49178
175.306
2.58228
136.698
2.37252
164.78
2.3972
158.8
2.5068
134.535
2.43339
140.661
2.38011
115.539
2.44776
91.0404
2.48947
103.795
2.37852
115.614
2.35981
115.064
2.38648
112.342
2.37517
112.995
2.37464
112.098
2.49992
97.9621
2.67347
73.713
2.4268
62.1313
2.34183
60.0595
2.46878
59.4512
2.80321
35.1675
2.6827
21.5376
2.60084
17.3456
2.51695
16.9002
2.48678
17.7949
2.56221
18.2033
2.57973
17.8074
2.49106
20.8995
2.46498
20.5349
2.39432
25.5758
2.34713
36.7139
2.34988
42.206
2.49277
33.9926
2.99316
16.6416
2.50677
14.8363
2.36486
20.2202
2.33674
28.9742
2.37245
28.1767
2.43388
27.6735
2.44571
30.0332
2.4402
29.3665
2.59674
23.0018
2.69623
17.3802
2.57851
13.9842
2.57652
12.6259
2.56948
10.946
2.55203
9.51826
2.57817
11.4967
2.66545
10.9734
2.71736
8.6695
2.68389
8.19892
2.68404
9.72999
2.58198
12.3907
2.50638
13.1926
2.62387
10.2572
3.0813
5.48428
3.08226
4.06401
3.25108
3.60296
3.6786
3.51309
3.9935
3.58922
3.97128
3.1962
4.52255
2.88755
5.89933
2.74267
8.36097
2.59755
10.3837
2.5653
10.075
2.71077
9.98884
2.61135
10.5616
2.50734
11.0257
2.53288
12.2027
2.53229
14.7248
2.55021
15.7955
2.76488
14.5985
2.91468
25.0535
2.53274
25.277
2.53087
20.2824
2.63557
23.0977
2.65811
30.9045
2.53354
32.0484
2.43665
27.0798
2.39756
27.2207
2.36893
26.4589
2.45789
22.3115
2.48923
24.2581
2.34658
27.3683
2.28454
26.2302
2.33615
20.6289
2.56765
23.3142
2.47486
34.8284
2.31738
33.6491
2.35943
31.2817
2.41647
33.8727
2.55771
44.2584
2.54833
69.0698
2.41882
83.2929
2.36914
109.895
2.31291
140.846
2.26659
143.369
2.20991
162.156
2.19339
180.988
2.22566
159.843
2.23318
133.211
2.2315
136.076
2.18911
162.456
2.16903
206.023
2.15209
222.325
2.10971
185.688
2.16707
227.645
2.20845
343.018
2.09831
377.315
2.02194
291.709
2.0609
220.969
2.33178
311.154
2.29144
631.856
2.23709
983.381
2.18139
1343.66
2.25229
2142.52
2.13364
3013.99
1.96492
2765.51
1.96187
2270.92
2.04172
1738.97
2.10975
1859.98
2.09503
2195.5
2.05256
1918.57
1.98309
1707.27
1.94907
1687.39
2.00963
1777.91
1.9634
1809.37
1.88799
1512.96
1.95489
1339.45
2.33993
2505.92
1.96748
3676.43
1.85708
3179
1.93474
2802.78
2.06385
3422.73
1.97562
4032.38
1.95741
4293.45
1.92697
4350.37
1.85965
4066.9
1.82337
3934.48
1.83853
3820.12
1.87257
3794.26
1.84122
4199.88
1.82643
3942.18
1.86854
3547.15
1.82831
3533.18
1.85105
3345.03
1.93876
3422.29
1.87628
3068.31
1.872
3071.43
1.95379
3590.97
1.85484
4003.24
1.8501
3908.5
2.14143
4788.22
1.86698
5327.78
1.92772
4385.69
1.94238
4017.4
1.76551
3841.51
1.77033
3277.86
1.81501
3451.21
1.76221
3616.17
1.70491
3584.72
1.69183
4482.96
1.75462
4426.68
1.83689
3532.2
1.82453
2869.98
1.88575
1975.57
1.88447
1515.18
1.93445
1178.71
1.85032
980.662
1.70098
1017.22
1.69587
1074.24
1.73818
1349.32
1.76448
1298.97
1.74065
1080.09
1.68476
1119.76
1.66879
1266.13
1.67462
1255.76
1.70074
984.343
1.74739
723.139
1.64685
734.571
1.60873
936.501
1.66656
1054.83
1.74185
912.158
1.73875
663.163
1.79314
491.493
1.73489
520.565
1.62598
625.012
1.5943
676.006
1.59293
587.552
1.63475
437.103
1.71925
306.903
1.75886
193.568
1.86492
157.808
1.66542
178.807
1.65412
169.024
1.68336
160.087
1.64279
136.467
1.68946
120.036
1.6385
130.686
1.56456
125.715
1.57682
105.486
1.56896
97.6771
1.57186
116.102
1.7619
81.4524
1.70644
57.0709
1.70923
39.535
1.80419
32.0469
1.59045
29.1302
1.61313
20.0936
1.67482
13.6318
1.58518
14.2288
1.51886
17.4436
1.50522
17.001
1.55215
13.7444
1.5788
12.188
1.56772
14.1098
1.52071
16.4177
1.54213
14.3034
1.62934
13.8748
1.54002
16.9729
1.51383
15.6882
1.48294
16.8545
1.44366
22.3838
1.47044
19.2443
1.52104
13.3618
1.49133
10.7181
1.53443
8.58289
1.56073
7.80508
1.46611
8.48911
1.58227
6.53245
1.70301
5.00135
1.57574
3.69224
1.81737
2.37643
1.86087
2.37662
1.74679
2.68114
1.64663
2.83661
1.56964
2.71394
1.56287
2.54234
1.69663
2.53466
1.7158
2.49988
1.66575
2.51017
2.02542
2.15079
1.91135
1.98438
2.44525
1.64805
2.90949
1.48127
2.55456
1.45557
2.74584
1.50986
2.62442
1.70749
2.44175
1.57425
3.02326
1.41529
3.16301
1.37015
3.24807
1.35904
3.37032
1.38639
3.64
1.38177
4.22308
1.36846
5.19575
1.3691
5.64955
1.41092
6.05587
1.39023
7.95555
1.31525
9.87997
1.25693
10.4159
1.25204
9.0053
1.2986
7.5789
1.28564
6.47984
1.25131
5.80121
1.31173
4.53798
1.41263
4.18823
1.37103
4.84917
1.5044
7.72193
1.34273
11.1848
1.23599
9.24186
1.25292
8.46068
1.27367
8.37846
1.27619
8.97301
1.35428
11.8894
1.34187
15.0672
1.28541
14.1978
1.41365
21.588
1.35204
33.9971
1.43185
42.144
1.34359
56.2638
1.22098
52.8711
1.24043
54.9062
1.2422
61.2848
1.22911
53.7331
1.26765
50.6746
1.28188
63.4664
1.225
57.7039
1.21355
43.9944
1.33247
52.7085
1.29519
58.3417
1.17779
43.4822
1.17106
29.4864
1.19664
23.3019
1.23627
23.8001
1.22168
19.3092
1.20314
16.9821
1.28521
23.0449
1.28187
33.3324
1.18567
31.1234
1.20485
31.791
1.29194
50.5705
1.23688
76.2528
1.28812
101.273
1.28433
158.301
1.29146
244.93
1.36912
427.717
1.19783
447.386
1.17781
449.835
1.17499
442.582
1.14561
395.778
1.18034
286.616
1.30676
376.895
1.19199
429.866
1.28893
391.814
1.32989
695.864
1.18317
845.91
1.19751
1055.62
1.19296
1454.02
1.26964
1832.97
1.18369
1930.89
1.1032
1717.98
1.14261
1588.32
1.23446
2107.32
1.13748
1963.63
1.13425
1516.49
1.25728
2070.09
1.20732
2889.22
1.14425
3035.78
1.13266
3061.58
1.10303
2660.09
1.12511
2326.52
1.15847
2631.94
1.11104
2589.05
1.09143
2092.52
1.15088
2255.41
1.14709
2538.18
1.11948
2312.58
1.15153
2377.6
1.09932
1938.04
1.06206
1529.6
1.13963
1447.32
1.28197
1869.29
1.16619
2406.58
1.26349
3099.86
1.12407
3396.06
1.11274
3252.88
1.12626
3355.83
1.06975
3454.8
1.07078
3285.23
1.14718
3039.86
1.17728
2392.99
1.25863
1629.09
1.11558
1579.44
1.09673
1351.67
1.17904
890.595
1.1077
632.867
1.09388
451.426
1.0749
449.967
1.05305
574.322
1.08194
609.38
1.04931
643.095
1.03278
794.813
1.06895
911.724
1.02513
864.54
0.978293
901.285
0.980812
929.712
1.03657
878.126
1.05736
1103.28
1.00167
1078.65
1.02403
804.425
1.05358
753.852
0.988782
886.446
0.984076
910.778
1.01947
806.705
1.00248
585.239
1.06175
394.044
1.04862
416.93
0.999905
376.179
1.08676
220.129
1.09395
158.388
0.994693
149.066
0.97509
141.41
0.997788
140.631
1.02459
111.205
0.94494
127.002
0.925682
181.502
1.0326
122.535
1.00674
97.7471
1.0664
55.7729
1.01744
45.9201
0.912853
57.7548
0.972057
43.7538
1.02185
29.6051
0.946675
24.566
0.961797
18.8384
0.936321
15.8758
0.92546
14.0368
0.979397
11.5578
0.976361
9.1114
0.971502
8.22603
0.914035
8.52983
0.879887
7.58295
0.926175
6.52525
0.970468
7.06933
0.91847
6.47783
0.965903
6.05732
0.92359
6.77796
0.893097
9.21716
0.926872
8.61838
0.922621
10.3525
0.889463
14.1019
0.919151
10.1705
0.933384
8.71956
0.89529
10.941
0.904181
10.6061
0.943531
9.14077
0.955667
8.23609
0.9877
6.04444
1.00019
3.94364
1.03442
2.80373
0.957681
2.44914
0.919351
2.23098
0.959127
2.00101
1.02153
1.72871
0.989842
1.69349
1.01224
1.86601
1.27187
1.33382
1.26796
1.19631
1.59131
1.03129
2.37669
0.954489
2.75368
0.954389
2.80846
0.927065
1.9352
0.979625
1.55064
1.07618
1.43064
1.14743
1.38828
1.14533
1.26707
1.19216
1.29009
1.175
1.56622
1.02409
1.71869
0.985187
1.82469
0.952671
1.74406
0.980504
1.42727
1.07327
1.20686
1.1133
1.16431
1.11803
1.31577
1.08569
1.62956
1.06584
1.41858
1.08421
1.38125
1.05056
1.38768
1.11028
1.25831
1.21405
1.38606
1.10055
1.71325
1.0311
2.44207
0.905476
3.26662
0.902759
3.5638
0.945098
3.99354
0.85229
3.23864
0.880558
3.40499
0.879143
4.22121
0.8113
3.70468
0.835333
2.68774
0.969751
2.9057
0.898645
4.3307
0.855036
5.0226
0.957366
7.16011
0.923888
10.3829
0.878785
14.0524
0.824133
16.5708
0.838835
18.612
0.870422
24.9161
0.875583
27.1265
0.857614
30.9134
0.824055
41.4041
0.837599
46.9309
0.831409
37.7595
0.790725
37.3323
0.77434
35.4123
0.800294
29.4448
0.861828
31.7089
0.847083
38.8794
0.8273
33.3471
0.812303
27.9386
0.782863
26.7374
0.79054
25.646
0.824801
29.7657
0.824246
36.9765
0.790009
33.2806
0.794767
29.622
0.849426
31.9208
0.867803
38.8022
0.925005
72.8513
0.835463
104.565
0.825526
103.783
0.825173
97.1753
0.804617
94.5811
0.812099
108.296
0.808083
142.653
0.831229
209.505
0.863469
372.473
0.806723
490.698
0.807446
472.015
0.811042
400.673
0.830741
425.762
0.822782
431.574
0.787429
368.194
0.899507
572.541
0.872321
862.384
0.78388
770.607
0.775363
912.079
0.786784
1102.36
0.824002
1317.15
0.798155
1380.96
0.778313
1313.22
0.815529
1538.07
0.788134
1881.41
0.751168
1941.44
0.749635
1971.27
0.742854
1876.43
0.723842
1503
0.72691
1099.71
0.759438
1030.49
0.783181
1353.06
0.742781
1383.46
0.738182
1157.53
0.771396
1159.11
0.804301
1308.33
0.834632
1519.88
0.808647
1620.21
0.812692
1997.99
0.799856
2148.8
0.758416
2248.39
0.746131
2152.35
0.80334
2007.39
0.765394
2109.5
0.706655
2253.25
0.706625
2254.47
0.730357
2117.92
0.784406
1980.03
0.767848
1877.08
0.712921
1851.18
0.719543
1790.65
0.757439
1636.89
0.723152
1749.03
0.730534
1435.92
0.871778
825.337
0.718378
795.657
0.699564
818.241
0.771862
592.804
0.751651
454.247
0.726938
420.474
0.69679
520.348
0.676852
833.286
0.689069
929.746
0.725997
758.555
0.716538
730.53
0.70035
816.583
0.690969
1011.2
0.67262
1173.58
0.666888
1131.7
0.690166
862.418
0.714268
623.515
0.689421
540.07
0.686258
491.134
0.764096
289.528
0.766891
186.964
0.711989
201.442
0.694986
196.963
0.699643
138.331
0.677812
127.749
0.651805
164.82
0.670479
144.51
0.729033
98.1827
0.686158
98.528
0.654333
126.693
0.666903
120.812
0.710967
95.5844
0.664633
127.247
0.622677
138.701
0.632647
145.098
0.661502
164.757
0.638678
150.22
0.628173
121.528
0.676748
78.4869
0.737919
44.5967
0.658543
34.523
0.61547
32.4351
0.623923
31.5387
0.614067
33.3731
0.587058
46.1144
0.583053
56.261
0.607248
44.6475
0.636649
33.7276
0.61624
34.1504
0.6202
29.21
0.634003
19.9702
0.617154
15.8623
0.588654
18.0784
0.605308
19.0296
0.618489
17.4066
0.559459
20.8476
0.578699
21.1198
0.643702
13.3108
0.619072
8.91578
0.624869
7.14165
0.588416
6.97526
0.579718
6.38173
0.558368
5.71733
0.557604
4.53995
0.607514
2.91591
0.5619
2.91238
0.534132
3.72485
0.554921
3.54763
0.575245
3.09516
0.583367
2.76729
0.591434
2.6018
0.542342
2.6601
0.5356
2.35966
0.546142
1.97652
0.552452
1.76325
0.5833
1.6644
0.612468
1.64085
0.591517
1.25824
0.662706
1.00035
0.720018
0.922178
0.717229
0.703677
0.764935
0.642911
0.837854
0.627484
0.914826
0.598547
0.912883
0.622328
0.838948
0.670129
0.98382
0.586467
1.26956
0.570139
1.12116
0.57867
1.11405
0.548324
1.20034
0.550391
1.27278
0.548661
1.30394
0.54247
1.0958
0.56494
1.00585
0.640922
1.66067
0.5356
2.30316
0.496955
1.77078
0.51139
1.53605
0.527339
1.42162
0.551818
1.21803
0.575216
1.11578
0.572217
1.30708
0.559066
1.73346
0.506261
1.53031
0.524222
1.24047
0.556247
1.35565
0.510057
1.53161
0.490604
1.53119
0.494988
1.51918
0.506898
1.16933
0.537704
0.912364
0.59775
1.00176
0.603743
1.68238
0.499925
1.77593
0.517743
1.93085
0.518561
2.23705
0.508309
2.84993
0.517529
4.74312
0.491955
5.84596
0.476213
5.10844
0.468334
4.75065
0.498324
5.27252
0.499383
7.33577
0.474332
6.4666
0.501001
5.55304
0.469794
6.38076
0.449793
4.90126
0.482107
4.19482
0.498121
4.65441
0.462959
4.13376
0.493626
5.34114
0.537905
9.87084
0.505907
13.2188
0.473556
15.5793
0.473036
18.9601
0.483402
22.5196
0.459133
23.7738
0.457709
25.7482
0.481944
33.5916
0.49073
45.1034
0.492442
61.8816
0.457253
69.9723
0.449835
54.3255
0.472901
49.5334
0.460543
51.6178
0.45857
48.1977
0.473594
43.0412
0.473163
41.6137
0.489654
56.1004
0.45132
57.3619
0.438864
45.928
0.452842
40.7488
0.479507
54.7838
0.488919
87.7416
0.488883
119.397
0.500675
156.971
0.446109
175.89
0.437498
204.759
0.441917
235.948
0.432809
207.027
0.43389
169.84
0.452527
194.713
0.443761
259.006
0.454466
342.054
0.449094
358.055
0.419592
317.526
0.429386
332.996
0.462484
416.818
0.439518
442.479
0.445269
343.426
0.487281
492.291
0.469583
845.787
0.435196
864.442
0.413898
698.181
0.416134
733.984
0.42569
794.757
0.431648
727.097
0.444022
845.705
0.428145
1105.09
0.434457
1210.89
0.424925
1236.86
0.42727
1170.96
0.440961
1104.54
0.415181
1011.23
0.427784
834.338
0.413091
844.696
0.386022
1066.82
0.392311
1132.48
0.419071
1062.67
0.406218
1069.4
0.414902
897.276
0.440364
760.793
0.420559
782.467
0.441409
600.315
0.446497
420.779
0.41581
412.025
0.386579
414.1
0.389956
398.596
0.389696
418.864
0.376615
533.371
0.388896
568.646
0.410385
443.912
0.38142
419.508
0.367755
484.565
0.371045
568.612
0.381334
649.293
0.38737
647.305
0.395101
464.46
0.426119
250.811
0.435517
175.356
0.379403
157.11
0.370274
150.482
0.381764
153.002
0.384438
181.524
0.389269
195.402
0.418471
128.371
0.380442
127.371
0.37039
173.015
0.373323
177.726
0.369283
188.923
0.371814
199.529
0.387455
191.175
0.398133
156.595
0.396419
112.534
0.365876
97.4259
0.359439
101.734
0.371818
94.8699
0.39961
57.1623
0.421344
40.7426
0.386815
35.3494
0.390388
29.5708
0.382621
28.07
0.359969
29.3552
0.356052
34.557
0.355733
32.8681
0.356769
26.6923
0.36748
23.1975
0.363421
32.832
0.349283
38.5964
0.366136
36.8629
0.364571
42.7879
0.344425
45.7571
0.35615
41.3236
0.379375
30.6019
0.376564
23.7518
0.384295
17.6619
0.398816
12.7689
0.377382
10.6592
0.352921
9.75532
0.355518
11.0137
0.356296
10.0702
0.37131
6.33176
0.362849
4.72845
0.354804
3.29584
0.380515
2.39533
0.339884
2.95369
0.327475
3.96388
0.33248
3.96103
0.352232
3.02316
0.378379
2.4445
0.346098
2.6994
0.328911
3.84434
0.338475
4.19888
0.354067
3.62103
0.338066
3.62328
0.35344
2.55515
0.372425
1.48823
0.389953
0.981212
0.381008
1.0807
0.350862
0.926913
0.362828
0.724837
0.363108
0.741882
0.35182
0.790763
0.370301
0.752061
0.391093
0.757638
0.377856
0.646048
0.377885
0.581511
0.400511
0.521239
0.446745
0.42143
0.515177
0.383282
0.61868
0.386833
0.629496
0.392784
0.551316
0.393472
0.555043
0.416676
0.552856
0.452019
0.622468
0.373036
0.89825
0.322984
0.967847
0.319097
0.933559
0.323286
0.989674
0.333373
0.834877
0.348221
0.758923
0.355939
1.00958
0.343014
1.13462
0.313168
1.2035
0.310692
1.23662
0.314271
0.972125
0.315943
0.959187
0.314897
1.13278
0.311297
1.17055
0.339865
1.55846
0.321768
1.83267
0.324826
2.25327
0.343843
4.72416
0.306297
4.9761
0.311766
5.2928
0.289813
4.43829
0.282328
3.43346
0.291968
2.72182
0.288033
2.35663
0.29283
2.55748
0.296662
2.59321
0.278994
2.08667
0.277468
1.8504
0.287034
1.71796
0.289858
1.71973
0.293517
1.85511
0.295973
2.05825
0.294589
2.69354
0.294518
3.97013
0.272747
4.34988
0.276528
4.44042
0.318582
6.07398
0.292145
7.88977
0.277044
9.81436
0.266605
10.5599
0.25598
8.22536
0.260981
7.3791
0.286704
10.7968
0.274628
16.6743
0.257338
15.9023
0.266995
11.5956
0.281371
15.6523
0.255273
16.9115
0.249458
15.6374
0.260524
19.499
0.254597
26.3258
0.246445
32.031
0.247699
25.884
0.281821
31.2565
0.273149
65.858
0.242546
87.0917
0.240806
99.0255
0.248154
105.826
0.249305
99.557
0.24996
124.645
0.246137
165.789
0.241862
180.886
0.2367
165.069
0.228049
118.404
0.233334
113.611
0.247443
142.512
0.231603
123.483
0.225816
80.0793
0.229349
67.889
0.227737
76.5852
0.235278
79.9706
0.250154
89.8534
0.236029
96.5624
0.261354
134.311
0.252251
224.101
0.242397
267.838
0.239978
306.384
0.233907
316.239
0.237463
371.99
0.231555
443.238
0.241142
488.116
0.236595
505.019
0.226944
488.72
0.236906
535.865
0.237558
610.948
0.231812
622.188
0.223208
636.871
0.219161
630.309
0.233037
633.413
0.228977
668.005
0.21668
631.279
0.214895
552.905
0.225292
483.453
0.267611
587.35
0.225125
687.666
0.222488
580.605
0.24885
410.199
0.219589
442.519
0.212202
487.803
0.218982
477.35
0.230676
426.041
0.223761
440.045
0.21782
505.562
0.223334
454.761
0.240066
349.642
0.225754
278.312
0.236593
220.309
0.227979
220.314
0.219194
263.699
0.229066
264.816
0.22207
226.047
0.216597
194.659
0.22075
216.421
0.235893
208.74
0.259019
132.973
0.234748
113.435
0.2229
103.747
0.223971
90.3658
0.224749
81.7561
0.224754
79.7728
0.229766
69.7467
0.244609
56.3314
0.230064
49.0888
0.214544
47.6084
0.215892
56.5485
0.216509
59.1913
0.213376
78.1247
0.211837
96.3368
0.216485
76.6206
0.230291
57.2585
0.259861
37.5549
0.224387
39.4746
0.212117
41.8343
0.21564
37.325
0.21405
42.5567
0.207125
62.0597
0.207567
90.3172
0.212645
87.2664
0.219307
72.4038
0.214851
60.1315
0.214141
49.8812
0.225299
45.2477
0.216102
42.7931
0.208486
37.4755
0.218946
30.649
0.213259
37.0447
0.20167
48.286
0.203622
49.1775
0.22748
31.2996
0.237536
22.4204
0.216714
17.7825
0.231128
12.9408
0.219068
12.8985
0.199333
14.0226
0.203783
15.3263
0.232021
11.9627
0.209296
12.5045
0.200833
12.2115
0.208433
11.5254
0.207613
16.0529
0.207357
18.2346
0.207141
20.1059
0.209863
19.8297
0.233184
12.3109
0.212295
10.406
0.214131
6.6238
0.244216
3.34894
0.219875
2.61182
0.2161
2.53502
0.205997
2.5312
0.21408
1.59979
0.227989
0.928081
0.20953
0.846038
0.210695
1.07678
0.222683
0.820222
0.220625
0.590003
0.217469
0.613515
0.218439
0.718953
0.219118
0.621679
0.217539
0.558129
0.233786
0.5664
0.225091
0.638963
0.208448
0.685993
0.206969
0.609809
0.207585
0.532248
0.204808
0.707418
0.19943
0.90209
0.214591
0.591597
0.22783
0.487675
0.244865
0.39092
0.268781
0.328136
0.249775
0.319763
0.281213
0.258766
0.350057
0.22488
0.440405
0.218072
0.595734
0.210266
0.656768
0.203794
0.509136
0.206496
0.44817
0.21505
0.464268
0.209845
0.531962
0.202878
0.493326
0.218508
0.507651
0.22683
0.5859
0.225616
0.723405
0.209902
1.02647
0.195924
0.883344
0.19401
1.03306
0.188802
1.22114
0.189808
1.17299
0.198968
1.26509
0.192093
1.38803
0.18692
1.2238
0.187775
1.16941
0.18248
1.13503
0.181411
1.08369
0.18933
1.16597
0.192729
1.27077
0.188567
1.18165
0.186353
1.1788
0.185136
1.0401
0.187632
0.820834
0.199842
0.928406
0.202014
1.15368
0.19113
1.23099
0.192259
1.23407
0.195529
1.08274
0.210309
1.44619
0.200957
2.36353
0.188225
2.79355
0.179195
2.25911
0.183908
2.25206
0.199739
3.21423
0.188112
3.73924
0.18337
3.59527
0.176454
3.52512
0.175298
2.86415
0.179468
2.61044
0.188452
3.04732
0.207338
4.85539
0.188424
8.26911
0.181468
11.1681
0.191416
16.7152
0.177589
18.9276
0.174245
19.536
0.176214
17.7826
0.182223
16.1798
0.179686
22.3787
0.176325
23.0417
0.190252
26.2912
0.171123
23.0501
0.167927
17.8302
0.17279
20.5699
0.171668
21.2602
0.171633
21.2255
0.172794
21.6509
0.176797
25.122
0.171632
32.6462
0.165586
39.0458
0.168269
50.8098
0.164831
56.8513
0.16363
61.8644
0.165833
83.2542
0.162303
100.032
0.173841
103.834
0.172277
119.767
0.160273
128.504
0.162742
132.572
0.162382
139.61
0.176111
150.778
0.178325
214.861
0.163516
227.914
0.156735
188.033
0.151807
177.59
0.158932
195.188
0.166655
235.092
0.163319
229.645
0.174065
305.593
0.170753
391.45
0.16835
448.602
0.151439
455.929
0.152833
431.443
0.160853
446.258
0.149229
458.732
0.150742
444.598
0.159492
425.653
0.154348
397.788
0.149689
388.466
0.146863
402.289
0.147352
426.214
0.14563
432.948
0.142329
447.179
0.143579
447.099
0.15286
428.22
0.148942
451.808
0.144584
428.59
0.146421
396.936
0.143006
402.839
0.15312
393.779
0.159207
390.507
0.143453
425.423
0.142476
427.023
0.138668
419.119
0.140198
353.546
0.15565
231.718
0.147879
210.386
0.144792
187.862
0.147552
174.669
0.145193
163.068
0.163873
99.9624
0.149263
78.9509
0.149295
69.7085
0.142896
71.6485
0.142947
63.6384
0.155689
36.7634
0.157138
27.1994
0.142931
36.7221
0.13498
32.7105
0.134466
29.614
0.136001
31.1303
0.136937
28.558
0.141898
23.2676
0.141201
23.9856
0.133855
31.8934
0.135995
28.0467
0.138037
20.127
0.146193
12.4948
0.14337
9.86638
0.134711
11.8859
0.137467
11.732
0.134839
10.9578
0.135076
9.73094
0.13447
9.36497
0.13035
12.4457
0.127305
14.762
0.127723
16.778
0.142728
13.3035
0.142865
13.2062
0.129245
16.9606
0.129456
18.9573
0.133384
19.2987
0.140517
16.1889
0.131606
17.0519
0.130922
14.3958
0.134989
11.1702
0.132579
11.5467
0.139114
7.63647
0.150138
4.24228
0.133515
3.67705
0.127187
3.6897
0.131871
2.68801
0.145915
1.35186
0.142819
1.12601
0.130364
1.24213
0.130893
1.11937
0.137478
0.950616
0.131481
0.904642
0.124579
1.05797
0.122259
1.15792
0.123706
1.02344
0.126176
1.35328
0.124589
1.81421
0.122049
1.79916
0.119116
1.98888
0.123033
1.59852
0.139287
0.994678
0.128833
1.00773
0.122608
1.08465
0.120131
1.0956
0.119494
1.23846
0.121327
1.54294
0.118722
1.65866
0.117838
1.47669
0.131799
0.934938
0.123724
1.05284
0.11484
1.27857
0.11914
0.986987
0.129272
0.671159
0.124413
0.560342
0.118833
0.491506
0.127191
0.425817
0.131271
0.400234
0.136297
0.298043
0.142643
0.225931
0.145604
0.241821
0.134274
0.242279
0.127977
0.219713
0.141143
0.188493
0.14764
0.197157
0.15521
0.174531
0.197442
0.13671
0.236258
0.126931
0.269426
0.118946
0.262134
0.117588
0.272374
0.120225
0.323786
0.12042
0.258782
0.12114
0.209293
0.122618
0.201189
0.132242
0.202777
0.134381
0.253137
0.124039
0.273186
0.116601
0.283006
0.114227
0.342188
0.113452
0.394214
0.112274
0.314695
0.114429
0.274029
0.118508
0.226506
0.124201
0.211126
0.124583
0.236331
0.116374
0.246688
0.111143
0.277807
0.113907
0.334083
0.115132
0.448637
0.108964
0.586927
0.103323
0.644195
0.102305
0.544033
0.109578
0.548272
0.117837
0.886031
0.109503
1.23312
0.100547
1.2799
0.103682
1.36994
0.101263
1.65021
0.0963141
1.7234
0.100195
1.74335
0.103882
2.13213
0.100055
2.29521
0.11184
2.47499
0.109158
3.79482
0.0993643
3.63703
0.103132
3.74042
0.0989861
3.33169
0.0960726
3.17088
0.105509
4.8034
0.102901
6.95257
0.0963376
6.03504
0.100195
6.50826
0.0991165
8.03727
0.0987658
9.41493
0.0987695
9.86485
0.0996002
9.90511
0.097469
10.592
0.0935189
10.5166
0.0921634
8.12429
0.0938447
7.09105
0.096293
8.94255
0.0972242
10.2176
0.0973283
9.47847
0.0987454
11.2393
0.096344
14.5695
0.0933897
17.233
0.0920184
19.0019
0.0918272
15.8801
0.0958723
12.1721
0.102207
16.9375
0.102288
24.082
0.100071
37.6396
0.098805
62.6387
0.0977472
103.698
0.0910403
130.429
0.0888007
115.826
0.0907208
94.1094
0.0910538
92.5592
0.0898334
88.6217
0.0933901
92.0039
0.0925408
85.7595
0.0950313
97.8944
0.107367
204.545
0.0884013
248.712
0.0858863
214.977
0.0876042
180.695
0.0905365
203.128
0.0918407
228.108
0.0874305
196.847
0.0866552
167.011
0.090762
149.095
0.0934491
180.791
0.0906329
183.456
0.0847723
159.883
0.0856226
156.55
0.0936749
192.626
0.0903224
239.252
0.0886713
233.815
0.0889081
240.464
0.0825423
237.377
0.0843209
209.618
0.0906275
215.526
0.0854523
239.695
0.0892012
232.255
0.0922712
230.142
0.0834091
217.543
0.0928182
169.866
0.0928464
141.851
0.09341
92.8021
0.0850038
73.017
0.0857916
51.8702
0.0880347
53.8508
0.0818103
73.4748
0.082562
81.2184
0.0816865
97.131
0.0805595
120.291
0.082965
105.051
0.0836119
88.0167
0.0845508
75.4939
0.0900724
42.5973
0.0879944
27.2347
0.0871329
22.2102
0.0917866
14.0249
0.0825412
12.1291
0.078137
13.6543
0.0804199
15.9547
0.0778462
19.6111
0.0760584
23.9903
0.0771407
25.0314
0.0788617
22.5042
0.07668
21.4902
0.0754695
20.923
0.0760912
26.1968
0.0754785
35.0126
0.0767595
37.7573
0.0821033
33.998
0.0788163
36.607
0.0755418
48.618
0.0752587
52.4743
0.0837959
30.8824
0.079683
24.1548
0.0771626
22.3229
0.08945
13.4956
0.0782252
10.6015
0.0797133
9.27745
0.0739013
10.6242
0.0734809
10.9564
0.0794051
7.76381
0.0740699
6.4446
0.0737479
5.07772
0.0759398
4.30955
0.0707572
4.98882
0.0705176
5.63312
0.0726346
4.93187
0.0726147
3.6935
0.0749933
2.50559
0.0784211
1.71445
0.0803513
1.23115
0.074587
1.45334
0.0731328
1.25119
0.0768927
1.09052
0.0694217
1.54844
0.0679321
1.5058
0.0692129
1.23834
0.0709774
1.31244
0.0720867
1.21976
0.0710969
0.832269
0.0719975
0.569124
0.0701341
0.534768
0.0686352
0.655059
0.0729704
0.617907
0.073352
0.507178
0.0743678
0.36561
0.0746844
0.342512
0.0676369
0.458759
0.0673004
0.515429
0.074659
0.324871
0.0752559
0.250055
0.0733051
0.263515
0.0719547
0.287936
0.0701507
0.310403
0.0763183
0.198911
0.0863915
0.148793
0.0755139
0.193607
0.0695222
0.249175
0.0700801
0.216772
0.0783306
0.141319
0.0818673
0.121472
0.0784847
0.135428
0.0744262
0.166107
0.0744998
0.151269
0.0787756
0.128205
0.0815351
0.119855
0.0864394
0.111563
0.0818098
0.106155
0.0939888
0.088709
0.165425
0.0700474
0.198434
0.0701447
0.223018
0.0704068
0.313465
0.0672216
0.407564
0.0667913
0.372173
0.0678011
0.325096
0.0675449
0.336497
0.0662867
0.281378
0.0712843
0.234372
0.073343
0.246312
0.0676555
0.23743
0.0697109
0.280915
0.0684156
0.314466
0.0644756
0.250848
0.0657853
0.188704
0.0690787
0.157636
0.0699024
0.153746
0.073795
0.156599
0.0775408
0.195873
0.0701817
0.210196
0.0660695
0.218434
0.0693485
0.213726
0.0808274
0.311651
0.0650781
0.429733
0.0631703
0.474629
0.0673487
0.585987
0.0644523
0.652635
0.0603383
0.514001
0.0602666
0.372805
0.0629777
0.292425
0.0623053
0.293423
0.0617577
0.270584
0.073174
0.342032
0.0676912
0.523224
0.0608421
0.399579
0.065335
0.350381
0.0645519
0.403829
0.0625795
0.486598
0.0642439
0.618232
0.0623852
0.585745
0.0616845
0.556148
0.0607154
0.543008
0.0611796
0.533443
0.0655049
0.673122
0.0635789
0.936172
0.0597486
0.865271
0.0632971
0.903072
0.0616378
1.29265
0.056742
1.39952
0.0609351
1.67426
0.0632623
3.04147
0.0580988
4.18358
0.0642666
6.90161
0.0586571
8.7786
0.0559206
5.78735
0.0637975
6.08938
0.0581554
7.81022
0.0549458
6.27007
0.0602352
6.58159
0.0617197
9.9399
0.0619265
15.1762
0.0618435
18.1785
0.060953
23.939
0.056282
27.5905
0.0542276
25.9238
0.0551431
27.9891
0.0558592
26.549
0.0548135
24.748
0.0548844
24.2331
0.0547447
28.3175
0.0522669
33.4137
0.0515404
27.6887
0.0571396
24.7872
0.0613455
44.852
0.0569845
59.7901
0.0551185
66.6218
0.0512372
54.2944
0.0520893
51.2396
0.0537619
63.4715
0.0533556
64.9689
0.0533463
50.7395
0.0523663
54.1922
0.0519453
46.4639
0.0523749
47.0239
0.052838
51.3963
0.054423
62.2562
0.0515189
68.8842
0.0511628
59.2815
0.052561
60.016
0.0500846
65.4311
0.0491175
75.8797
0.0503818
85.4926
0.0498914
84.1798
0.0492782
87.8655
0.0529508
100.5
0.0526674
124.963
0.0483914
138.847
0.0475518
127.649
0.0517329
124.076
0.0566438
120.163
0.0499393
130.554
0.047402
138.31
0.0476384
129.53
0.0485479
137.097
0.0487566
134.04
0.0486059
121.959
0.0466017
120.571
0.0463464
130.477
0.0469268
133.029
0.0478645
121.313
0.050748
77.8198
0.052111
43.2085
0.0485499
31.0039
0.0453646
33.7977
0.0437905
38.657
0.0458085
33.4141
0.0507549
27.9383
0.0476203
25.7698
0.0454316
24.8525
0.0431834
30.9054
0.0427627
40.6416
0.0448235
43.6706
0.0472248
37.0862
0.0453937
28.0465
0.0489767
18.5922
0.0461321
19.9498
0.0440546
24.5512
0.044191
30.7749
0.0428746
36.7767
0.0427443
41.8507
0.0456085
34.4469
0.046638
29.3838
0.0450894
28.1307
0.0440446
28.1772
0.0431261
30.2959
0.0427023
29.907
0.045233
19.0238
0.0495537
10.1929
0.0461946
6.97583
0.044048
5.94505
0.0431114
6.23271
0.0457478
4.42763
0.0419351
3.5196
0.0401126
3.83611
0.0428327
3.36491
0.0429112
2.93586
0.0403636
3.61009
0.0424315
2.99555
0.0450756
2.01864
0.047084
1.61055
0.0412206
1.88403
0.042222
1.48851
0.0440719
1.47007
0.0392599
2.09756
0.0398956
1.96693
0.0397772
1.88041
0.0383276
1.95748
0.039458
1.71437
0.0416446
1.38126
0.0393
1.57149
0.0400229
1.46645
0.0415692
1.09758
0.0392917
1.13016
0.0387815
1.38779
0.0395161
1.25349
0.0399959
1.07271
0.0398053
1.05447
0.0412544
0.93934
0.042068
0.854063
0.0393546
0.688073
0.0388733
0.521315
0.0388753
0.513132
0.0380115
0.620953
0.0376784
0.844822
0.0409913
0.601508
0.0456684
0.371993
0.0385005
0.520152
0.0396603
0.364802
0.0420931
0.24082
0.0377314
0.289772
0.0372367
0.367813
0.0386558
0.355088
0.0386125
0.282352
0.0424552
0.157822
0.0396359
0.119388
0.0393012
0.0856014
0.0493338
0.0523682
0.0653265
0.0450329
0.0860612
0.0426554
0.078989
0.043409
0.0726471
0.0425971
0.0737675
0.0428959
0.0671221
0.0449722
0.0694658
0.0426394
0.073807
0.0423573
0.0737981
0.0437105
0.0829286
0.041939
0.0734639
0.045724
0.073872
0.0424326
0.0830536
0.0385113
0.0879225
0.0390987
0.106967
0.038091
0.0985516
0.0384121
0.0914142
0.039431
0.131008
0.0361898
0.159023
0.0347922
0.13847
0.0353055
0.133823
0.0359718
0.130271
0.0356028
0.114264
0.0363954
0.128753
0.0380634
0.166838
0.0351918
0.159723
0.0352179
0.159457
0.0342833
0.182939
0.0332548
0.207688
0.0364502
0.254302
0.0385125
0.461374
0.0337331
0.541264
0.0328166
0.450894
0.0328665
0.413794
0.0335611
0.389671
0.0320814
0.329279
0.0314582
0.270925
0.0356849
0.324671
0.0360918
0.516674
0.0324134
0.591824
0.0313291
0.568432
0.0301927
0.459826
0.0305205
0.365986
0.0314165
0.343162
0.0311494
0.363287
0.0324531
0.417893
0.0333834
0.544366
0.030511
0.514221
0.0302542
0.444068
0.0302885
0.379929
0.0298465
0.396519
0.0308158
0.431454
0.0335806
0.464622
0.0313323
0.542783
0.0301283
0.461361
0.0317794
0.541417
0.0314756
0.835154
0.0315936
1.18582
0.0308379
1.29533
0.0292434
0.819741
0.0294276
0.792813
0.031297
1.04089
0.0300431
1.27257
0.0289239
1.50176
0.0325071
2.32094
0.0329398
4.84771
0.0311153
6.60394
0.0346265
10.0759
0.0297392
9.79195
0.0302515
10.5064
0.0297239
13.0352
0.0289482
12.8781
0.0296524
10.7076
0.029971
13.8149
0.0294702
17.3354
0.0320953
20.9746
0.0330361
32.576
0.029122
32.9762
0.0278812
28.642
0.0290641
23.7058
0.0300208
24.6176
0.0296211
23.7898
0.0299571
28.4939
0.0290262
29.7604
0.0296165
30.5205
0.0288195
39.9897
0.0276141
45.9919
0.0277057
45.0459
0.0289273
43.8392
0.0283746
52.6497
0.0282906
62.0571
0.0283523
61.3153
0.0268521
57.9098
0.0266082
58.3545
0.0273146
60.9687
0.0258994
52.1559
0.0251605
43.2689
0.0260636
39.6845
0.0266952
43.7035
0.0281815
54.5505
0.0270881
62.1095
0.0256339
62.0579
0.0273362
68.7308
0.026278
74.4541
0.0278437
62.7658
0.0296641
75.8203
0.0245109
81.3706
0.0246816
73.7025
0.026189
71.7726
0.0256568
75.4132
0.025769
68.4004
0.0260455
60.0283
0.0248565
57.8142
0.0243058
51.9195
0.0273454
29.6683
0.0275817
22.3872
0.0240303
27.0355
0.0240167
29.8057
0.0252009
28.0112
0.0238773
29.8557
0.022936
29.0382
0.0234576
22.8987
0.024519
17.4318
0.0243007
18.704
0.0238316
21.2808
0.0230718
25.301
0.0238444
24.1683
0.0246152
25.4439
0.0236078
28.772
0.0244907
21.4065
0.0247466
17.0093
0.0237001
14.0267
0.0224531
13.9456
0.0223249
16.5475
0.0233897
17.662
0.0236374
13.1733
0.0241653
8.79683
0.023592
8.16206
0.0222595
8.40929
0.0214956
9.82548
0.0231478
6.46035
0.0264185
3.59899
0.0212501
4.58241
0.0220306
3.82357
0.0239206
2.92873
0.0212421
3.38955
0.0222364
2.62212
0.0214211
2.25021
0.0203646
2.77697
0.0208794
3.60766
0.0218203
2.93929
0.0232383
2.60584
0.0228326
2.30389
0.0233466
1.36419
0.0227013
0.910812
0.0217835
0.728714
0.0220086
0.64458
0.0215711
0.539054
0.0213192
0.471871
0.0217461
0.342679
0.0217203
0.290045
0.0201596
0.35524
0.0199194
0.433816
0.0202617
0.509773
0.0199914
0.523548
0.0200987
0.613577
0.0201811
0.71946
0.0196614
0.824559
0.0194726
0.912841
0.0198926
0.916057
0.0207879
0.945819
0.0206062
0.798768
0.0212656
0.547479
0.021601
0.485057
0.0209281
0.567916
0.0202794
0.595344
0.020187
0.579219
0.0242135
0.368813
0.0211311
0.387253
0.0201041
0.357517
0.0217788
0.227202
0.0210467
0.184695
0.0201334
0.237193
0.0198605
0.274541
0.0203509
0.223694
0.0205897
0.180124
0.0198092
0.158707
0.0196483
0.129067
0.0206542
0.084753
0.0222281
0.0555883
0.0235213
0.0393943
0.0275392
0.0312324
0.0265904
0.033312
0.0234269
0.0321376
0.0249895
0.0278906
0.0298857
0.0253359
0.0315101
0.0294331
0.0259891
0.0325077
0.0247531
0.0317786
0.0247438
0.0319315
0.0244097
0.0313309
0.0246636
0.0331725
0.0261326
0.028879
0.0288887
0.0258107
0.0315448
0.0243065
0.0348319
0.0231444
0.0393075
0.0237991
0.041317
0.021759
0.0393386
0.0207637
0.0412293
0.0223922
0.0490003
0.0221052
0.0573854
0.0197972
0.0612263
0.0203139
0.074272
0.0203579
0.0793177
0.0211787
0.0911787
0.0222564
0.154344
0.0184003
0.143935
0.0182534
0.11545
0.0198686
0.119285
0.019315
0.150798
0.0184541
0.128031
0.0190066
0.107281
0.0188933
0.0874318
0.020333
0.0793251
0.0206397
0.121869
0.0182488
0.124223
0.0187015
0.0921978
0.0192351
0.0941167
0.0216542
0.157315
0.0195856
0.263517
0.017363
0.216677
0.0172948
0.152156
0.0182808
0.159774
0.0185111
0.165851
0.0188721
0.19348
0.0193887
0.284166
0.0175595
0.275732
0.0176071
0.237528
0.0191313
0.282244
0.0180043
0.359465
0.0179221
0.444433
0.0178258
0.56739
0.0175247
0.660849
0.0180757
0.527845
0.0178211
0.442497
0.0189304
0.513613
0.018555
0.564183
0.0170313
0.494893
0.0176589
0.400591
0.019579
0.603728
0.019303
0.932683
0.0197857
1.48149
0.0184824
2.15614
0.0191977
2.58976
0.0178165
2.44124
0.0170612
2.40036
0.0169645
2.57059
0.0171289
2.87175
0.0170484
2.70896
0.0173939
2.3708
0.0178612
2.29892
0.0168299
2.21866
0.0166787
2.58689
0.0169732
3.32881
0.0176792
3.80439
0.0199501
6.07218
0.0174279
6.6988
0.0167767
6.32018
0.016875
5.36581
0.0165835
4.53315
0.0165213
5.05719
0.0167916
4.36613
0.0173159
5.13412
0.0166412
6.2937
0.0166421
7.68297
0.016538
10.8819
0.016539
13.3393
0.0166645
14.8531
0.0161974
17.066
0.0151103
16.5638
0.0147487
14.7339
0.0152809
13.776
0.0164153
17.9111
0.0162578
22.2581
0.0149656
23.6445
0.0143513
23.9744
0.0145483
22.5273
0.0163492
25.0709
0.016873
34.7024
0.0154938
40.2798
0.0142856
39.067
0.014243
29.2554
0.0151209
28.4395
0.0150808
36.4756
0.0148295
39.099
0.0153243
39.0897
0.0149936
40.9551
0.0142425
41.8721
0.0146024
41.0495
0.0148499
41.6029
0.013966
43.6613
0.0137303
42.4921
0.0143223
40.1602
0.0146768
39.2531
0.0143059
37.6178
0.0155799
26.6207
0.015196
20.351
0.0139832
17.8792
0.0139484
19.0611
0.0135458
22.5221
0.0137041
21.763
0.0135764
20.0755
0.0132103
17.3599
0.0135257
15.6601
0.0133991
18.7057
0.0130138
25.8484
0.0134095
25.691
0.0132742
25.0764
0.0127068
30.0944
0.0129676
31.674
0.0138644
29.3117
0.0128882
28.8159
0.0129427
24.9673
0.0148138
15.2984
0.0134066
9.85194
0.014735
4.82804
0.0137742
3.99192
0.0126757
3.64241
0.0126656
3.36815
0.0127635
3.37958
0.013313
2.59343
0.0133093
2.14986
0.0124071
2.4976
0.0120396
2.73664
0.0119749
3.24474
0.0123882
3.94464
0.0124821
3.50288
0.0122831
3.63644
0.012153
4.80821
0.0129034
3.78387
0.0127787
2.76968
0.0123794
2.37341
0.0140452
1.48928
0.01258
1.29857
0.0117312
1.11225
0.0124074
0.777527
0.013048
0.679681
0.0118428
0.649618
0.0117973
0.56311
0.012114
0.544859
0.0115821
0.606008
0.0114494
0.593311
0.0114147
0.636969
0.0109625
0.810734
0.0109946
0.940285
0.0121824
0.790223
0.0117877
0.674825
0.0117397
0.506911
0.0117174
0.430442
0.0114365
0.42179
0.011786
0.406977
0.0109764
0.38217
0.0115827
0.315254
0.0132551
0.249948
0.0113541
0.184032
0.0109231
0.150636
0.0109053
0.166508
0.012257
0.127685
0.011344
0.106751
0.0105178
0.122297
0.0107467
0.132878
0.0109383
0.11426
0.0109686
0.0943224
0.0116863
0.0816083
0.0109933
0.0697025
0.0109124
0.0524823
0.0108764
0.0497209
0.0103498
0.052046
0.0105129
0.0491765
0.011265
0.0568013
0.0111113
0.0448394
0.0120419
0.0224335
0.0137381
0.0156125
0.0141653
0.0188464
0.0119996
0.0231281
0.0115095
0.0190477
0.012018
0.0166778
0.0119818
0.0174383
0.0121586
0.0172855
0.0133445
0.0157778
0.0128388
0.0166652
0.0123733
0.0179474
0.0129481
0.0150441
0.0139824
0.013592
0.0144717
0.0151047
0.012249
0.0160326
0.0120722
0.0153427
0.0134168
0.0152295
0.0137501
0.0145577
0.0184639
0.010959
0.0211617
0.0114125
0.0311248
0.0101032
0.0486914
0.00931719
0.0392306
0.00992519
0.0330043
0.0101418
0.0391474
0.00982466
0.0376582
0.00995356
0.0308658
0.00993361
0.0288708
0.0101407
0.0262915
0.0101153
0.0268546
0.0101557
0.0288763
0.010205
0.0324282
0.0100102
0.0390145
0.00965697
0.0416197
0.00964047
0.0424657
0.00913994
0.04546
0.0090386
0.0485262
0.00935014
0.0517866
0.0105668
0.081802
0.00974605
0.12179
0.00932367
0.121904
0.00906639
0.145298
0.00876269
0.160813
0.00884056
0.131292
0.0096777
0.140027
0.00909987
0.171551
0.00849853
0.15726
0.00858177
0.16036
0.0088913
0.188107
0.00884253
0.204152
0.0094733
0.231217
0.00905496
0.247269
0.00823048
0.172037
0.00853762
0.18465
0.00874372
0.211925
0.0090127
0.262089
0.00898447
0.396992
0.00846094
0.367865
0.00965723
0.582792
0.00907544
1.21045
0.00882613
1.59639
0.00874695
1.74093
0.00874339
1.74935
0.00845665
2.03107
0.00820834
2.56415
0.00823857
2.90947
0.00802767
2.59659
0.00783874
2.0093
0.00788574
1.43759
0.00805489
1.50121
0.00814576
1.78467
0.00845676
1.94528
0.00822909
1.71008
0.00799647
1.25426
0.00826768
1.25551
0.00831934
1.26955
0.00956022
1.61066
0.00847888
2.43627
0.00785562
2.39028
0.00804644
2.42213
0.00835874
2.79886
0.00853317
3.47708
0.00815772
3.69297
0.00787156
3.55995
0.00791941
3.45582
0.00817604
3.18271
0.00799621
2.91936
0.00785316
2.80965
0.00816682
3.17771
0.00820756
4.01742
0.00782721
3.74636
0.00782938
3.23399
0.00808839
3.91577
0.00826461
4.38693
0.00901997
7.10069
0.00845341
11.9687
0.00834965
13.9282
0.00821772
15.7374
0.00827061
16.9277
0.00810312
16.4406
0.00747949
14.0814
0.00771922
12.0792
0.00874009
16.668
0.00795227
20.6574
0.00771294
18.9981
0.00766305
18.3012
0.00768081
19.7402
0.00765832
21.1319
0.00743337
20.9486
0.0077946
19.3774
0.00816474
20.2772
0.00741104
21.4479
0.00748203
22.4366
0.00761195
21.7368
0.0079358
15.3273
0.00880448
10.3524
0.00758784
11.2943
0.00739544
13.2532
0.0073411
12.1786
0.0075663
10.387
0.00764705
11.0916
0.00774348
9.63609
0.00783444
8.64704
0.00750464
10.2183
0.00726796
11.237
0.00720653
11.5401
0.00731311
12.6746
0.00725463
12.8126
0.0074552
10.2998
0.00776807
7.35838
0.00739025
7.19076
0.00734307
8.12601
0.00698346
7.95229
0.00766271
4.48106
0.00815229
2.98162
0.00695496
2.59591
0.00721342
1.87035
0.00723158
1.37206
0.00700595
1.09678
0.00691241
0.955726
0.00711281
0.77555
0.00726347
0.717018
0.00674701
0.746396
0.00705273
0.623604
0.00713683
0.583987
0.00672545
0.72998
0.00666033
0.971682
0.00663229
1.0913
0.00658359
1.18376
0.00661824
1.18669
0.00677651
1.24399
0.00672534
1.11765
0.00694621
0.764679
0.00707752
0.665273
0.00706678
0.456711
0.00741192
0.350475
0.00656343
0.359361
0.00676587
0.249264
0.00643801
0.223548
0.00610618
0.280632
0.006074
0.359098
0.00619064
0.350441
0.00619407
0.325007
0.00610991
0.409813
0.00647203
0.350316
0.00679971
0.27834
0.00630096
0.255421
0.00667898
0.215631
0.00620817
0.260627
0.00593941
0.239377
0.00613947
0.20778
0.00609014
0.273428
0.00650101
0.213487
0.00709847
0.126346
0.00629107
0.126083
0.0065175
0.115681
0.00646002
0.0848743
0.00609874
0.0721987
0.00606428
0.0635166
0.00648375
0.0616602
0.00605779
0.058574
0.00639485
0.0390805
0.00617216
0.0361558
0.00571638
0.0380658
0.00581478
0.0334172
0.00582276
0.0326877
0.00564294
0.0371799
0.00575207
0.0342834
0.00599652
0.0304943
0.00575736
0.0313497
0.00588684
0.0261474
0.00669794
0.0177462
0.0063792
0.0142834
0.00691642
0.0116377
0.00727027
0.0114836
0.00662069
0.0109082
0.00642665
0.00986381
0.00678773
0.00952925
0.00711867
0.0101505
0.00662774
0.0105401
0.00614875
0.0105375
0.00613754
0.0100897
0.00676622
0.00872471
0.0077404
0.00748888
0.00870903
0.00680842
0.00911819
0.00698483
0.00857784
0.00725847
0.00902951
0.00638252
0.0102645
0.00633339
0.00998704
0.00660833
0.00861642
0.00650246
0.0091924
0.00647848
0.0125521
0.00590639
0.0154404
0.00642251
0.0234782
0.00537913
0.0277296
0.00524995
0.0313696
0.00517539
0.0306138
0.00507028
0.0198731
0.00526948
0.0175235
0.00549957
0.0180756
0.00549603
0.0147242
0.0054937
0.0138341
0.00530652
0.0137315
0.0053234
0.0128322
0.00544529
0.0127067
0.00547588
0.0114353
0.00561746
0.0117938
0.0055662
0.0157525
0.0056708
0.0166613
0.00576958
0.0252631
0.00530975
0.0423598
0.00545466
0.0639833
0.00508113
0.0715407
0.00506757
0.0735539
0.00528141
0.0835483
0.00517448
0.117713
0.00508508
0.168229
0.0049391
0.177095
0.00486366
0.18926
0.00486648
0.234236
0.00468696
0.182095
0.0047023
0.11563
0.00502814
0.11256
0.00493944
0.131787
0.00501097
0.143972
0.00510739
0.142218
0.0047459
0.145586
0.00473588
0.135612
0.0052275
0.178739
0.00542582
0.350585
0.00521323
0.479447
0.00512465
0.608406
0.00483865
0.574085
0.00467453
0.463135
0.00502799
0.594438
0.00520895
1.03143
0.00469436
1.1523
0.00456815
0.996599
0.00450902
0.760685
0.00447261
0.640935
0.00456438
0.629582
0.00496998
0.688049
0.00504979
0.770753
0.00471801
0.849701
0.00488555
1.09695
0.00463961
1.098
0.00442306
0.748187
0.00470413
0.617235
0.00506444
0.990461
0.00511608
1.89619
0.00461183
1.96674
0.0046908
1.99291
0.00456171
2.29008
0.00437266
2.27824
0.00490734
3.09137
0.00458723
3.68978
0.00427074
3.05584
0.00431372
2.45764
0.00436628
2.33963
0.00489498
3.55169
0.00455961
4.77776
0.00418278
3.57589
0.00428996
3.29294
0.00434293
4.01243
0.00434662
5.08363
0.00491194
6.48429
0.00485451
8.81545
0.00438101
9.78537
0.00422046
8.01304
0.00421158
6.68206
0.0044189
6.62743
0.00432995
5.82612
0.00410768
5.13665
0.0040382
4.3207
0.00413302
3.55593
0.00430771
4.04078
0.00451268
5.25352
0.004331
5.60018
0.00423556
5.38091
0.00447072
6.70496
0.00432982
8.09471
0.00408112
6.83628
0.00412827
6.83629
0.0040174
7.82909
0.00398567
8.57812
0.00455175
10.2099
0.00460329
10.6417
0.00418235
9.70236
0.00407893
10.9401
0.00394502
12.0368
0.00395393
11.8598
0.00407575
11.1462
0.00407582
10.579
0.00397362
11.8767
0.00394681
12.0555
0.00403003
11.3443
0.00406707
10.7787
0.00391259
9.95111
0.00401582
8.48723
0.00400544
7.95665
0.00416148
6.59862
0.00433052
4.28259
0.00425098
2.58146
0.00411287
2.61876
0.00384551
2.35504
0.00399375
1.72346
0.00382176
1.67066
0.00387334
1.31854
0.00417658
0.906727
0.00371522
1.12627
0.00362733
1.52012
0.00373295
1.31494
0.00380384
0.997833
0.00407288
0.777895
0.00381759
0.803505
0.00365886
0.843668
0.00371229
0.862266
0.00368522
1.01809
0.00374003
1.12427
0.00367637
0.913309
0.00369367
0.772
0.00382088
0.752359
0.003609
0.788171
0.00345816
0.999429
0.00349092
0.922543
0.00399582
0.460554
0.00392904
0.334714
0.00368495
0.32062
0.00347231
0.30631
0.00336137
0.306037
0.00344124
0.284385
0.0037445
0.214651
0.00355872
0.184255
0.00355397
0.148564
0.00375362
0.132564
0.00341095
0.143666
0.00337371
0.154986
0.00364127
0.13676
0.00349699
0.143124
0.00330903
0.154021
0.00341169
0.143336
0.00344557
0.18442
0.00340227
0.187783
0.00368094
0.143438
0.00386159
0.109155
0.00360855
0.0755659
0.00340288
0.0542605
0.00353078
0.0372637
0.00352761
0.0276987
0.00341844
0.0208992
0.00341154
0.0154614
0.00353321
0.0140174
0.00364859
0.0131705
0.00362704
0.0102578
0.00354806
0.00988588
0.00339097
0.01116
0.00335755
0.0134009
0.00334727
0.0148683
0.00328437
0.0131442
0.00327559
0.0124857
0.00326799
0.0123166
0.0032246
0.0126215
0.00323211
0.0144542
0.00348771
0.0130221
0.00373357
0.00924605
0.00375651
0.00717176
0.00354123
0.00964468
0.00317343
0.0111864
0.00336953
0.00968722
0.0034251
0.00896138
0.00319125
0.00878012
0.00339468
0.00807014
0.00341102
0.00820267
0.00317355
0.00952013
0.00322456
0.0101556
0.00346462
0.00798388
0.0034371
0.00654089
0.00361805
0.00665197
0.00354165
0.00669294
0.00354755
0.00552549
0.00409604
0.00437794
0.00600206
0.003597
0.00651612
0.00373123
0.0064558
0.00350548
0.00845826
0.00327979
0.0101262
0.00318163
0.0128976
0.00299514
0.0130336
0.00318645
0.00961161
0.00342588
0.0109557
0.00314058
0.0130282
0.00312196
0.0141212
0.00296516
0.0130361
0.00302673
0.0121142
0.00302835
0.0146556
0.00290204
0.0161697
0.00307948
0.0156177
0.00298424
0.016335
0.00280218
0.0137941
0.00290287
0.0115108
0.00320115
0.0117339
0.00308567
0.0145815
0.0029298
0.0179908
0.00333561
0.0271902
0.00303243
0.0359471
0.00287875
0.0419767
0.00281149
0.0462822
0.00277982
0.047102
0.00313071
0.06862
0.00280766
0.0685905
0.00265213
0.0567112
0.00266449
0.0539722
0.00264035
0.0412893
0.00272034
0.0287093
0.00296298
0.033538
0.00283242
0.0404204
0.00274683
0.0348507
0.0028035
0.0340993
0.00295854
0.0497078
0.00273048
0.0619493
0.00275631
0.0677897
0.00303183
0.119008
0.00298992
0.2385
0.00286317
0.447181
0.0026578
0.516642
0.00271173
0.521359
0.002666
0.573907
0.00270242
0.544201
0.00271443
0.527319
0.00258351
0.51793
0.00256093
0.515203
0.00251451
0.489911
0.00246299
0.446611
0.00249166
0.350946
0.00263276
0.264076
0.00273831
0.290713
0.00262837
0.279141
0.00264861
0.271372
0.00266531
0.295844
0.00263217
0.34028
0.0025393
0.428545
0.00250891
0.43209
0.00288185
0.476458
0.00279602
0.747906
0.00247469
0.765015
0.00259927
0.879651
0.00262163
0.978247
0.00249409
0.949115
0.00251591
1.14799
0.00252069
1.52985
0.00245669
1.76156
0.00235821
1.41652
0.00236854
1.00252
0.00250649
0.983471
0.00248999
1.14074
0.00255908
1.22536
0.00270172
1.61018
0.00246628
1.84446
0.00287042
2.91164
0.00247219
3.06774
0.00232891
2.70987
0.00232388
1.98184
0.00236841
1.78028
0.00247576
2.03209
0.00252714
2.52064
0.00243846
3.10426
0.00234614
3.23341
0.00230647
2.94019
0.00227464
2.65465
0.00236431
2.9706
0.00231003
3.7066
0.00219783
3.28469
0.00228442
2.71503
0.00242523
3.78032
0.00228985
4.40713
0.00225863
4.40028
0.00222113
4.30185
0.00233862
4.51318
0.00237233
4.83688
0.00231017
5.17393
0.00231094
6.2064
0.00222905
6.50568
0.00234483
6.05756
0.00248168
5.90824
0.00239618
5.61095
0.00223048
4.89183
0.00237112
3.49301
0.00231176
3.76065
0.00215171
4.13068
0.00215773
4.63826
0.00209047
4.90404
0.00208825
4.13244
0.00214787
3.27405
0.002121
3.06494
0.00214268
2.82983
0.00232945
2.3371
0.00220312
2.43325
0.00215091
1.84468
0.00249015
0.894989
0.00229615
0.876745
0.00210492
1.05298
0.00212053
0.852016
0.00211289
0.604817
0.00211922
0.582773
0.00206265
0.832091
0.0020228
1.03178
0.00213116
0.904419
0.00207802
1.0421
0.00203741
1.065
0.00223625
0.719967
0.00202467
0.758256
0.00198813
0.769048
0.00198811
0.783154
0.00192871
0.871737
0.0020041
0.816772
0.00208036
0.723449
0.00195111
0.704524
0.00195538
0.692122
0.00193135
0.779161
0.0020106
0.663178
0.00230279
0.424436
0.00211584
0.324225
0.00201572
0.340629
0.00191215
0.376035
0.00212532
0.254351
0.00201881
0.255718
0.00184327
0.286746
0.00198406
0.257861
0.00210746
0.22789
0.0019314
0.268472
0.00207058
0.224469
0.00196686
0.23004
0.00186548
0.294466
0.00189939
0.258958
0.00194434
0.27569
0.00193424
0.283153
0.00203042
0.175863
0.00208468
0.0971034
0.00213755
0.0666117
0.00183332
0.0788063
0.00175192
0.102617
0.00196005
0.0641798
0.00202263
0.042465
0.00184349
0.0339779
0.00186997
0.0290453
0.00184193
0.0308406
0.00185575
0.0334085
0.00190298
0.0335094
0.0019657
0.0210358
0.00195926
0.0153637
0.00183009
0.0136671
0.00192466
0.0117921
0.00187582
0.0165442
0.00180084
0.0173549
0.00187713
0.0133223
0.0018503
0.0131434
0.0018217
0.0150676
0.00184278
0.0133681
0.0018472
0.0120835
0.00187195
0.00866179
0.00194354
0.00590807
0.00197087
0.00541489
0.00203772
0.004364
0.00221416
0.0030335
0.0024871
0.00246584
0.00240596
0.00237713
0.00246053
0.00239605
0.00259901
0.00256777
0.00230026
0.00281957
0.00220884
0.00287386
0.00229297
0.00264722
0.00215848
0.0027197
0.00202564
0.00310507
0.00194078
0.00368205
0.00222876
0.00291668
0.00258092
0.00242833
0.00257689
0.0022749
0.0032049
0.00214881
0.0028525
0.00229996
0.00234049
0.00231872
0.00237253
0.00225559
0.00254479
0.00230083
0.00237208
0.00234704
0.00246554
0.00212671
0.00273716
0.00199549
0.00262061
0.00208482
0.00256417
0.00220954
0.00270491
0.00206904
0.00280974
0.00197826
0.00303526
0.00189343
0.00413513
0.00171282
0.00484149
0.00174645
0.00360506
0.00180294
0.00354841
0.00171559
0.00376479
0.00178463
0.00304693
0.0018881
0.00274427
0.00181981
0.00302906
0.00192137
0.00407362
0.00176448
0.00549714
0.00172359
0.00587454
0.00188031
0.00771428
0.00162915
0.00776213
0.00162398
0.00900304
0.00170772
0.0126443
0.00162319
0.0138686
0.00151893
0.0128737
0.00151551
0.0134585
0.00154758
0.0159263
0.00156258
0.0153149
0.00174283
0.0173984
0.00165088
0.0312942
0.00170118
0.0498427
0.00163174
0.0651307
0.00164611
0.0919534
0.00150547
0.0872737
0.00144363
0.0624576
0.00149514
0.0680964
0.00149528
0.0741165
0.00152934
0.0783496
0.00154948
0.0884551
0.00156186
0.0896697
0.00157256
0.10336
0.00148966
0.115489
0.00152373
0.125527
0.00149669
0.110343
0.00149714
0.0888825
0.00156019
0.101938
0.00151593
0.120039
0.00153559
0.118624
0.00142791
0.113137
0.00137909
0.114229
0.00143108
0.113067
0.00154349
0.133513
0.00147754
0.179497
0.00153662
0.23747
0.00155011
0.326752
0.00146179
0.371896
0.00141255
0.258873
0.00141599
0.241297
0.00145095
0.305345
0.00161908
0.530629
0.00161499
0.95803
0.00149736
1.02528
0.00140083
1.03675
0.00136617
0.914473
0.00139706
0.632774
0.00154574
0.602186
0.0016398
0.90036
0.00155636
1.24253
0.00143681
1.20549
0.00148982
1.38517
0.00146885
1.94737
0.00133599
2.13449
0.00132841
1.94194
0.00139681
1.40912
0.00144819
1.62237
0.00144076
2.03379
0.00142392
1.79716
0.00141344
1.76563
0.00140199
1.95197
0.00135207
1.86557
0.00133886
1.46249
0.00136718
1.24195
0.00134273
1.35485
0.00134578
1.45608
0.00140741
1.66188
0.00139512
1.4969
0.00148734
1.87253
0.0013469
2.20925
0.00137548
2.08925
0.00146176
2.4364
0.00131311
1.97454
0.00130131
1.70656
0.00133306
1.98321
0.00134043
1.98146
0.00135672
2.03376
0.00140525
2.78162
0.00137279
3.21715
0.00134035
3.39103
0.00139395
3.44373
0.00148314
2.76389
0.00135113
2.77802
0.0013038
2.81376
0.00130531
2.80473
0.00129633
2.39441
0.00136359
1.90119
0.00129221
2.03965
0.00134047
1.39578
0.00145942
0.807078
0.00124401
0.622779
0.00124717
0.5316
0.00121276
0.659508
0.00118282
1.04741
0.00121671
1.12064
0.00128176
0.779427
0.00127286
0.51712
0.00128039
0.341569
0.00125082
0.302932
0.00120559
0.318872
0.0012204
0.300247
0.00123585
0.296368
0.00126688
0.250489
0.00120254
0.239367
0.00113864
0.294669
0.00115292
0.326906
0.0011589
0.365516
0.00114458
0.346798
0.00121269
0.274989
0.00123004
0.260672
0.00117377
0.208984
0.00122079
0.165679
0.00114339
0.202169
0.00108927
0.234142
0.00111046
0.247114
0.00113684
0.242514
0.00111754
0.265005
0.0012256
0.193726
0.0012278
0.153101
0.00120882
0.125248
0.00120012
0.114104
0.00107174
0.125195
0.00111871
0.102011
0.00112081
0.0794667
0.00106603
0.0695387
0.00111705
0.0598101
0.00112785
0.042954
0.00127417
0.0254257
0.00109844
0.0264558
0.00105003
0.0237421
0.00106749
0.0245221
0.00103307
0.0324025
0.00107207
0.0292863
0.00108575
0.026102
0.00100672
0.0257174
0.00100834
0.0238743
0.001026
0.0246007
0.00100654
0.0230586
0.00113072
0.013353
0.0010958
0.0172847
0.000987579
0.0223935
0.000990575
0.0219625
0.00103404
0.0219104
0.00102024
0.0254209
0.00096714
0.0305315
0.00095211
0.0300921
0.0010067
0.0225741
0.00103763
0.0217654
0.00100511
0.0238682
0.00104862
0.0211444
0.00103092
0.0165273
0.00106856
0.0110827
0.000986169
0.0118456
0.00102096
0.00857055
0.00119349
0.00464135
0.000960896
0.00475179
0.000977833
0.00469192
0.00105018
0.00432692
0.00102985
0.00471771
0.000976336
0.00431914
0.000983086
0.00383112
0.00102554
0.00371534
0.00110854
0.00282747
0.00119562
0.00219031
0.00102944
0.00287782
0.000992729
0.00345644
0.00107771
0.00286228
0.00102714
0.00271938
0.00103383
0.00219172
0.00108287
0.00187344
0.00117138
0.00150377
0.00134428
0.00134367
0.00131659
0.00144636
0.0013057
0.00130353
0.00151631
0.00116365
0.00158887
0.00123293
0.00134951
0.00134715
0.00139686
0.00118598
0.00157668
0.00120627
0.00142203
0.00128293
0.00146493
0.00112601
0.00179046
0.00107703
0.0022618
0.00100959
0.00245331
0.000977327
0.00268062
0.00101801
0.00356978
0.000971269
0.00401743
0.000987941
0.00362025
0.000977804
0.00347652
0.000936307
0.00386552
0.000926576
0.00432069
0.000961846
0.00434548
0.00107037
0.00657965
0.000969557
0.0108071
0.000891735
0.0108225
0.000875319
0.00766319
0.000910704
0.0072964
0.000921551
0.00992784
0.000897298
0.0132049
0.000942231
0.0193569
0.000902481
0.0233622
0.000886309
0.022519
0.00100936
0.0317858
0.000951408
0.0503787
0.000843665
0.0450888
0.000837177
0.0406627
0.000895123
0.0411658
0.000885931
0.0398595
0.000908885
0.0430707
0.000935369
0.0659288
0.000856338
0.0704127
0.000872536
0.0569706
0.00084315
0.0449833
0.000842363
0.0379236
0.000906036
0.0538557
0.000878786
0.0724917
0.000862467
0.0637449
0.000859244
0.0652164
0.000837381
0.0804692
0.000830424
0.105515
0.000837238
0.119177
0.000842306
0.094039
0.000831282
0.0945296
0.00083576
0.0999657
0.000813203
0.0972352
0.000799877
0.100925
0.00082008
0.11755
0.000870431
0.148526
0.000933595
0.239972
0.00083951
0.290516
0.000936997
0.491646
0.000816112
0.675564
0.000784805
0.592956
0.000827998
0.47064
0.000780748
0.432949
0.000752585
0.285365
0.000773411
0.203161
0.00080271
0.207067
0.000865221
0.237035
0.000938003
0.389714
0.000774277
0.345858
0.000793782
0.346895
0.000842065
0.438364
0.000782625
0.373889
0.000769888
0.354354
0.0007744
0.374462
0.000846805
0.461958
0.000861178
0.736567
0.000774063
0.839699
0.000769879
0.821822
0.000760187
0.664755
0.000743002
0.472605
0.000756862
0.365823
0.000796354
0.383643
0.000863866
0.608022
0.000807295
0.757328
0.000736539
0.575108
0.000756057
0.495619
0.00082624
0.526435
0.000788125
0.470162
0.0007883
0.410663
0.000798204
0.526155
0.000850555
0.735897
0.000885342
1.0413
0.000792748
1.18538
0.000786882
1.4389
0.000812671
1.70812
0.000800044
1.67881
0.000769475
1.60462
0.00083902
1.90931
0.000813564
2.26696
0.000791507
2.22339
0.000800167
2.26155
0.000777149
2.34376
0.000789891
2.26866
0.000814618
2.03289
0.000846391
1.56112
0.000836968
1.05092
0.000887532
0.699233
0.000779465
0.715171
0.000782132
0.721867
0.000793554
0.838459
0.000760813
0.785416
0.000776885
0.777036
0.000754883
1.03408
0.000744737
1.38566
0.000798729
1.17469
0.000782653
0.914213
0.000775052
0.658126
0.000796015
0.513402
0.00074854
0.51856
0.000803595
0.430365
0.000784939
0.386545
0.000749471
0.392621
0.000759731
0.422267
0.000729808
0.432066
0.000735563
0.467759
0.000785541
0.406318
0.000797812
0.333673
0.000776138
0.31233
0.00079921
0.244167
0.000796129
0.190009
0.000848225
0.102241
0.00080505
0.0742007
0.000752288
0.0714388
0.000748349
0.0622697
0.000758538
0.0578281
0.000803633
0.0611395
0.000741307
0.0638941
0.000729902
0.0685613
0.000735228
0.0917205
0.000707948
0.116243
0.000716222
0.0982936
0.00074413
0.0848695
0.000741098
0.0932653
0.000773631
0.0680999
0.000837706
0.0385503
0.000768368
0.0324023
0.000718893
0.0323192
0.000723514
0.0355196
0.000713364
0.0358929
0.000699256
0.0294422
0.000710624
0.0250446
0.000716134
0.0272046
0.000715818
0.0261853
0.000759493
0.0210152
0.000736508
0.0191313
0.000707218
0.0190785
0.000694072
0.0222279
0.000704785
0.0194324
0.000686693
0.0175784
0.000659867
0.0227411
0.0006926
0.0203076
0.000733303
0.0164482
0.000694054
0.0176413
0.000731613
0.0146522
0.000689913
0.0183527
0.000673093
0.0146849
0.000770407
0.00653366
0.000731997
0.0044683
0.000671566
0.00369603
0.000725185
0.00245037
0.000727776
0.00179895
0.000725073
0.00142326
0.000737174
0.00133069
0.000699717
0.00192985
0.000645466
0.00235326
0.000641618
0.0019548
0.00065273
0.001693
0.000694088
0.00139008
0.000727193
0.00136728
0.000690806
0.00172442
0.000687366
0.00143884
0.000771484
0.00105208
0.000965346
0.000807696
0.000985394
0.000843898
0.000832299
0.000903946
0.00082801
0.000941356
0.000763958
0.00123566
0.000652435
0.00140062
0.000643644
0.0014826
0.000661516
0.0013975
0.000709444
0.00109481
0.000708938
0.00110563
0.000684683
0.0011323
0.00067619
0.00109938
0.000714607
0.00105567
0.000770064
0.000914862
0.00071161
0.000958177
0.000730346
0.000869209
0.000821772
0.000771816
0.000871814
0.000837565
0.000927571
0.000709139
0.00101598
0.000684706
0.00181979
0.000608993
0.00323416
0.000606489
0.00424753
0.000550252
0.00467967
0.000542724
0.00523666
0.000565932
0.006868
0.000534233
0.00637112
0.000522183
0.00474967
0.000557134
0.00431528
0.000575316
0.00493376
0.000545941
0.00410107
0.000525842
0.00366513
0.000551005
0.0043756
0.000565548
0.00644829
0.000511502
0.00554797
0.000515468
0.0046226
0.000518096
0.00577851
0.000569775
0.00862469
0.000585782
0.0139264
0.00050396
0.0123164
0.000531372
0.0117814
0.000518217
0.0151804
0.000527809
0.0199964
0.000534803
0.0242901
0.00050435
0.0260837
0.000503391
0.0272301
0.000517564
0.0231298
0.000535586
0.0323843
0.000507426
0.0395471
0.000533981
0.0455485
0.00049352
0.0505999
0.000468666
0.0449477
0.000495618
0.0482783
0.000521756
0.051669
0.000515667
0.0485373
0.000496502
0.0515831
0.000488806
0.0656902
0.000516753
0.0975145
0.000530158
0.113263
0.000551158
0.178716
0.000469597
0.19287
0.000472396
0.190178
0.000499751
0.196119
0.000488946
0.186823
0.00047514
0.207491
0.000481793
0.237234
0.000515336
0.342634
0.000489967
0.431317
0.000478847
0.443344
0.00046143
0.407512
0.000464295
0.382335
0.000463815
0.377937
0.000456682
0.379619
0.000474675
0.422218
0.00047283
0.460539
0.000449692
0.39703
0.00046787
0.378107
0.000571812
0.692124
0.000463447
0.604786
0.000456599
0.509312
0.00046354
0.583161
0.000457011
0.597186
0.000455154
0.586658
0.000463694
0.549834
0.00045699
0.439199
0.000444793
0.415687
0.000453561
0.431267
0.000449693
0.432095
0.00044909
0.393598
0.00049435
0.421871
0.000480692
0.554775
0.000471601
0.719395
0.000497412
0.952608
0.000508631
1.14842
0.000479497
1.30176
0.000438421
1.31093
0.000425248
1.24949
0.000436353
1.26484
0.000454058
1.30833
0.000448292
1.30466
0.000442394
1.30053
0.000432198
1.2996
0.000437144
1.17183
0.000468066
1.11828
0.00045439
1.09644
0.000471334
1.22018
0.000445513
1.22463
0.000434713
1.02961
0.00046377
1.08567
0.00048706
1.26023
0.000446768
1.36405
0.000446954
1.25132
0.000484985
1.15238
0.000467322
1.10407
0.000500726
0.700074
0.000475533
0.488006
0.000450806
0.453879
0.000436978
0.492227
0.0004205
0.488028
0.000428522
0.416165
0.000463135
0.303119
0.000446831
0.27691
0.000440269
0.312566
0.000457134
0.251022
0.000475178
0.176533
0.000444469
0.202994
0.000440314
0.213635
0.000463021
0.200149
0.000464469
0.169424
0.000481599
0.138986
0.000481724
0.103989
0.000484856
0.0805768
0.00043633
0.0914178
0.000421393
0.10589
0.000427155
0.114169
0.000451707
0.0872335
0.000461692
0.0589491
0.000446825
0.0415231
0.000454202
0.0367824
0.000444436
0.0370337
0.000444328
0.0322859
0.00043757
0.0317123
0.00045838
0.0279644
0.000441917
0.0277549
0.000419235
0.0242017
0.000435636
0.0170494
0.000444433
0.0143735
0.000433817
0.0161204
0.000424378
0.0166995
0.000412631
0.0213078
0.000408306
0.0247669
0.000406263
0.025338
0.000439647
0.0203514
0.000496254
0.0144036
0.000434783
0.0122593
0.000428387
0.0165001
0.000404494
0.0209143
0.0004036
0.0172499
0.000430183
0.0122282
0.000404975
0.0126427
0.000392215
0.0153798
0.000411152
0.014684
0.000437874
0.0151422
0.000408757
0.0144999
0.000436406
0.00831111
0.000478504
0.00440837
0.00044275
0.00337987
0.000414011
0.00371799
0.000426567
0.00297561
0.000437544
0.00206105
0.000416147
0.00160312
0.000459997
0.00129991
0.00043448
0.00146179
0.000407845
0.00170094
0.000396509
0.00206393
0.000391722
0.00229202
0.000393417
0.00247348
0.000416532
0.00292005
0.000440271
0.00234193
0.000411123
0.0018098
0.000441663
0.00116027
0.000431507
0.000958312
0.000405628
0.00103121
0.000407424
0.00141872
0.000400555
0.00161258
0.00039627
0.00147612
0.000416724
0.00143233
0.00041869
0.00159734
0.000400703
0.00144735
0.000474663
0.000802007
0.000495747
0.000628412
0.000498082
0.000674823
0.000482644
0.000706852
0.000468374
0.000713261
0.000451815
0.000749512
0.000449211
0.000787552
0.000470112
0.00067658
0.000493956
0.000567785
0.00062885
0.00045674
0.000684034
0.000449489
0.000649133
0.000540517
0.000776642
0.000463147
0.000928936
0.000437622
0.000924093
0.000424643
0.00115741
0.000416109
0.00132292
0.00040016
0.0013082
0.00039
0.00133631
0.000394246
0.00143434
0.00039986
0.00166158
0.000404699
0.00232527
0.000372306
0.00259442
0.000378041
0.0023101
0.000373074
0.00249822
0.000362981
0.00241192
0.000389383
0.0028982
0.000367709
0.00342567
0.000359077
0.00306529
0.000365327
0.003067
0.000355023
0.00320389
0.000356007
0.00272608
0.000368752
0.00250651
0.000362306
0.00318053
0.00035052
0.00378249
0.000365771
0.00460501
0.000368335
0.00676772
0.000348565
0.00668246
0.000350898
0.0049292
0.000349428
0.00485407
0.000405441
0.00777423
0.000354232
0.0131675
0.000327767
0.0124881
0.000351352
0.0119775
0.000356175
0.0145844
0.00034162
0.0171048
0.000325387
0.0150825
0.000321757
0.0110155
0.00032947
0.0115751
0.000335038
0.013381
0.000393001
0.0251242
0.000337886
0.0348161
0.000338237
0.0312824
0.000334134
0.034967
0.000325083
0.0373269
0.000350191
0.0500958
0.00033732
0.0734027
0.000336507
0.104895
0.000313224
0.114171
0.00030384
0.0917334
0.000311712
0.0771517
0.000325936
0.0745951
0.000338767
0.0791272
0.000324489
0.0800453
0.000327161
0.0717885
0.000335346
0.0889496
0.000315596
0.111157
0.000313704
0.136013
0.000308735
0.141836
0.000309988
0.141908
0.000300803
0.124648
0.000286633
0.0839558
0.000284058
0.0684726
0.000287303
0.0612667
0.000298676
0.0456576
0.000320173
0.0514706
0.000338817
0.0826738
0.000329199
0.114658
0.000301874
0.123284
0.000295416
0.131795
0.000287948
0.148708
0.000282414
0.138302
0.000295759
0.122556
0.000304491
0.125358
0.00032199
0.173222
0.000320769
0.298758
0.000319615
0.438745
0.000318579
0.524185
0.000293238
0.44632
0.000301339
0.565702
0.000291722
0.637869
0.000289843
0.528779
0.000296084
0.525634
0.000292723
0.574889
0.000296105
0.612774
0.000291325
0.697282
0.000305119
0.792129
0.000299493
0.849831
0.000281195
0.874028
0.00028067
0.822933
0.000287618
0.849812
0.000274967
0.882389
0.000265423
0.828367
0.000262311
0.65743
0.000268562
0.594736
0.000284287
0.709722
0.000292506
0.819235
0.000279079
0.840757
0.00028567
0.780762
0.000294161
0.805857
0.000270549
0.829231
0.000283972
0.784385
0.000291545
0.768341
0.000310515
0.560095
0.000298563
0.500948
0.000272415
0.523068
0.000287492
0.48826
0.000292379
0.373628
0.000284261
0.357701
0.000270073
0.324185
0.000276879
0.270235
0.000273354
0.279904
0.000278547
0.231257
0.000316694
0.129309
0.00027685
0.0889787
0.000281888
0.0681146
0.000275571
0.067166
0.000271548
0.0642743
0.000261318
0.0656719
0.000260743
0.049076
0.00028319
0.0286206
0.000269316
0.0288438
0.000262591
0.0351427
0.000265992
0.0315323
0.000261848
0.0338721
0.000265694
0.0328598
0.000277114
0.0278292
0.000279894
0.0271998
0.000259369
0.0338415
0.000248326
0.042579
0.000252307
0.0404275
0.000279558
0.0268193
0.000264465
0.0285335
0.000248606
0.0339707
0.000260463
0.0271754
0.00025725
0.0258166
0.000247981
0.0266609
0.000246229
0.0321504
0.000246342
0.0437693
0.000248049
0.0461275
0.000264192
0.0349211
0.000281055
0.0188965
0.000284529
0.010657
0.000263701
0.00867622
0.000250695
0.00826322
0.000249334
0.00727676
0.000246818
0.00709255
0.000249014
0.00747817
0.00025311
0.00718917
0.000292816
0.00482651
0.000267628
0.0039939
0.000242415
0.00520585
0.000258868
0.00469163
0.000265889
0.0040457
0.000251997
0.00371991
0.000253352
0.00277046
0.000244244
0.00249656
0.000256109
0.00249488
0.000250902
0.00205182
0.000240515
0.00173986
0.000243789
0.00162538
0.000238069
0.00182405
0.000250309
0.00161113
0.000262061
0.00123679
0.000247687
0.0011531
0.000245506
0.000952192
0.000237541
0.00093596
0.000238621
0.00112833
0.000246014
0.00114722
0.000239963
0.00121145
0.000235792
0.00105142
0.00023347
0.0011557
0.000232992
0.00122016
0.000260873
0.000714223
0.000250853
0.000672188
0.000238203
0.000873149
0.000236015
0.00103563
0.000229559
0.00100217
0.00024157
0.000709839
0.000274901
0.000541963
0.000271926
0.000424308
0.000269758
0.000353803
0.000279246
0.000361449
0.000284502
0.000355332
0.000281823
0.000397681
0.000259464
0.000433345
0.000282464
0.000326226
0.000409515
0.000255045
0.000485961
0.000239146
0.000472166
0.000245707
0.000437581
0.00025278
0.000425944
0.000258573
0.000411453
0.000254361
0.000545326
0.000231862
0.000755866
0.000232448
0.000838057
0.000227958
0.000948044
0.000221849
0.000990139
0.000219313
0.00096721
0.000228769
0.00100161
0.000226282
0.00103121
0.000213651
0.00114132
0.000218235
0.000953868
0.000227087
0.000830757
0.000220174
0.00120793
0.000203179
0.00133254
0.000203291
0.00127822
0.000208302
0.00143167
0.000207545
0.0015929
0.00021964
0.00190707
0.000216749
0.00256434
0.000199273
0.00288484
0.000209323
0.00325469
0.000206857
0.00285712
0.000200282
0.00286756
0.000215046
0.00418668
0.000212022
0.0054128
0.000233495
0.00785001
0.000201448
0.00875257
0.00019681
0.00794944
0.000215479
0.0121578
0.000193957
0.0137752
0.000184753
0.00995545
0.000188698
0.00795978
0.000209084
0.00942557
0.000225159
0.0130021
0.000200092
0.0137687
0.000198116
0.0176001
0.000204187
0.0254937
0.000194946
0.0306547
0.000196133
0.0253969
0.000196703
0.0294527
0.000191441
0.039944
0.000201313
0.0580491
0.000200348
0.0754383
0.000187122
0.069639
0.000180446
0.0593014
0.000180651
0.0540588
0.000181468
0.0525346
0.000182384
0.0455683
0.000204522
0.0511638
0.000193844
0.0654324
0.000183116
0.0569283
0.000195193
0.0722153
0.000185626
0.0880729
0.000182375
0.0809086
0.000196087
0.0900853
0.000194038
0.120171
0.000184164
0.155357
0.000184314
0.15043
0.00018151
0.129362
0.000171833
0.103819
0.000172631
0.0644017
0.000184569
0.0636045
0.000196936
0.0933292
0.000203293
0.171974
0.000179199
0.204838
0.000174329
0.21931
0.000172579
0.232178
0.000169449
0.18888
0.000170998
0.171709
0.000182968
0.198017
0.000209494
0.359313
0.000175705
0.392337
0.000174871
0.333844
0.00017636
0.354997
0.00018401
0.435502
0.000171578
0.499412
0.000173939
0.447877
0.000193207
0.5038
0.000163992
0.529066
0.000166874
0.492083
0.000174306
0.514814
0.000162422
0.535243
0.000163842
0.489808
0.000171046
0.461592
0.000163237
0.451938
0.000163471
0.401243
0.000166342
0.355356
0.000164269
0.315102
0.000169354
0.391549
0.000164625
0.465318
0.000163302
0.46781
0.000163011
0.458149
0.000158544
0.440196
0.000161049
0.377063
0.000174523
0.381663
0.00017223
0.453779
0.000174083
0.437878
0.000185168
0.444085
0.000175581
0.379316
0.000169539
0.313872
0.000161686
0.267493
0.000165834
0.210023
0.000157291
0.244458
0.000154656
0.299149
0.00017487
0.168871
0.000178409
0.105191
0.000171829
0.0877177
0.000171863
0.0850763
0.00016607
0.0838611
0.000158792
0.0849499
0.00015724
0.0668938
0.000172489
0.0473472
0.000157718
0.0475752
0.000157489
0.0436649
0.000158809
0.042698
0.000153985
0.0348993
0.000165371
0.0222099
0.000159418
0.0186922
0.00015391
0.0228968
0.000151322
0.0236209
0.000149847
0.022508
0.000148672
0.0223189
0.000149434
0.0189149
0.000158417
0.0154456
0.000154811
0.0153463
0.000148119
0.0151715
0.000148416
0.0161463
0.000156454
0.014013
0.000157653
0.0130839
0.000151726
0.012895
0.000153684
0.00978849
0.000159892
0.00868337
0.000152406
0.010693
0.000144305
0.0127172
0.000145851
0.0148447
0.000153408
0.0142054
0.000163276
0.00940514
0.000162548
0.00601551
0.000158701
0.00416318
0.000149183
0.00436479
0.000152515
0.0036228
0.000152326
0.00270832
0.000143712
0.00349271
0.000143627
0.00403389
0.00015191
0.00232821
0.000174777
0.00112931
0.000145483
0.00099671
0.000141082
0.000972238
0.000143607
0.000908847
0.000143703
0.000818478
0.000146793
0.000678495
0.000159868
0.000454608
0.000157146
0.000381503
0.000149716
0.000413793
0.000149498
0.000563692
0.000146453
0.00060037
0.000144363
0.000565507
0.000143406
0.000697317
0.000141102
0.00067489
0.000146622
0.000500476
0.000142869
0.000496562
0.000137367
0.000626655
0.000137355
0.000790321
0.000136138
0.00083954
0.000132825
0.000916823
0.000134624
0.00104607
0.000140991
0.00123558
0.000137611
0.00121902
0.000134613
0.00104961
0.000139952
0.000821123
0.000158355
0.000462231
0.000156073
0.000371094
0.000148679
0.000383472
0.000147169
0.000367194
0.00015898
0.000277462
0.000160568
0.000249345
0.000160147
0.000264789
0.000168003
0.000228991
0.000166884
0.000216204
0.000219616
0.000170456
0.000248235
0.000171299
0.000201662
0.00017212
0.000224167
0.000153883
0.000274211
0.000147049
0.000252506
0.000161454
0.000204447
0.000167346
0.000220501
0.000151956
0.000289722
0.000151516
0.000335768
0.000140797
0.000341163
0.000136117
0.00030263
0.000140184
0.000284485
0.000138935
0.000313732
0.000137714
0.000340914
0.000140382
0.000370967
0.000133168
0.000390726
0.00013256
0.000474375
0.000139182
0.000647624
0.00012546
0.00072174
0.000119854
0.000731302
0.000124156
0.000728628
0.000137277
0.000961572
0.000128379
0.00083904
0.000130126
0.000775739
0.000133107
0.00110568
0.000123622
0.00119847
0.000121565
0.00106931
0.000130797
0.00110035
0.000131931
0.00173542
0.000126155
0.00221537
0.000136306
0.00308796
0.000138672
0.00542272
0.000122728
0.00539024
0.000118045
0.00403864
0.000121131
0.00409546
0.000122046
0.00412296
0.000142677
0.00687743
0.000129044
0.0114745
0.000118876
0.00943636
0.000123077
0.00959857
0.000122565
0.00972827
0.0001278
0.0122628
0.00012457
0.0135014
0.000124674
0.0143294
0.000120296
0.0160562
0.00011779
0.0176216
0.000117104
0.0149826
0.000116382
0.010878
0.000120003
0.0113778
0.000121293
0.0123909
0.00011906
0.0121966
0.000116001
0.0133158
0.000112877
0.0157141
0.000114624
0.0132103
0.000120593
0.0131413
0.000118491
0.0216837
0.000113883
0.0304401
0.000110933
0.0256441
0.000108484
0.0194106
0.000108009
0.0194524
0.000116968
0.0263237
0.000111598
0.0307871
0.000107935
0.0260081
0.000116698
0.0276666
0.000112944
0.03227
0.000116775
0.0399818
0.000118258
0.0586455
0.000114083
0.0742876
0.000122997
0.106251
0.00011773
0.126027
0.000111807
0.1145
0.00011113
0.158525
0.000109232
0.206185
0.000109157
0.20908
0.000118448
0.251896
0.000121596
0.300585
0.000107535
0.312389
0.000105955
0.325672
0.000104136
0.32514
0.000104072
0.326489
0.000103754
0.313085
0.000106023
0.308896
0.000106002
0.319492
0.000102483
0.32137
0.000102355
0.285075
0.000111345
0.262076
0.000110596
0.266962
0.000106417
0.240063
0.000104049
0.224139
9.88148e-05
0.249554
9.93219e-05
0.299234
0.000104311
0.301231
0.000101117
0.317712
9.66965e-05
0.318615
0.000101496
0.288152
0.00010692
0.297433
0.000102082
0.30207
0.000104527
0.281761
0.000107925
0.278444
0.00010208
0.284993
9.70289e-05
0.29787
9.59302e-05
0.299051
0.000101517
0.270799
0.000108888
0.214558
0.000112094
0.16719
9.93026e-05
0.156395
9.70495e-05
0.146278
9.66482e-05
0.157297
0.000104077
0.117563
0.00011196
0.0707726
0.000100174
0.049807
0.000107419
0.035021
0.000100293
0.0319532
9.74017e-05
0.031446
9.72348e-05
0.0311508
0.00010115
0.0275944
9.99958e-05
0.0341958
9.23301e-05
0.0354546
9.62302e-05
0.0275133
0.000102113
0.0221401
9.35754e-05
0.0201677
9.16252e-05
0.0194124
9.34313e-05
0.0220926
9.33535e-05
0.0238082
9.90891e-05
0.0180383
0.000100085
0.014392
9.05095e-05
0.0190736
8.95668e-05
0.025626
9.31336e-05
0.022185
9.32806e-05
0.0211419
9.14698e-05
0.0195151
9.63398e-05
0.01423
0.00010098
0.0100795
9.67921e-05
0.00810774
9.3889e-05
0.00761676
9.12353e-05
0.00988206
9.17913e-05
0.0116026
9.4063e-05
0.00962653
9.21458e-05
0.0123411
8.85359e-05
0.0182561
9.45708e-05
0.0123916
0.0001112
0.00717934
9.00734e-05
0.00670454
8.9349e-05
0.00710043
9.64913e-05
0.00640239
0.000102146
0.00412477
9.99575e-05
0.00286671
0.000102667
0.00238786
9.29958e-05
0.00191384
9.43985e-05
0.00139387
9.35477e-05
0.00116498
9.07054e-05
0.0010549
8.94619e-05
0.00117862
8.80959e-05
0.00154097
9.10604e-05
0.0015078
9.84666e-05
0.00103254
9.27065e-05
0.000980762
8.81652e-05
0.00103
8.78948e-05
0.00112219
9.52546e-05
0.00113025
9.86157e-05
0.00087427
9.31187e-05
0.00107736
9.1252e-05
0.00118048
9.16705e-05
0.00114856
9.11151e-05
0.001043
8.94616e-05
0.000936436
8.90161e-05
0.00101461
8.84975e-05
0.00107014
8.915e-05
0.00105217
9.13318e-05
0.00113627
9.17923e-05
0.00107484
9.19044e-05
0.000914556
9.0901e-05
0.00101177
9.29011e-05
0.000825454
9.5919e-05
0.000552927
9.10718e-05
0.000391883
9.64806e-05
0.000237788
9.96785e-05
0.000178674
0.000124453
0.000128829
0.000139677
0.000120406
0.000124546
0.000131623
0.000130565
0.000122906
0.000148996
0.000123091
0.000173942
0.000108954
0.000197669
9.90205e-05
0.000236685
0.000103122
0.000281111
9.6206e-05
0.000295464
9.02529e-05
0.000267504
9.10775e-05
0.000236628
9.14391e-05
0.000209987
9.71053e-05
0.000161052
0.000105386
0.000149314
0.000107158
0.000172787
0.000102324
0.000169121
0.000110166
0.000142442
0.000109905
0.000155347
0.000101637
0.000192014
9.79726e-05
0.000270749
9.77813e-05
0.000484289
8.52429e-05
0.000535347
8.3901e-05
0.00043904
9.05614e-05
0.000472196
9.05076e-05
0.000566885
8.58116e-05
0.000446848
9.02634e-05
0.000394342
9.24297e-05
0.000428111
9.17137e-05
0.000396773
9.11386e-05
0.000381096
8.90774e-05
0.000424148
8.96151e-05
0.000476494
8.64953e-05
0.000432141
8.48459e-05
0.000390977
8.95622e-05
0.000486968
9.64366e-05
0.000645268
9.4908e-05
0.000786389
9.24201e-05
0.00120773
8.98505e-05
0.00142993
9.04045e-05
0.0018964
8.4778e-05
0.00221378
9.92484e-05
0.003211
8.91735e-05
0.00443015
8.05185e-05
0.00440705
8.34089e-05
0.00498411
8.55282e-05
0.00544865
8.74434e-05
0.00692573
8.28781e-05
0.00824418
8.35532e-05
0.00767986
8.54698e-05
0.00760357
8.11531e-05
0.00520991
8.4658e-05
0.0054215
8.38419e-05
0.00671224
7.9279e-05
0.00489009
8.26194e-05
0.00462113
8.41939e-05
0.00489792
8.8772e-05
0.00621827
8.33653e-05
0.00647605
7.88773e-05
0.00620195
8.18263e-05
0.00792047
8.14945e-05
0.00873527
8.09376e-05
0.00716273
8.00603e-05
0.00696796
7.89555e-05
0.0071983
8.29588e-05
0.00803547
8.346e-05
0.012005
7.97323e-05
0.015382
8.13782e-05
0.0154947
8.01801e-05
0.0151608
7.75983e-05
0.0150725
8.00039e-05
0.01796
8.69188e-05
0.0312906
8.0125e-05
0.0351665
8.16137e-05
0.0273683
9.0621e-05
0.0469841
8.22647e-05
0.080104
7.65133e-05
0.0775578
7.85101e-05
0.0669353
9.03958e-05
0.101557
8.15489e-05
0.127351
8.42411e-05
0.152395
8.23542e-05
0.202077
7.73344e-05
0.200002
7.92717e-05
0.198171
7.81559e-05
0.216645
7.6679e-05
0.215822
7.76906e-05
0.217771
7.6151e-05
0.215532
8.08417e-05
0.212647
7.95526e-05
0.235061
7.35412e-05
0.236416
7.50879e-05
0.214047
8.13633e-05
0.164569
8.25021e-05
0.157271
7.77616e-05
0.178266
7.7538e-05
0.18153
7.53095e-05
0.218394
7.30883e-05
0.229839
7.475e-05
0.229525
7.53922e-05
0.22992
7.41866e-05
0.232297
7.70736e-05
0.222958
7.75836e-05
0.22667
7.52781e-05
0.229901
7.69035e-05
0.229258
7.49463e-05
0.236444
7.41811e-05
0.235149
7.3494e-05
0.240425
7.23553e-05
0.223962
8.22845e-05
0.187956
8.68417e-05
0.208199
7.53103e-05
0.202002
7.66451e-05
0.176235
7.90671e-05
0.13514
8.05772e-05
0.0904276
8.63723e-05
0.0540259
8.1751e-05
0.0505185
7.69066e-05
0.0529202
7.30866e-05
0.0730198
7.29138e-05
0.0962111
7.78616e-05
0.0776609
7.50894e-05
0.0637986
7.60457e-05
0.0514487
8.02016e-05
0.0536916
7.61377e-05
0.0486597
7.80482e-05
0.0475433
7.33839e-05
0.0509369
7.08333e-05
0.048436
7.29488e-05
0.0475925
8.20984e-05
0.0346011
7.73309e-05
0.0362097
7.33111e-05
0.0340508
7.74013e-05
0.0241651
7.69587e-05
0.0212049
7.8752e-05
0.0162753
7.65581e-05
0.0183676
7.10578e-05
0.0221567
7.00834e-05
0.0246391
7.04428e-05
0.0296721
7.18759e-05
0.035108
7.66853e-05
0.0355499
8.25479e-05
0.0293934
7.24758e-05
0.0339925
6.97457e-05
0.0335949
7.20787e-05
0.0261175
8.11314e-05
0.0150246
8.26682e-05
0.0100949
7.89314e-05
0.0100451
7.32714e-05
0.010605
7.91881e-05
0.00654745
7.80865e-05
0.00557029
7.17878e-05
0.0062976
7.98618e-05
0.00419322
8.16482e-05
0.00326139
8.17295e-05
0.00214776
7.88632e-05
0.0018054
7.35077e-05
0.00221552
7.35225e-05
0.00206315
7.91911e-05
0.00140481
7.77028e-05
0.00127736
7.44792e-05
0.0011471
7.71586e-05
0.00115153
7.1429e-05
0.00119226
7.27304e-05
0.00144197
7.42083e-05
0.00185203
7.27686e-05
0.00139269
7.8737e-05
0.000871836
7.37445e-05
0.000873376
7.43004e-05
0.000871387
7.41442e-05
0.000822379
7.05891e-05
0.00101589
7.01818e-05
0.00131209
6.98942e-05
0.0016323
7.07144e-05
0.00156627
7.25325e-05
0.00119103
7.07673e-05
0.00112006
7.04145e-05
0.00114813
7.26776e-05
0.000997939
7.49254e-05
0.000706085
7.39881e-05
0.000576624
7.1412e-05
0.000606912
7.28179e-05
0.000621773
7.3045e-05
0.000547195
8.04079e-05
0.000367994
7.97116e-05
0.000381427
7.15003e-05
0.000357781
7.30544e-05
0.000305176
7.03465e-05
0.000381054
6.96711e-05
0.000405538
7.86095e-05
0.000229924
8.48719e-05
0.000152045
7.81667e-05
0.000134843
8.04029e-05
0.000122105
8.68023e-05
0.00011412
8.88693e-05
0.00011568
8.26107e-05
0.000145995
7.24471e-05
0.000180927
7.25909e-05
0.000154532
8.10741e-05
0.000144797
7.72096e-05
0.000168995
7.68677e-05
0.000144486
8.02478e-05
0.000138037
8.27423e-05
0.000120715
9.26186e-05
0.000113441
8.8128e-05
0.000116809
8.71929e-05
0.000105019
8.3462e-05
0.000115447
7.69864e-05
0.000175847
7.4121e-05
0.00016824
7.58885e-05
0.000133856
8.04651e-05
0.000105865
0.000102645
8.52435e-05
0.000108484
9.26607e-05
0.000107947
8.62547e-05
0.000105821
8.53501e-05
0.000110195
8.28277e-05
0.000149667
7.72413e-05
0.000123845
7.92857e-05
0.000133502
7.62578e-05
0.00022741
7.43087e-05
0.000339121
7.40374e-05
0.000561192
6.81557e-05
0.000673769
7.36887e-05
0.000970449
6.68578e-05
0.0012283
6.61579e-05
0.00121713
6.6699e-05
0.00126403
6.84389e-05
0.00134199
7.31241e-05
0.0015491
7.17784e-05
0.00202003
6.88592e-05
0.00347741
6.36178e-05
0.00386686
7.06681e-05
0.00476101
6.45508e-05
0.00576836
6.38525e-05
0.00597746
6.83686e-05
0.00737277
6.39482e-05
0.00880084
6.32533e-05
0.0086565
6.65956e-05
0.00953694
6.59819e-05
0.0115517
6.11266e-05
0.00990969
5.88672e-05
0.00920634
5.93355e-05
0.00840106
6.25384e-05
0.00662074
6.15871e-05
0.00647773
5.9116e-05
0.00624645
6.03767e-05
0.00588395
6.29646e-05
0.00655512
6.02771e-05
0.00608913
5.99381e-05
0.00496258
5.93688e-05
0.00449179
5.69873e-05
0.00301201
5.72507e-05
0.00229479
5.90297e-05
0.00227131
5.8062e-05
0.00167489
6.24135e-05
0.00179454
6.50439e-05
0.00306279
6.38663e-05
0.00429927
6.35613e-05
0.00819154
5.93544e-05
0.0105032
5.9998e-05
0.00979117
5.75284e-05
0.00883873
5.87577e-05
0.0098423
5.91736e-05
0.0133131
6.29243e-05
0.0203385
6.46719e-05
0.0390058
5.68604e-05
0.0423876
5.57145e-05
0.0379302
5.62667e-05
0.0368554
5.74873e-05
0.0388361
5.71524e-05
0.0468362
5.62112e-05
0.0533626
5.63095e-05
0.0424438
5.60791e-05
0.0366708
5.49515e-05
0.0367459
5.57062e-05
0.0357943
5.67634e-05
0.0400826
5.4443e-05
0.0356188
5.31041e-05
0.0338338
5.43229e-05
0.031122
6.06215e-05
0.0436538
5.59075e-05
0.0685955
5.56386e-05
0.092696
5.46872e-05
0.12486
5.28937e-05
0.130771
5.62254e-05
0.118484
5.53226e-05
0.127055
5.6237e-05
0.139614
5.65138e-05
0.159508
5.21471e-05
0.160435
5.37479e-05
0.152164
5.48819e-05
0.157514
5.2209e-05
0.153346
5.43598e-05
0.133285
5.96693e-05
0.144896
5.63469e-05
0.1413
5.79079e-05
0.135263
5.30153e-05
0.140435
5.08758e-05
0.13123
5.58676e-05
0.1078
5.54636e-05
0.11059
5.21898e-05
0.0987208
5.25913e-05
0.0731106
5.84997e-05
0.0399694
5.69189e-05
0.0367453
5.11715e-05
0.0390314
4.88441e-05
0.045738
4.96887e-05
0.0441931
5.67513e-05
0.0310335
5.06659e-05
0.0339741
4.88711e-05
0.0310965
4.99347e-05
0.0243616
4.87881e-05
0.0231385
4.78887e-05
0.0238348
4.93635e-05
0.0250358
4.8422e-05
0.0297673
4.61882e-05
0.0435202
4.66897e-05
0.0534699
5.35905e-05
0.040151
4.85576e-05
0.0382918
4.65039e-05
0.0371205
4.7554e-05
0.034612
4.65132e-05
0.0331034
4.69632e-05
0.0278605
4.92625e-05
0.0268777
4.79173e-05
0.0259056
4.93529e-05
0.0179494
4.83808e-05
0.0176877
4.54068e-05
0.0180963
4.49784e-05
0.0168787
5.01528e-05
0.00978455
5.41076e-05
0.00602423
4.70833e-05
0.00734552
4.46297e-05
0.00984562
4.37831e-05
0.0114371
4.4976e-05
0.010964
4.76299e-05
0.01097
5.12247e-05
0.00855683
5.15368e-05
0.00592412
4.82169e-05
0.00535696
4.62527e-05
0.00492321
4.50157e-05
0.00552065
4.74284e-05
0.00524058
4.53953e-05
0.00488368
4.38985e-05
0.00562746
4.52932e-05
0.00646553
4.38624e-05
0.00727363
4.42209e-05
0.00564833
5.11487e-05
0.00298282
4.46447e-05
0.00380549
4.28351e-05
0.00498878
4.36707e-05
0.00500555
4.62095e-05
0.00343871
4.74809e-05
0.00230092
4.40208e-05
0.00284642
4.24659e-05
0.00373927
4.21607e-05
0.00388355
4.33245e-05
0.00347606
4.40486e-05
0.00367639
4.52991e-05
0.00309842
4.82585e-05
0.00248512
4.22313e-05
0.00394316
4.23382e-05
0.00429161
4.31146e-05
0.00394375
4.4814e-05
0.003086
4.73611e-05
0.00173708
4.72898e-05
0.00101896
4.60186e-05
0.000770913
4.58444e-05
0.00051846
4.5613e-05
0.000401028
4.24818e-05
0.000398958
4.40647e-05
0.000392041
4.31767e-05
0.00032008
4.33093e-05
0.000234204
4.48373e-05
0.000173032
4.76218e-05
0.000114166
5.34994e-05
8.89752e-05
4.93256e-05
8.97507e-05
4.94544e-05
8.31089e-05
4.73895e-05
9.14549e-05
4.79887e-05
9.24331e-05
5.31271e-05
8.24966e-05
4.78054e-05
9.0783e-05
4.54003e-05
9.76654e-05
4.50171e-05
0.000118258
4.30577e-05
0.000119335
4.22576e-05
0.000116423
4.35867e-05
0.000108725
4.42284e-05
0.000101406
4.4342e-05
0.000107953
4.63393e-05
0.000104502
4.3706e-05
9.59139e-05
4.45404e-05
0.000104347
4.65303e-05
9.38717e-05
4.55411e-05
7.46202e-05
4.76774e-05
6.98943e-05
4.63684e-05
8.72873e-05
4.3803e-05
0.000105237
4.43538e-05
9.65853e-05
4.42829e-05
9.28812e-05
4.53541e-05
7.75778e-05
4.64733e-05
6.6292e-05
5.81924e-05
5.46523e-05
8.17538e-05
4.91968e-05
6.71424e-05
5.18464e-05
6.00811e-05
5.5301e-05
6.18765e-05
5.38812e-05
7.03178e-05
4.96578e-05
6.04844e-05
5.12511e-05
6.60308e-05
4.5947e-05
9.38881e-05
4.35943e-05
0.000113278
4.9091e-05
0.00019689
3.98526e-05
0.000202105
3.9985e-05
0.000203526
4.03896e-05
0.000256517
4.20546e-05
0.000365851
4.07503e-05
0.000532685
3.93565e-05
0.000567503
4.17351e-05
0.000667296
4.08857e-05
0.000833662
4.05463e-05
0.000961576
4.28822e-05
0.00122545
3.86415e-05
0.0010967
3.78933e-05
0.00081464
3.84941e-05
0.000641513
3.80074e-05
0.000517186
3.80421e-05
0.000376437
4.05359e-05
0.000348211
3.95544e-05
0.000399974
3.83842e-05
0.000378093
3.99737e-05
0.000492801
3.79635e-05
0.000621382
3.79717e-05
0.000553232
4.05114e-05
0.000513311
4.1764e-05
0.00071417
4.0416e-05
0.000933648
3.77527e-05
0.000748945
3.85754e-05
0.000701771
4.37224e-05
0.00103352
4.19145e-05
0.00143328
4.24428e-05
0.00233114
3.90628e-05
0.00260736
3.95343e-05
0.00228848
4.24778e-05
0.00332245
3.81429e-05
0.00415167
3.74105e-05
0.0029003
3.9363e-05
0.00308097
3.8109e-05
0.00394526
3.96014e-05
0.00321056
4.46684e-05
0.00457806
4.02918e-05
0.00627532
3.94522e-05
0.00902377
3.64725e-05
0.010622
3.77716e-05
0.0109688
4.16358e-05
0.0151602
3.75203e-05
0.0186993
3.74224e-05
0.0164779
3.94509e-05
0.0171731
3.90898e-05
0.025618
3.82496e-05
0.0285662
3.83177e-05
0.0308344
3.68299e-05
0.0300985
3.89405e-05
0.0374254
3.76721e-05
0.0439718
3.59402e-05
0.0411066
3.68487e-05
0.0461273
3.77756e-05
0.0496226
3.68105e-05
0.0406592
3.66421e-05
0.0322767
3.73135e-05
0.03466
3.71551e-05
0.0340433
3.60702e-05
0.0252095
3.63632e-05
0.024706
3.62575e-05
0.0277708
3.5337e-05
0.027851
4.01131e-05
0.0349158
4.2035e-05
0.0625985
3.69897e-05
0.0603723
3.69422e-05
0.0622162
3.67733e-05
0.06608
3.79848e-05
0.0798407
3.65539e-05
0.0784948
3.57485e-05
0.0614843
3.65918e-05
0.0596074
4.03438e-05
0.0769511
4.15673e-05
0.102019
3.83357e-05
0.103626
3.98103e-05
0.0989775
3.81598e-05
0.0977392
3.83863e-05
0.0978089
3.71089e-05
0.100199
3.73072e-05
0.0987858
3.80599e-05
0.099964
3.60554e-05
0.112672
3.50455e-05
0.115173
3.50894e-05
0.112779
3.6803e-05
0.105801
3.80745e-05
0.10241
3.72872e-05
0.102212
3.69953e-05
0.104821
3.57241e-05
0.103533
3.51858e-05
0.0976783
3.64931e-05
0.0777087
3.93888e-05
0.0680797
3.51356e-05
0.0790155
3.6073e-05
0.0702087
3.63757e-05
0.0604643
3.4247e-05
0.0592606
3.70475e-05
0.0473029
3.8868e-05
0.0454558
3.5568e-05
0.0407782
3.65061e-05
0.0320198
3.72052e-05
0.0327699
4.01477e-05
0.0233486
3.75459e-05
0.0172683
3.63239e-05
0.0144506
3.7203e-05
0.0134316
3.60372e-05
0.0132645
3.45979e-05
0.0151681
3.32147e-05
0.0166399
3.40529e-05
0.0140808
3.8108e-05
0.00860758
3.56288e-05
0.00638252
3.49829e-05
0.00519958
3.68433e-05
0.00330383
3.96639e-05
0.00171982
3.61291e-05
0.00174241
3.40145e-05
0.00191258
3.40858e-05
0.0018735
3.24931e-05
0.0026043
3.15008e-05
0.00375784
3.31571e-05
0.00290708
3.78218e-05
0.00173714
3.37833e-05
0.00200915
3.39668e-05
0.00235634
3.31627e-05
0.00302156
3.21658e-05
0.00329958
3.21024e-05
0.00349288
3.14207e-05
0.00534018
3.14572e-05
0.00669097
3.22706e-05
0.00698083
3.18026e-05
0.00724512
3.20254e-05
0.00658398
3.34621e-05
0.00636255
3.30665e-05
0.00585157
3.41747e-05
0.00500729
3.35678e-05
0.00436143
3.33736e-05
0.00275988
3.63353e-05
0.00144323
3.59615e-05
0.00102136
3.30163e-05
0.00103751
3.17992e-05
0.00109412
3.1385e-05
0.00108054
3.19544e-05
0.00107451
3.17686e-05
0.00132218
3.06989e-05
0.00153855
3.40353e-05
0.0011778
3.44566e-05
0.00129904
3.17555e-05
0.00115674
3.52555e-05
0.000752401
3.57673e-05
0.00053122
3.34403e-05
0.000512973
3.23835e-05
0.000472245
3.28456e-05
0.000430722
3.10641e-05
0.000418735
3.13596e-05
0.000366487
3.10609e-05
0.000389966
3.04768e-05
0.000487698
3.0646e-05
0.000522582
3.066e-05
0.000445123
3.03718e-05
0.000417572
3.07417e-05
0.000392732
3.03922e-05
0.00041328
3.05878e-05
0.000441985
3.08999e-05
0.000397018
3.09174e-05
0.000306349
3.11698e-05
0.000263868
3.17948e-05
0.00027154
3.29359e-05
0.000233085
3.09624e-05
0.000220805
3.15942e-05
0.0002524
2.98912e-05
0.000335299
2.89241e-05
0.000366211
3.24962e-05
0.00023619
3.41923e-05
0.000124283
3.41961e-05
8.09682e-05
3.38096e-05
7.01209e-05
3.49666e-05
5.88057e-05
3.57138e-05
6.85338e-05
3.52716e-05
5.87258e-05
3.65239e-05
4.6026e-05
4.13075e-05
3.96399e-05
5.34751e-05
3.46834e-05
5.84613e-05
3.34894e-05
7.13294e-05
3.28729e-05
8.39426e-05
3.37648e-05
8.25312e-05
3.54125e-05
0.000147446
3.18028e-05
0.000218144
3.20526e-05
0.000213455
3.08681e-05
0.000222419
2.89828e-05
0.000179753
3.12635e-05
0.000178703
3.13747e-05
0.000218356
2.95178e-05
0.000182197
2.98167e-05
0.000196956
2.95497e-05
0.000206365
3.13093e-05
0.000206446
3.07965e-05
0.000244889
3.05717e-05
0.000307033
2.99144e-05
0.000389661
2.96199e-05
0.000500894
2.98576e-05
0.000670271
2.87378e-05
0.000575197
3.08613e-05
0.000620266
3.03376e-05
0.000872106
2.91418e-05
0.000869772
2.94552e-05
0.000816364
2.8388e-05
0.000873914
2.88899e-05
0.000848226
2.97726e-05
0.000821118
2.83554e-05
0.000812143
2.90733e-05
0.000630667
3.19569e-05
0.000729971
3.2019e-05
0.000965949
3.15974e-05
0.00127378
2.80773e-05
0.00119907
2.73062e-05
0.000981305
2.79156e-05
0.000838111
2.96018e-05
0.000828664
2.96915e-05
0.000867356
2.99741e-05
0.00137022
3.02215e-05
0.00267013
2.85824e-05
0.00370602
3.00294e-05
0.00468081
3.27227e-05
0.00729206
3.00027e-05
0.00960289
2.88981e-05
0.0106597
2.75234e-05
0.0100009
2.68226e-05
0.00723126
2.71394e-05
0.0059162
2.73245e-05
0.00597091
2.86031e-05
0.00698263
2.86339e-05
0.00913536
2.67322e-05
0.00760453
2.64007e-05
0.00473135
2.74629e-05
0.00366354
2.88356e-05
0.00419774
2.93968e-05
0.00616835
2.74825e-05
0.00721173
2.74198e-05
0.00601732
2.82936e-05
0.00556702
2.72196e-05
0.00589666
2.72898e-05
0.00629074
2.68315e-05
0.00701698
2.74931e-05
0.0084815
2.90418e-05
0.0107329
2.85673e-05
0.0139286
2.84104e-05
0.0222469
2.80344e-05
0.0254766
3.07358e-05
0.0319957
2.88034e-05
0.0493864
2.86734e-05
0.0676779
2.55022e-05
0.0668708
2.49822e-05
0.0451678
2.62407e-05
0.0359127
2.60304e-05
0.0345835
2.57171e-05
0.0258412
2.9929e-05
0.0316948
2.74458e-05
0.0446407
2.89917e-05
0.0510343
2.89865e-05
0.0689532
2.58059e-05
0.0737568
2.53217e-05
0.0709419
2.53173e-05
0.0703343
2.53952e-05
0.062404
2.61165e-05
0.0603495
2.6063e-05
0.069753
2.46065e-05
0.0672424
2.60538e-05
0.0671187
2.79372e-05
0.0720095
2.56023e-05
0.0733077
2.61147e-05
0.0732614
2.4717e-05
0.0752262
2.47052e-05
0.0740946
2.61736e-05
0.0732681
2.57469e-05
0.0735372
2.51349e-05
0.0743214
2.47734e-05
0.0759818
2.51974e-05
0.0733946
2.49535e-05
0.0741745
2.53768e-05
0.0721548
2.54244e-05
0.0724233
2.57177e-05
0.0701099
2.58762e-05
0.0684431
2.54234e-05
0.0575119
2.82349e-05
0.0412782
2.65458e-05
0.0394106
2.62455e-05
0.0331536
2.47755e-05
0.0283161
2.63814e-05
0.0200007
2.58857e-05
0.0151803
2.49837e-05
0.0142487
2.45695e-05
0.0155756
2.55424e-05
0.0106951
2.58365e-05
0.0079627
2.38166e-05
0.00744451
2.7156e-05
0.00346572
2.70465e-05
0.00273583
2.35347e-05
0.00412081
2.46808e-05
0.003939
2.52096e-05
0.00301747
2.50486e-05
0.00247351
2.456e-05
0.00236707
2.34737e-05
0.00321234
2.25817e-05
0.00404373
2.27076e-05
0.00427972
2.36547e-05
0.00416288
2.46677e-05
0.00294514
2.44889e-05
0.00225932
2.27748e-05
0.00295223
2.22095e-05
0.00403431
2.23624e-05
0.00451152
2.26974e-05
0.00454561
2.22383e-05
0.00528572
2.21196e-05
0.00625052
2.21704e-05
0.00672392
2.2599e-05
0.00795582
2.51914e-05
0.00574841
2.44132e-05
0.00433892
2.26361e-05
0.00494829
2.43701e-05
0.00470388
2.69743e-05
0.002471
2.31717e-05
0.00227327
2.27305e-05
0.00269158
2.32056e-05
0.00304228
2.22282e-05
0.0031088
2.25443e-05
0.00268653
2.44417e-05
0.00210067
2.4034e-05
0.00167639
2.48446e-05
0.00112849
2.55329e-05
0.000653355
2.38086e-05
0.000589109
2.31211e-05
0.00067445
2.24735e-05
0.000629055
2.35615e-05
0.000469084
2.417e-05
0.000337884
2.22836e-05
0.000331054
2.19712e-05
0.00037158
2.14764e-05
0.000384878
2.1099e-05
0.000440104
2.14454e-05
0.000512667
2.22339e-05
0.000465327
2.23815e-05
0.000559389
2.27247e-05
0.000581005
2.3141e-05
0.000412529
2.30314e-05
0.00031819
2.17894e-05
0.000362185
2.18533e-05
0.000366845
2.21848e-05
0.000275732
2.20538e-05
0.000275625
2.10804e-05
0.000340956
2.01807e-05
0.000436774
2.01815e-05
0.000659807
2.09259e-05
0.00060657
2.22564e-05
0.000333778
2.36705e-05
0.000228704
2.15445e-05
0.000217858
2.40128e-05
0.000134043
2.32119e-05
9.97254e-05
2.34498e-05
6.1785e-05
2.22146e-05
4.98397e-05
2.23103e-05
5.12575e-05
2.2275e-05
8.0483e-05
2.08656e-05
8.27905e-05
2.35187e-05
5.02366e-05
2.71999e-05
4.13682e-05
2.3904e-05
4.62352e-05
2.29342e-05
4.37382e-05
2.35705e-05
3.64942e-05
2.58272e-05
3.78763e-05
2.4798e-05
3.7854e-05
2.48212e-05
3.17569e-05
2.77492e-05
2.71248e-05
3.37482e-05
2.41548e-05
3.40022e-05
2.65065e-05
2.84809e-05
2.82672e-05
3.25068e-05
2.40876e-05
3.41379e-05
2.36017e-05
3.71794e-05
2.22663e-05
4.91956e-05
2.11037e-05
4.47753e-05
2.33464e-05
3.90304e-05
2.19533e-05
4.40804e-05
2.13207e-05
5.50633e-05
2.04128e-05
6.10411e-05
2.08909e-05
6.2637e-05
2.11534e-05
5.3461e-05
2.02899e-05
5.38698e-05
2.05231e-05
6.15874e-05
1.9806e-05
6.89746e-05
1.98031e-05
8.21793e-05
1.90509e-05
7.34946e-05
1.96133e-05
7.59068e-05
2.12017e-05
0.000120925
1.97687e-05
0.000145809
2.04686e-05
0.0001674
2.07944e-05
0.000256317
1.89917e-05
0.000329656
1.86396e-05
0.000356426
1.91024e-05
0.000413702
1.84641e-05
0.000458339
1.81428e-05
0.000426426
2.11514e-05
0.000613884
2.01038e-05
0.00115073
1.76999e-05
0.00103835
1.88203e-05
0.00115592
1.86682e-05
0.000986415
1.77903e-05
0.000743559
1.85586e-05
0.000734195
1.93194e-05
0.000855767
1.90065e-05
0.000970933
1.90122e-05
0.000995115
1.90981e-05
0.00122671
1.79551e-05
0.00122905
1.83066e-05
0.00108846
1.86617e-05
0.00113167
1.8364e-05
0.00122133
1.84503e-05
0.0015845
1.75873e-05
0.00180649
1.73782e-05
0.00156723
1.81617e-05
0.00137001
1.83998e-05
0.00160029
1.88865e-05
0.0023132
1.8743e-05
0.00295633
1.83798e-05
0.00302976
1.84831e-05
0.00307696
1.74508e-05
0.00271702
1.72981e-05
0.00251059
1.85499e-05
0.00269019
1.7976e-05
0.002631
1.79783e-05
0.00203423
1.99461e-05
0.00293893
1.82035e-05
0.0028723
2.03638e-05
0.00384454
1.88462e-05
0.0057124
1.84021e-05
0.00744383
1.8921e-05
0.0104756
1.83348e-05
0.0113192
1.84628e-05
0.0130578
1.73952e-05
0.0128398
1.83605e-05
0.0137027
2.06364e-05
0.0240437
1.86839e-05
0.0356217
1.80622e-05
0.0440634
1.77084e-05
0.044646
1.74686e-05
0.0380587
1.70734e-05
0.0406836
1.70386e-05
0.0459959
1.6784e-05
0.0466215
1.64647e-05
0.0412068
1.68672e-05
0.034684
1.73317e-05
0.0268771
1.70031e-05
0.0229853
1.6947e-05
0.0244865
1.76178e-05
0.0283147
1.71263e-05
0.0298555
1.65701e-05
0.0267735
1.67377e-05
0.0197191
1.72672e-05
0.0184559
1.67082e-05
0.0202307
1.62588e-05
0.0167788
1.74646e-05
0.0156819
1.88223e-05
0.0226985
1.78146e-05
0.0275441
1.71821e-05
0.0337079
1.66273e-05
0.0372418
1.82718e-05
0.0416871
1.94241e-05
0.0465013
1.86616e-05
0.0494122
1.75973e-05
0.0490519
1.80675e-05
0.0465285
1.80135e-05
0.0475635
1.69669e-05
0.0512355
1.69841e-05
0.0493964
1.96644e-05
0.0406886
1.84705e-05
0.0372573
1.75637e-05
0.0285892
1.74741e-05
0.0284322
1.6681e-05
0.0316237
1.74386e-05
0.0273316
1.75288e-05
0.020829
1.77111e-05
0.0158494
1.68177e-05
0.0175252
1.64846e-05
0.0205249
1.72251e-05
0.0159196
1.77823e-05
0.0116028
1.71111e-05
0.0112783
1.70512e-05
0.0111321
1.73642e-05
0.00911809
1.71195e-05
0.00730615
1.71115e-05
0.00695774
1.6655e-05
0.0080993
1.6355e-05
0.00784819
1.66437e-05
0.00674153
1.61394e-05
0.0081594
1.60556e-05
0.0112402
1.63043e-05
0.0115815
1.60873e-05
0.0119805
1.72369e-05
0.00945978
1.7434e-05
0.00843968
1.592e-05
0.00791918
1.57141e-05
0.00639715
1.64545e-05
0.00529833
1.70784e-05
0.0042982
1.66994e-05
0.00310822
1.657e-05
0.00341287
1.6339e-05
0.00291641
1.84566e-05
0.00132537
1.66499e-05
0.000876444
1.57314e-05
0.000661737
1.60885e-05
0.000496746
1.62901e-05
0.00039738
1.6124e-05
0.000324691
1.75604e-05
0.000237451
1.75266e-05
0.000204346
1.57568e-05
0.000212584
1.50712e-05
0.000275371
1.51723e-05
0.000348251
1.56207e-05
0.000393843
1.4911e-05
0.000407103
1.44683e-05
0.000418853
1.51437e-05
0.000436246
1.55934e-05
0.000394304
1.54557e-05
0.000316592
1.61129e-05
0.000268667
1.50666e-05
0.000270244
1.47887e-05
0.000253515
1.58941e-05
0.000184741
1.59316e-05
0.000148996
1.50068e-05
0.00015181
1.50335e-05
0.000195394
1.44e-05
0.000213276
1.39938e-05
0.000215006
1.47119e-05
0.00024514
1.49967e-05
0.000268129
1.4125e-05
0.000335011
1.41576e-05
0.000425419
1.48384e-05
0.000451256
1.5217e-05
0.000466963
1.43513e-05
0.000458151
1.62004e-05
0.000228472
1.58461e-05
0.000210157
1.40082e-05
0.000222076
1.56572e-05
0.000122323
1.51911e-05
0.000104766
1.39479e-05
0.00011562
1.49717e-05
8.53794e-05
1.70044e-05
5.24348e-05
1.47796e-05
5.1985e-05
1.4601e-05
5.1423e-05
1.40774e-05
6.86085e-05
1.34359e-05
8.75581e-05
1.3261e-05
0.000101109
1.36479e-05
9.40351e-05
1.46105e-05
6.813e-05
1.47963e-05
5.74656e-05
1.52759e-05
5.05994e-05
1.4424e-05
4.96574e-05
1.37084e-05
5.56402e-05
1.37189e-05
7.51142e-05
1.39977e-05
8.75967e-05
1.42935e-05
7.93604e-05
1.41612e-05
7.37253e-05
1.4718e-05
6.38484e-05
1.40235e-05
5.96738e-05
1.37538e-05
6.09053e-05
1.45635e-05
5.00838e-05
1.45401e-05
4.61522e-05
1.47898e-05
4.5807e-05
1.50921e-05
3.68965e-05
1.48642e-05
2.9172e-05
1.46407e-05
2.74416e-05
1.46077e-05
2.7363e-05
1.6273e-05
2.0094e-05
1.98319e-05
1.59233e-05
2.31303e-05
1.52918e-05
2.7655e-05
1.47096e-05
3.59696e-05
1.51873e-05
4.7944e-05
1.46325e-05
4.88498e-05
1.4643e-05
6.92504e-05
1.39065e-05
9.3461e-05
1.31335e-05
7.12761e-05
1.36358e-05
8.38626e-05
1.44709e-05
0.000137685
1.44778e-05
0.000263397
1.30399e-05
0.00036062
1.25178e-05
0.000296326
1.29645e-05
0.000294321
1.32561e-05
0.000342638
1.29769e-05
0.000375346
1.25376e-05
0.000301427
1.29735e-05
0.00037339
1.28976e-05
0.00050118
1.24918e-05
0.000407526
1.24252e-05
0.000367761
1.20979e-05
0.000384835
1.18866e-05
0.000354102
1.24323e-05
0.000331472
1.29839e-05
0.000419763
1.18964e-05
0.000359824
1.19651e-05
0.000260436
1.22932e-05
0.000196954
1.23666e-05
0.000184931
1.2743e-05
0.000174966
1.21804e-05
0.000164392
1.17856e-05
0.000169267
1.18924e-05
0.000183305
1.24606e-05
0.000182406
1.26688e-05
0.000182853
1.18678e-05
0.000173089
1.25447e-05
0.000169547
1.35296e-05
0.000230059
1.22434e-05
0.000240359
1.3867e-05
0.000375241
1.28573e-05
0.00064983
1.25912e-05
0.000963714
1.23154e-05
0.00121341
1.25092e-05
0.00145622
1.32673e-05
0.00194328
1.31403e-05
0.00309656
1.2193e-05
0.00387014
1.20944e-05
0.00418106
1.20624e-05
0.0040295
1.21579e-05
0.00356902
1.16816e-05
0.00359674
1.19801e-05
0.00382905
1.18297e-05
0.00479324
1.16735e-05
0.00572727
1.15218e-05
0.00510204
1.10918e-05
0.00402942
1.13827e-05
0.00402131
1.14987e-05
0.00349037
1.13758e-05
0.00301143
1.21822e-05
0.00416978
1.18737e-05
0.00631022
1.20269e-05
0.00827509
1.20435e-05
0.00895265
1.16474e-05
0.00859391
1.135e-05
0.00820795
1.15908e-05
0.00916609
1.22062e-05
0.012992
1.15723e-05
0.0162225
1.1984e-05
0.0192115
1.18454e-05
0.0182289
1.16429e-05
0.0177214
1.09515e-05
0.0176875
1.07745e-05
0.0170881
1.08385e-05
0.0158029
1.07317e-05
0.0121128
1.10271e-05
0.0106736
1.19961e-05
0.0143196
1.27372e-05
0.0230029
1.15091e-05
0.0273687
1.16652e-05
0.0285882
1.17912e-05
0.030054
1.16281e-05
0.030945
1.16704e-05
0.0293075
1.26313e-05
0.023664
1.13352e-05
0.0241791
1.06872e-05
0.0244412
1.05688e-05
0.0248972
1.07159e-05
0.0244471
1.07016e-05
0.0261639
1.05956e-05
0.0293994
1.13669e-05
0.0242405
1.1439e-05
0.0246605
1.08712e-05
0.0285946
1.12414e-05
0.0261388
1.06947e-05
0.0261789
1.04686e-05
0.0250365
1.0911e-05
0.0213613
1.05722e-05
0.0220874
1.04219e-05
0.0227279
1.15252e-05
0.0180616
1.1147e-05
0.0190643
1.03456e-05
0.0213871
1.0307e-05
0.0232063
1.06186e-05
0.0250731
1.05955e-05
0.0259837
1.03334e-05
0.0237189
1.07752e-05
0.0187738
1.07765e-05
0.0198733
1.01814e-05
0.0241727
1.04764e-05
0.0227908
1.14865e-05
0.016957
1.09335e-05
0.0161058
1.11001e-05
0.0147155
1.15135e-05
0.00986741
1.16284e-05
0.00888956
1.07602e-05
0.00880776
1.07475e-05
0.00758043
1.08548e-05
0.00574728
1.14203e-05
0.00277658
1.13477e-05
0.00149494
1.1083e-05
0.000902934
1.03892e-05
0.000766511
9.89664e-06
0.000907726
9.95597e-06
0.00108353
9.94501e-06
0.00129791
9.95081e-06
0.0013423
9.87667e-06
0.00169355
9.48194e-06
0.0021304
9.36093e-06
0.00246222
9.94366e-06
0.00247917
1.06711e-05
0.00190569
1.03892e-05
0.00143631
1.04942e-05
0.00145281
9.95336e-06
0.00148613
9.6692e-06
0.00167305
9.69421e-06
0.00233075
1.01063e-05
0.00187809
9.7808e-06
0.00130307
1.04777e-05
0.000711246
1.02058e-05
0.000580608
9.19925e-06
0.000623164
9.34212e-06
0.000699207
9.41635e-06
0.000780917
9.66346e-06
0.000720986
1.00999e-05
0.000732749
9.37585e-06
0.000801829
9.7084e-06
0.000640872
1.01779e-05
0.000625066
9.74081e-06
0.000500442
1.05286e-05
0.000321285
1.05489e-05
0.000220234
1.01099e-05
0.000164615
9.59383e-06
0.000175498
9.39511e-06
0.000156043
1.06707e-05
0.000100629
1.02694e-05
0.000108815
9.36501e-06
9.77337e-05
9.97975e-06
5.88575e-05
9.87916e-06
5.88355e-05
9.43664e-06
6.56979e-05
9.31249e-06
4.83546e-05
9.68554e-06
3.50494e-05
9.45302e-06
3.07133e-05
9.68116e-06
2.57885e-05
9.49238e-06
2.56644e-05
9.34218e-06
3.16264e-05
9.54345e-06
2.72152e-05
9.05015e-06
2.45213e-05
8.93227e-06
3.06749e-05
9.16849e-06
3.76916e-05
9.40916e-06
3.02943e-05
9.75874e-06
2.76125e-05
9.27479e-06
3.23033e-05
8.7158e-06
3.82644e-05
8.66331e-06
4.81395e-05
8.47011e-06
6.17966e-05
8.50224e-06
8.35591e-05
9.02758e-06
8.59823e-05
9.44885e-06
6.2254e-05
8.9234e-06
5.2201e-05
8.66598e-06
4.40481e-05
9.22254e-06
3.02934e-05
9.58701e-06
2.50244e-05
9.41889e-06
2.69497e-05
8.93929e-06
2.54076e-05
9.87356e-06
1.66018e-05
1.14795e-05
1.23965e-05
1.40812e-05
9.97533e-06
1.7102e-05
9.54492e-06
1.60348e-05
1.04788e-05
2.0446e-05
1.00536e-05
2.60128e-05
9.00164e-06
3.26518e-05
8.11396e-06
3.6618e-05
8.68249e-06
4.83415e-05
8.94716e-06
6.46201e-05
8.00472e-06
4.361e-05
7.97166e-06
3.45451e-05
7.96955e-06
2.97902e-05
8.16343e-06
2.92544e-05
8.86767e-06
3.18325e-05
8.65319e-06
3.74898e-05
8.46502e-06
4.21387e-05
8.35551e-06
4.78335e-05
8.00767e-06
4.82617e-05
7.66391e-06
4.26519e-05
8.14135e-06
4.03124e-05
8.03576e-06
4.70685e-05
7.44179e-06
4.19419e-05
7.63846e-06
2.98045e-05
8.02288e-06
3.11996e-05
8.19609e-06
4.16966e-05
8.34745e-06
6.29491e-05
7.90336e-06
7.8717e-05
7.71136e-06
7.74962e-05
8.10925e-06
7.30651e-05
8.05086e-06
7.95953e-05
7.63196e-06
8.64711e-05
7.64752e-06
7.4541e-05
7.66739e-06
5.6648e-05
7.53277e-06
5.16149e-05
7.79754e-06
5.35586e-05
8.58116e-06
8.442e-05
8.3128e-06
0.000149253
7.51617e-06
0.000160825
7.91164e-06
0.000190174
7.6358e-06
0.000207997
8.66923e-06
0.000324548
7.77416e-06
0.000635584
7.08597e-06
0.000598687
7.34024e-06
0.000464843
7.52558e-06
0.000538898
7.96466e-06
0.000793387
7.41659e-06
0.000868757
7.50769e-06
0.000875598
7.49154e-06
0.000897033
7.06718e-06
0.000890257
6.98559e-06
0.000797744
7.07617e-06
0.000594013
7.10753e-06
0.000522864
7.30527e-06
0.000504137
7.10703e-06
0.000402289
6.8336e-06
0.000325081
7.12329e-06
0.000299877
7.15812e-06
0.000310087
6.70919e-06
0.000274736
6.96166e-06
0.000249267
7.63283e-06
0.000334114
6.968e-06
0.000409214
6.97235e-06
0.000443397
7.01074e-06
0.000531772
7.01225e-06
0.000671555
7.36731e-06
0.000783839
7.29473e-06
0.000867953
6.95994e-06
0.000869438
6.83338e-06
0.00103362
6.7483e-06
0.00118479
6.63647e-06
0.0011714
8.06844e-06
0.0021314
7.05338e-06
0.00320962
6.82818e-06
0.00231992
6.98975e-06
0.00255981
7.00587e-06
0.00350388
7.71105e-06
0.00555036
7.1049e-06
0.00620834
6.50101e-06
0.00663765
6.35232e-06
0.00630334
7.05074e-06
0.00634622
6.70269e-06
0.00692914
7.02572e-06
0.00850943
6.78167e-06
0.0125749
6.48161e-06
0.0141434
6.77278e-06
0.0146063
6.42124e-06
0.0145276
6.70361e-06
0.017767
6.35846e-06
0.0199452
6.34596e-06
0.0189978
6.48061e-06
0.0189565
6.25726e-06
0.0184392
6.36532e-06
0.0166364
6.77494e-06
0.0176257
6.58884e-06
0.0186882
6.16339e-06
0.0172653
6.19302e-06
0.0151162
6.67137e-06
0.0170003
6.39388e-06
0.0186201
6.16854e-06
0.0173464
6.29335e-06
0.0169208
6.50165e-06
0.0176762
6.54358e-06
0.0169703
6.48145e-06
0.0153288
6.13401e-06
0.0170076
6.00788e-06
0.0172261
6.4748e-06
0.0139714
6.43792e-06
0.0111313
6.30926e-06
0.00956529
6.48683e-06
0.00759517
7.16877e-06
0.00511466
6.07694e-06
0.00497113
5.97482e-06
0.0053478
6.31407e-06
0.00493471
6.76899e-06
0.0028741
6.75013e-06
0.00221938
5.89966e-06
0.00309109
5.80495e-06
0.00452235
5.79786e-06
0.00500281
5.85608e-06
0.00443586
6.13886e-06
0.00380425
6.08601e-06
0.00329637
5.93408e-06
0.00309863
6.41727e-06
0.00282498
6.22339e-06
0.00253678
5.77347e-06
0.00249927
5.95864e-06
0.00228009
5.89619e-06
0.00209635
5.70972e-06
0.00212049
5.89754e-06
0.00197467
5.8799e-06
0.0019178
5.66206e-06
0.00205924
5.58091e-06
0.0022178
5.71734e-06
0.00181568
5.99145e-06
0.0014843
5.92646e-06
0.00154346
5.68599e-06
0.001925
5.47653e-06
0.00221812
6.09897e-06
0.00174408
5.9992e-06
0.00180552
5.4532e-06
0.00183206
5.54098e-06
0.00198286
5.55001e-06
0.00219116
5.79122e-06
0.00199516
5.92902e-06
0.00126495
6.38082e-06
0.000647754
5.83192e-06
0.000571419
5.38489e-06
0.000503873
5.60072e-06
0.000382363
5.91962e-06
0.000255129
6.3242e-06
0.000185445
5.50712e-06
0.000167889
5.91155e-06
0.00011193
5.91453e-06
0.000105812
5.3529e-06
0.000107535
5.29947e-06
0.000105497
5.40306e-06
0.000112685
5.33364e-06
0.000128165
5.07053e-06
0.000197578
5.09732e-06
0.000291269
5.46629e-06
0.000237745
5.76262e-06
0.000191677
5.4711e-06
0.000225644
5.26e-06
0.000254834
5.18887e-06
0.00026283
5.09609e-06
0.000240799
5.15068e-06
0.000203947
5.36239e-06
0.000191222
5.18648e-06
0.00026628
5.23024e-06
0.000267786
5.35872e-06
0.000200197
5.51754e-06
0.000137791
5.60813e-06
0.00012636
5.30502e-06
0.000130954
5.23714e-06
0.000107244
5.16206e-06
8.42262e-05
5.31381e-06
6.98587e-05
5.20502e-06
8.15397e-05
5.01669e-06
8.94282e-05
5.63675e-06
5.85058e-05
5.8509e-06
4.99654e-05
5.36017e-06
5.11901e-05
5.16036e-06
4.17947e-05
5.16227e-06
3.23413e-05
5.41308e-06
2.33253e-05
6.06483e-06
1.7855e-05
5.42862e-06
1.64922e-05
5.34955e-06
1.5146e-05
5.32107e-06
1.28179e-05
5.83376e-06
8.97833e-06
6.23594e-06
7.93335e-06
6.40788e-06
7.56377e-06
6.8241e-06
7.1106e-06
6.95083e-06
7.64849e-06
6.61621e-06
7.13759e-06
7.2281e-06
6.42027e-06
8.70405e-06
5.87995e-06
9.44046e-06
5.74675e-06
1.1545e-05
5.43472e-06
1.29891e-05
5.579e-06
1.06695e-05
5.42914e-06
1.0081e-05
5.50722e-06
8.53805e-06
6.51615e-06
7.60045e-06
6.16821e-06
9.29427e-06
5.68072e-06
9.92278e-06
5.36008e-06
1.04733e-05
5.49701e-06
9.97717e-06
5.71444e-06
1.0003e-05
5.50231e-06
1.1188e-05
5.32485e-06
1.19745e-05
5.34938e-06
1.10387e-05
5.5703e-06
1.6377e-05
4.91174e-06
1.95477e-05
4.90967e-06
2.03406e-05
4.88448e-06
2.07808e-05
4.91438e-06
1.61034e-05
5.1485e-06
2.02851e-05
5.13906e-06
3.58935e-05
5.43715e-06
7.47432e-05
4.80804e-06
9.08894e-05
4.8934e-06
0.000110972
5.1408e-06
0.000133287
4.87904e-06
0.000128435
4.76272e-06
0.000123055
5.27906e-06
0.000151765
5.23734e-06
0.000292
4.56163e-06
0.000279367
4.51066e-06
0.000225809
4.60914e-06
0.000235438
4.52849e-06
0.000195549
4.60919e-06
0.000150841
4.95778e-06
0.000155586
4.67572e-06
0.000174769
4.74505e-06
0.000219106
4.69886e-06
0.000266907
4.4226e-06
0.000187544
4.37547e-06
0.000129103
4.49508e-06
0.000116277
4.99498e-06
0.000151271
4.90283e-06
0.000221299
4.5535e-06
0.000200391
4.52218e-06
0.000162085
4.64718e-06
0.0001375
4.619e-06
0.000101208
4.68581e-06
0.000105618
4.67469e-06
9.90731e-05
4.85988e-06
0.000110103
4.9311e-06
0.000193101
4.50609e-06
0.000213234
4.70759e-06
0.000209502
4.65532e-06
0.000215893
4.68862e-06
0.000211857
5.38937e-06
0.000347146
4.75534e-06
0.000543809
4.45789e-06
0.00054712
4.41717e-06
0.000428823
4.65359e-06
0.000431451
5.09736e-06
0.000731391
4.90299e-06
0.00122004
4.60999e-06
0.00130011
4.68069e-06
0.00125398
4.66585e-06
0.00165103
4.55618e-06
0.00191724
4.41176e-06
0.00179901
4.29752e-06
0.00137549
4.44189e-06
0.00130159
4.52944e-06
0.00125012
4.40012e-06
0.00104501
4.31411e-06
0.0007595
4.40966e-06
0.000780978
4.74998e-06
0.00116693
4.58969e-06
0.00164656
4.41498e-06
0.00214282
4.34625e-06
0.00254024
4.33529e-06
0.00226414
4.32677e-06
0.00211346
4.51953e-06
0.00248824
4.62041e-06
0.00272753
4.56375e-06
0.00290937
4.55748e-06
0.00358229
4.39541e-06
0.00479696
4.27803e-06
0.00620695
4.1708e-06
0.00688382
4.40148e-06
0.00787866
4.8315e-06
0.00918705
4.3536e-06
0.00821487
4.31013e-06
0.00921089
4.39167e-06
0.0105555
4.33801e-06
0.010565
4.94327e-06
0.0113045
4.68026e-06
0.0114925
4.74724e-06
0.00979718
4.62549e-06
0.00889085
4.10007e-06
0.0100223
4.24771e-06
0.0103821
4.86071e-06
0.00730216
4.81116e-06
0.00534674
4.4512e-06
0.00543381
4.10536e-06
0.00596613
4.15148e-06
0.00648198
4.30955e-06
0.00711013
4.27002e-06
0.00642552
4.2544e-06
0.00633361
4.38634e-06
0.00626944
4.44423e-06
0.00536278
4.28871e-06
0.0050559
4.18749e-06
0.00540999
4.31118e-06
0.00616048
4.30632e-06
0.00606794
4.26666e-06
0.00605972
4.18619e-06
0.00746929
4.05777e-06
0.00751703
4.17979e-06
0.0064557
4.27766e-06
0.00607173
4.11941e-06
0.00655998
4.18396e-06
0.0059241
4.21255e-06
0.00556253
4.03337e-06
0.00564467
4.2503e-06
0.00462975
4.19401e-06
0.00475693
3.89558e-06
0.00564469
4.22315e-06
0.00492738
4.2274e-06
0.00496738
4.04154e-06
0.00423843
4.47879e-06
0.00341198
4.263e-06
0.00323476
4.38545e-06
0.00165013
4.65488e-06
0.000809953
4.1851e-06
0.000818874
3.90538e-06
0.0012091
3.99866e-06
0.00131494
4.45186e-06
0.000775574
4.49423e-06
0.000438901
4.14989e-06
0.000350697
3.92369e-06
0.000359076
4.02782e-06
0.000316846
4.02833e-06
0.000306294
3.84035e-06
0.000325373
3.83592e-06
0.000330097
3.8952e-06
0.000300443
3.94795e-06
0.000282024
4.06742e-06
0.00025111
4.14778e-06
0.000228664
3.96179e-06
0.000254337
4.12577e-06
0.000182861
4.13052e-06
0.000130686
4.02063e-06
9.99628e-05
4.06904e-06
9.32653e-05
3.85524e-06
0.000139792
3.77791e-06
0.000145851
3.9018e-06
0.000151256
3.95945e-06
0.00018139
4.1044e-06
0.000134494
4.16044e-06
0.000102207
3.86697e-06
8.70158e-05
3.95397e-06
7.85477e-05
3.88516e-06
9.88224e-05
3.83236e-06
9.29778e-05
4.21685e-06
5.53376e-05
4.09121e-06
4.53828e-05
3.85946e-06
4.55721e-05
3.7456e-06
4.4314e-05
3.8278e-06
4.31504e-05
4.20604e-06
3.53034e-05
4.16662e-06
2.1625e-05
4.31744e-06
1.441e-05
4.35344e-06
1.33337e-05
3.8812e-06
1.35744e-05
3.90245e-06
1.40091e-05
4.19136e-06
9.18267e-06
5.03631e-06
6.38315e-06
4.64879e-06
8.15455e-06
3.86344e-06
1.01363e-05
3.816e-06
1.33679e-05
4.08501e-06
1.09966e-05
3.95006e-06
9.8015e-06
3.76521e-06
1.04824e-05
3.77355e-06
1.0836e-05
3.82148e-06
1.17313e-05
3.76682e-06
1.33512e-05
3.7611e-06
1.40742e-05
3.76217e-06
1.26666e-05
3.67786e-06
1.17601e-05
3.76898e-06
1.05942e-05
4.20941e-06
7.37572e-06
4.25331e-06
6.60129e-06
4.17504e-06
8.09955e-06
3.87221e-06
9.35603e-06
3.84514e-06
9.21529e-06
3.82509e-06
1.01715e-05
3.79316e-06
1.04873e-05
3.92229e-06
9.27023e-06
3.84103e-06
1.07316e-05
3.75816e-06
1.22307e-05
3.94027e-06
1.02004e-05
3.81837e-06
8.33377e-06
3.71026e-06
7.85523e-06
4.10735e-06
6.52033e-06
4.90961e-06
5.28298e-06
5.43711e-06
4.72244e-06
5.71005e-06
4.2691e-06
7.83231e-06
3.9217e-06
8.05258e-06
3.90063e-06
8.76845e-06
3.82295e-06
1.18715e-05
4.07262e-06
2.61533e-05
3.33001e-06
3.41377e-05
3.23718e-06
2.67977e-05
3.35317e-06
2.14297e-05
3.41661e-06
2.19272e-05
3.495e-06
2.00257e-05
3.62534e-06
2.94387e-05
3.46014e-06
3.7321e-05
3.49998e-06
3.50185e-05
3.40257e-06
3.56909e-05
3.21483e-06
3.19161e-05
3.26713e-06
2.33628e-05
3.41885e-06
2.08755e-05
3.28136e-06
2.39606e-05
3.26436e-06
2.41096e-05
3.30988e-06
2.5411e-05
3.3809e-06
3.27487e-05
3.18125e-06
4.088e-05
3.27173e-06
5.11407e-05
3.43252e-06
6.77204e-05
3.15845e-06
5.70371e-05
3.51959e-06
7.29618e-05
3.28196e-06
0.000111031
3.02524e-06
0.00011846
3.03453e-06
0.000118819
3.08014e-06
9.53148e-05
3.35327e-06
9.79347e-05
3.2102e-06
0.00011718
3.10085e-06
0.000106445
3.35681e-06
0.000125613
3.19988e-06
0.000138373
3.0895e-06
0.000110783
3.75277e-06
0.00018796
3.05047e-06
0.000227401
3.00696e-06
0.000197249
3.13477e-06
0.000210538
3.28552e-06
0.00032914
3.43899e-06
0.000708243
3.03814e-06
0.000797149
3.16096e-06
0.000784203
3.01737e-06
0.000857885
3.11942e-06
0.00115945
3.00823e-06
0.00108406
2.88689e-06
0.00091119
2.93094e-06
0.000908941
2.89752e-06
0.00101635
2.833e-06
0.00113567
2.80028e-06
0.00106539
2.84618e-06
0.0009736
2.97541e-06
0.0009096
2.80415e-06
0.000732753
2.80903e-06
0.000609879
3.05921e-06
0.000595616
2.81894e-06
0.000545939
2.9123e-06
0.000474023
3.04479e-06
0.000590752
2.82058e-06
0.000545069
2.84105e-06
0.000643115
2.68134e-06
0.000672394
2.60165e-06
0.000483616
2.69015e-06
0.000352404
2.76217e-06
0.000342675
2.71056e-06
0.000333163
3.01691e-06
0.00047342
2.89052e-06
0.000694378
2.91705e-06
0.000843537
3.06682e-06
0.00131417
2.91774e-06
0.00189576
2.80433e-06
0.00277269
2.68483e-06
0.00335514
2.81045e-06
0.00352481
3.11496e-06
0.00528101
2.73706e-06
0.00475846
3.04199e-06
0.00624342
2.72579e-06
0.00687033
2.77334e-06
0.00632748
2.72592e-06
0.00664828
2.5887e-06
0.00627162
2.57387e-06
0.0066954
2.64068e-06
0.00714938
2.80406e-06
0.0072602
2.74463e-06
0.00770823
2.59232e-06
0.00791324
2.63091e-06
0.00765569
2.72785e-06
0.00733835
2.59447e-06
0.00721095
2.54642e-06
0.00766019
2.58428e-06
0.00765028
2.68173e-06
0.00702968
2.73531e-06
0.00608865
2.62953e-06
0.00558989
2.51971e-06
0.00568299
2.51157e-06
0.00605701
2.69265e-06
0.00568571
2.67975e-06
0.00585443
2.65964e-06
0.00489316
2.6114e-06
0.00523344
2.58891e-06
0.00520198
2.49675e-06
0.00527102
2.43995e-06
0.00623048
2.42582e-06
0.00666286
2.44474e-06
0.00659898
2.54384e-06
0.00547823
2.91169e-06
0.0033961
2.60618e-06
0.00271603
2.46651e-06
0.00252649
2.55283e-06
0.00220294
2.67243e-06
0.00163841
2.48591e-06
0.00136674
2.63042e-06
0.000691414
2.73731e-06
0.000527539
2.32751e-06
0.000708034
2.30227e-06
0.000796781
2.25948e-06
0.000825401
2.29426e-06
0.000888838
2.39364e-06
0.000965995
2.35062e-06
0.00122809
2.36758e-06
0.00135668
2.31314e-06
0.00142715
2.21621e-06
0.00170758
2.33116e-06
0.00168698
2.44035e-06
0.00157107
2.25761e-06
0.00186569
2.3128e-06
0.0017698
2.35504e-06
0.00161412
2.32215e-06
0.00145383
2.23616e-06
0.0011889
2.25851e-06
0.000843137
2.3394e-06
0.000590188
2.30756e-06
0.000481655
2.2693e-06
0.00045835
2.19955e-06
0.000418928
2.35444e-06
0.000363169
2.32865e-06
0.000319966
2.36602e-06
0.000274157
2.17696e-06
0.000315991
2.15329e-06
0.000330262
2.28135e-06
0.000342353
2.30003e-06
0.000287751
2.54374e-06
0.00018683
2.25418e-06
0.000182056
2.28577e-06
0.000154223
2.1412e-06
0.000135688
2.20961e-06
0.000113983
2.34545e-06
9.18579e-05
2.43178e-06
5.23903e-05
2.24484e-06
5.13144e-05
2.04676e-06
5.83511e-05
2.14726e-06
5.57432e-05
2.37775e-06
4.18199e-05
2.06554e-06
3.47232e-05
2.08391e-06
2.78179e-05
2.13331e-06
2.44796e-05
2.07375e-06
2.13806e-05
2.12505e-06
1.45205e-05
2.16878e-06
1.20454e-05
2.08873e-06
1.55991e-05
2.14291e-06
1.41313e-05
2.22283e-06
1.29184e-05
2.06362e-06
1.65971e-05
2.05514e-06
1.8855e-05
2.06105e-06
1.636e-05
1.97802e-06
1.56013e-05
1.97813e-06
1.71299e-05
2.09102e-06
1.92546e-05
2.07788e-06
1.47721e-05
2.17272e-06
9.02879e-06
2.12983e-06
8.53843e-06
1.97344e-06
1.05421e-05
1.97874e-06
1.05392e-05
1.99203e-06
9.27053e-06
2.00767e-06
7.64586e-06
2.0397e-06
7.7972e-06
1.98311e-06
8.57579e-06
2.18866e-06
5.45783e-06
2.36803e-06
3.63356e-06
2.52685e-06
2.90376e-06
3.04089e-06
2.46819e-06
3.14135e-06
2.61366e-06
2.63507e-06
3.10652e-06
2.55779e-06
3.00136e-06
2.79922e-06
2.77989e-06
3.61967e-06
2.1446e-06
4.0585e-06
2.14764e-06
3.45604e-06
2.36562e-06
3.32501e-06
2.29737e-06
3.79729e-06
2.17636e-06
4.01481e-06
2.11346e-06
4.99871e-06
1.97848e-06
7.64483e-06
1.82354e-06
8.35654e-06
1.91576e-06
6.8054e-06
1.93037e-06
6.41184e-06
1.92264e-06
7.59109e-06
1.97458e-06
1.03832e-05
1.82593e-06
1.18846e-05
1.75919e-06
1.14534e-05
1.73454e-06
1.10103e-05
1.73888e-06
9.00297e-06
1.8176e-06
7.35133e-06
1.8692e-06
7.783e-06
1.88198e-06
8.54585e-06
1.84146e-06
7.16915e-06
1.96988e-06
7.4089e-06
1.90125e-06
9.18797e-06
1.78942e-06
1.04499e-05
1.75326e-06
1.3098e-05
1.67692e-06
1.36713e-05
1.66835e-06
8.84471e-06
1.74404e-06
7.19956e-06
1.91747e-06
1.00754e-05
2.01015e-06
1.33493e-05
1.85794e-06
2.01144e-05
1.65799e-06
1.89964e-05
1.65273e-06
1.39992e-05
1.69787e-06
1.26777e-05
1.97772e-06
1.57928e-05
1.89998e-06
2.71859e-05
1.69404e-06
2.93404e-05
1.71911e-06
3.23088e-05
1.85379e-06
4.63151e-05
1.77151e-06
6.27339e-05
1.82779e-06
7.75277e-05
1.69447e-06
5.58315e-05
1.71644e-06
5.25542e-05
1.80956e-06
7.12538e-05
1.74652e-06
7.77356e-05
1.75787e-06
9.63493e-05
1.6271e-06
7.69526e-05
1.6493e-06
5.40511e-05
1.75719e-06
6.56237e-05
1.63143e-06
6.31671e-05
1.61579e-06
5.83998e-05
1.75359e-06
6.78015e-05
1.70389e-06
7.3831e-05
1.71276e-06
7.49426e-05
1.80297e-06
8.92963e-05
1.72504e-06
0.000100191
1.71594e-06
0.000121838
1.69118e-06
0.000123047
1.67615e-06
0.00011139
1.7097e-06
0.000156802
1.60916e-06
0.000176649
1.53445e-06
0.000126717
1.58542e-06
9.80668e-05
1.7619e-06
9.78194e-05
1.87321e-06
0.000137256
1.71602e-06
0.000169227
1.7017e-06
0.00019171
1.65731e-06
0.00027429
1.57564e-06
0.00030667
1.66606e-06
0.000275847
1.73908e-06
0.000401555
1.69138e-06
0.000651898
1.8502e-06
0.00136134
1.60187e-06
0.00143878
1.63944e-06
0.00125299
1.65006e-06
0.00155605
1.56351e-06
0.00177018
1.57295e-06
0.00170276
1.54268e-06
0.00141378
1.53379e-06
0.00125051
1.60066e-06
0.0016045
1.68299e-06
0.0025282
1.58224e-06
0.00254045
1.59695e-06
0.00235933
1.60899e-06
0.00262288
1.5235e-06
0.00237897
1.51319e-06
0.00173125
1.68408e-06
0.00240147
1.58075e-06
0.00368494
1.50299e-06
0.00421912
1.53297e-06
0.0043071
1.58206e-06
0.00436947
1.55455e-06
0.00428188
1.57575e-06
0.0044062
1.46835e-06
0.00465763
1.41705e-06
0.0046475
1.45426e-06
0.00443092
1.46142e-06
0.00451793
1.42959e-06
0.00454399
1.44341e-06
0.00440446
1.4953e-06
0.00403391
1.703e-06
0.00313587
1.54131e-06
0.00329536
1.46554e-06
0.00323083
1.46395e-06
0.00325592
1.43042e-06
0.00364184
1.40994e-06
0.003944
1.50106e-06
0.00351355
1.60828e-06
0.00260234
1.51236e-06
0.0015585
1.57656e-06
0.0011003
1.408e-06
0.000943865
1.45636e-06
0.000691159
1.39144e-06
0.000689434
1.39735e-06
0.00064062
1.44115e-06
0.000589656
1.37354e-06
0.000686117
1.36326e-06
0.000663189
1.53502e-06
0.0004103
1.42999e-06
0.000419905
1.35897e-06
0.000455871
1.41984e-06
0.000437922
1.3583e-06
0.00052195
1.34314e-06
0.000591641
1.35551e-06
0.000711298
1.35208e-06
0.000724035
1.35897e-06
0.00086159
1.32385e-06
0.00122563
1.42634e-06
0.000922896
1.49284e-06
0.000736581
1.3478e-06
0.000825418
1.3358e-06
0.00103867
1.28479e-06
0.00115658
1.27486e-06
0.00123125
1.30921e-06
0.00112799
1.43383e-06
0.000740517
1.55965e-06
0.000512326
1.38216e-06
0.000448135
1.34108e-06
0.00048055
1.28831e-06
0.000509331
1.37186e-06
0.000432417
1.35172e-06
0.000456384
1.29199e-06
0.000434863
1.45583e-06
0.000238909
1.41962e-06
0.000145859
1.42815e-06
0.000133583
1.29202e-06
0.000118828
1.34181e-06
8.46264e-05
1.2632e-06
9.6877e-05
1.27808e-06
0.000107135
1.43406e-06
8.86989e-05
1.27608e-06
8.9736e-05
1.27172e-06
8.3531e-05
1.26465e-06
7.90127e-05
1.2594e-06
8.06946e-05
1.26296e-06
9.47768e-05
1.27246e-06
9.58701e-05
1.25149e-06
8.75924e-05
1.22562e-06
8.4895e-05
1.2394e-06
8.12564e-05
1.29164e-06
4.94151e-05
1.34057e-06
2.78814e-05
1.26927e-06
2.1073e-05
1.26127e-06
1.80171e-05
1.19277e-06
1.7252e-05
1.2455e-06
1.48415e-05
1.24753e-06
1.85549e-05
1.17568e-06
2.47918e-05
1.23055e-06
2.44263e-05
1.26005e-06
2.26142e-05
1.26158e-06
2.35325e-05
1.24561e-06
2.21977e-05
1.34063e-06
1.26695e-05
1.35357e-06
8.86834e-06
1.2543e-06
8.82545e-06
1.26403e-06
6.56667e-06
1.26972e-06
4.89305e-06
1.21116e-06
6.20365e-06
1.18871e-06
6.74039e-06
1.22943e-06
5.70585e-06
1.2204e-06
4.44167e-06
1.42787e-06
2.7342e-06
1.43469e-06
2.63856e-06
1.39139e-06
2.41217e-06
1.46748e-06
1.90631e-06
1.54256e-06
1.67059e-06
1.65767e-06
1.75199e-06
1.50393e-06
1.88568e-06
1.49737e-06
1.67256e-06
1.76786e-06
1.48562e-06
1.87903e-06
1.64478e-06
1.54716e-06
1.79086e-06
1.67541e-06
1.67301e-06
1.74371e-06
1.69699e-06
1.58816e-06
1.61001e-06
1.837e-06
1.34773e-06
2.00983e-06
1.29336e-06
2.46688e-06
1.26335e-06
2.61932e-06
1.2885e-06
2.27522e-06
1.32447e-06
2.26405e-06
1.25329e-06
2.10551e-06
1.31882e-06
2.11824e-06
1.4538e-06
2.52796e-06
1.22214e-06
2.78026e-06
1.14623e-06
2.81877e-06
1.20335e-06
2.48668e-06
1.2732e-06
3.04334e-06
1.15871e-06
3.8825e-06
1.24269e-06
5.33664e-06
1.2531e-06
9.41823e-06
1.11407e-06
9.61273e-06
1.1255e-06
9.75539e-06
1.146e-06
9.95028e-06
1.13573e-06
9.11174e-06
1.08887e-06
9.10743e-06
1.06469e-06
1.06549e-05
1.10407e-06
1.33406e-05
1.09119e-06
1.64382e-05
1.22018e-06
2.09517e-05
1.14403e-06
2.79041e-05
1.08098e-06
2.87846e-05
1.15259e-06
4.63667e-05
1.12199e-06
7.78262e-05
1.05594e-06
9.22233e-05
9.87784e-07
6.95029e-05
1.00578e-06
4.97302e-05
1.08072e-06
4.98187e-05
1.03253e-06
5.37152e-05
1.00773e-06
5.35164e-05
1.00219e-06
4.47991e-05
1.00823e-06
3.64566e-05
1.03474e-06
3.32183e-05
1.00714e-06
3.33987e-05
9.70005e-07
2.96306e-05
9.94864e-07
2.07442e-05
1.02097e-06
1.49947e-05
1.00255e-06
1.73792e-05
9.8661e-07
1.94421e-05
1.00278e-06
1.98346e-05
1.1364e-06
2.82005e-05
1.02994e-06
3.18521e-05
1.01405e-06
3.1787e-05
1.1659e-06
4.95278e-05
1.10069e-06
6.77112e-05
1.09972e-06
9.10418e-05
1.07671e-06
0.000114059
1.00774e-06
0.000110379
9.54095e-07
0.000110644
9.67427e-07
8.18426e-05
1.04765e-06
8.19701e-05
1.00844e-06
0.000107634
9.95896e-07
0.000120411
1.10072e-06
0.000188009
1.11484e-06
0.000326061
9.96979e-07
0.000277497
9.61394e-07
0.000232199
9.29014e-07
0.000183945
9.28021e-07
0.000136477
9.76231e-07
0.00013329
1.04212e-06
0.00022136
1.01086e-06
0.000381204
9.24998e-07
0.000343159
9.50585e-07
0.000289354
1.03495e-06
0.000352755
9.83527e-07
0.000413975
9.40106e-07
0.000419367
9.22499e-07
0.000330462
9.69114e-07
0.000322634
9.60139e-07
0.000374004
9.25341e-07
0.000398592
9.97999e-07
0.000509128
9.88822e-07
0.000704899
9.16041e-07
0.000600449
9.11728e-07
0.000536493
9.30308e-07
0.000608092
9.0619e-07
0.000583124
9.02759e-07
0.000582524
9.36828e-07
0.000525702
1.03123e-06
0.000656071
9.50458e-07
0.000867329
1.0154e-06
0.00117961
8.79572e-07
0.00129921
9.26135e-07
0.00138099
9.31996e-07
0.00173594
8.95053e-07
0.00195976
9.45132e-07
0.00219706
8.91643e-07
0.00224142
8.58341e-07
0.0023381
8.85261e-07
0.00243042
9.23512e-07
0.00255856
8.59573e-07
0.00243389
9.80709e-07
0.00146563
9.47453e-07
0.00121166
8.92401e-07
0.00132138
8.44074e-07
0.00148446
8.37835e-07
0.00143167
8.48757e-07
0.00130787
8.26283e-07
0.00147032
8.42801e-07
0.00191013
8.39641e-07
0.00179928
8.73815e-07
0.00141372
8.42543e-07
0.00143205
7.87445e-07
0.00162619
8.33314e-07
0.00146691
8.56842e-07
0.00137229
8.19796e-07
0.00136626
8.61169e-07
0.00111268
8.22189e-07
0.00098119
8.43859e-07
0.000757776
8.22158e-07
0.000850459
7.74277e-07
0.00104777
7.64594e-07
0.00126444
7.65994e-07
0.00155283
8.04465e-07
0.00138333
9.52235e-07
0.000665485
8.36336e-07
0.000537954
7.89526e-07
0.000509375
8.12819e-07
0.000503652
7.90915e-07
0.000666129
7.80612e-07
0.000724108
7.916e-07
0.000770404
7.88159e-07
0.000951693
8.21431e-07
0.000934495
8.54398e-07
0.000678921
8.27087e-07
0.000493319
8.11332e-07
0.000328103
9.17332e-07
0.000187267
8.31243e-07
0.000194699
7.73348e-07
0.000176408
7.47019e-07
0.000179889
7.45023e-07
0.000240759
8.19835e-07
0.000184965
7.81418e-07
0.000176633
7.41388e-07
0.000203503
7.83229e-07
0.000177152
8.36908e-07
0.000128893
7.97449e-07
0.000122953
7.8232e-07
0.000117099
7.76934e-07
9.22359e-05
7.51824e-07
9.18794e-05
7.5048e-07
0.000114465
8.3073e-07
9.54308e-05
7.97634e-07
8.42548e-05
7.6704e-07
8.68067e-05
7.34444e-07
0.000120766
7.34536e-07
0.000126919
8.32018e-07
6.99048e-05
7.53247e-07
6.32443e-05
7.47019e-07
7.15682e-05
8.31685e-07
4.10233e-05
8.02511e-07
2.33695e-05
8.22107e-07
1.33212e-05
8.24699e-07
7.31797e-06
7.84971e-07
5.54424e-06
7.32114e-07
7.24923e-06
7.19186e-07
9.4029e-06
7.36016e-07
8.50989e-06
7.48086e-07
7.80159e-06
7.21759e-07
7.71351e-06
7.63134e-07
5.98581e-06
7.60737e-07
6.13391e-06
7.43859e-07
7.19789e-06
7.89544e-07
5.75101e-06
7.53189e-07
4.95437e-06
8.36711e-07
3.53986e-06
8.00372e-07
2.8752e-06
7.36724e-07
2.75352e-06
7.39848e-07
3.16973e-06
7.34592e-07
3.59019e-06
7.31804e-07
3.13345e-06
7.24245e-07
2.93011e-06
7.00466e-07
3.38042e-06
7.17854e-07
3.08477e-06
7.54055e-07
2.53645e-06
7.16454e-07
2.81013e-06
7.14933e-07
2.52038e-06
7.20825e-07
2.28333e-06
7.37942e-07
2.15394e-06
8.00451e-07
1.65184e-06
7.71007e-07
1.59788e-06
7.7107e-07
1.8743e-06
7.45783e-07
1.72045e-06
7.42458e-07
1.65834e-06
7.55508e-07
2.09849e-06
7.6179e-07
1.97597e-06
8.18634e-07
1.2605e-06
9.85101e-07
9.01948e-07
1.05416e-06
8.94337e-07
9.77728e-07
9.85971e-07
9.44038e-07
1.01768e-06
8.98004e-07
1.02381e-06
8.67614e-07
9.44884e-07
9.18368e-07
8.91539e-07
9.51484e-07
8.62915e-07
1.08022e-06
7.85354e-07
1.1411e-06
8.86795e-07
1.03291e-06
8.04353e-07
1.4507e-06
7.24692e-07
2.07012e-06
7.67311e-07
3.0473e-06
6.62979e-07
3.29871e-06
6.79261e-07
3.60919e-06
6.72231e-07
3.98266e-06
6.72805e-07
4.48034e-06
6.42311e-07
4.36765e-06
6.54869e-07
4.38247e-06
6.77501e-07
4.9233e-06
6.44175e-07
4.33369e-06
6.47785e-07
4.71883e-06
6.21874e-07
4.71066e-06
6.47402e-07
5.3539e-06
6.82147e-07
1.03243e-05
6.01327e-07
1.1514e-05
5.83128e-07
7.12168e-06
5.99597e-07
6.27171e-06
6.10576e-07
6.51321e-06
6.13466e-07
6.83378e-06
6.3642e-07
7.0428e-06
6.44392e-07
9.15754e-06
6.05719e-07
1.19071e-05
6.17853e-07
1.51705e-05
6.39365e-07
2.52207e-05
6.03474e-07
3.16694e-05
7.05957e-07
5.21335e-05
5.99874e-07
6.0002e-05
5.83132e-07
6.17065e-05
5.74042e-07
5.24977e-05
6.31663e-07
5.14436e-05
6.00091e-07
5.87429e-05
5.73968e-07
5.92184e-05
5.67433e-07
7.11589e-05
5.36726e-07
5.94459e-05
5.44181e-07
4.51348e-05
5.69576e-07
4.10239e-05
5.6525e-07
4.12606e-05
5.80104e-07
4.78915e-05
5.58041e-07
5.64366e-05
6.17956e-07
7.07281e-05
6.2467e-07
0.000102749
5.43626e-07
0.000105723
5.71847e-07
0.000125175
5.55102e-07
0.000137123
5.2847e-07
0.000119215
5.28582e-07
0.000106707
5.28041e-07
0.000104909
5.2299e-07
0.000108722
5.33925e-07
0.000104656
5.49584e-07
9.28155e-05
5.38044e-07
8.04162e-05
5.4712e-07
8.69241e-05
5.49496e-07
9.28532e-05
5.25412e-07
7.30991e-05
5.1723e-07
7.73697e-05
5.27615e-07
9.68214e-05
5.46542e-07
0.000129342
5.38704e-07
0.000185621
5.33243e-07
0.000233384
5.98219e-07
0.000307864
5.33427e-07
0.000402094
5.0665e-07
0.000435723
4.93931e-07
0.00045871
4.82766e-07
0.000470421
4.75195e-07
0.000449238
4.72079e-07
0.000328682
4.78785e-07
0.000267953
4.88071e-07
0.000305341
4.9738e-07
0.000362876
5.29711e-07
0.000479322
5.12402e-07
0.000545982
4.78708e-07
0.000444352
4.89547e-07
0.000414772
5.1104e-07
0.000407109
5.45397e-07
0.000661148
5.03498e-07
0.000992938
5.01317e-07
0.00108784
5.00548e-07
0.00132314
4.68219e-07
0.00126858
4.80761e-07
0.00127112
4.55108e-07
0.00127521
4.62439e-07
0.00118445
4.73124e-07
0.0013116
4.60057e-07
0.00130917
4.76431e-07
0.00126636
4.7491e-07
0.00126876
4.88707e-07
0.00132848
4.30876e-07
0.0014299
4.37151e-07
0.00129921
4.62636e-07
0.0013618
4.22313e-07
0.00136461
4.40146e-07
0.00122949
4.91688e-07
0.00116168
4.49799e-07
0.00123363
4.71619e-07
0.00100589
5.00796e-07
0.000883229
4.34375e-07
0.00100468
4.35348e-07
0.000948657
4.46846e-07
0.000840795
4.21901e-07
0.00079173
4.35491e-07
0.000785736
4.61818e-07
0.000673688
4.38787e-07
0.000482746
4.12215e-07
0.000397857
4.02276e-07
0.000376781
4.14325e-07
0.000367754
4.48897e-07
0.000327326
4.20892e-07
0.000323966
4.16693e-07
0.000331988
4.13046e-07
0.000328065
4.08339e-07
0.000302315
4.16334e-07
0.000268572
4.4854e-07
0.000153
4.47125e-07
9.45463e-05
4.30451e-07
6.60388e-05
4.14597e-07
6.97014e-05
3.85352e-07
0.000107297
4.09192e-07
9.0348e-05
4.02533e-07
9.21259e-05
3.72127e-07
0.00010375
3.9865e-07
7.76302e-05
3.93307e-07
6.8607e-05
3.72278e-07
6.17339e-05
3.90836e-07
4.95257e-05
3.87768e-07
5.78989e-05
3.9355e-07
5.60647e-05
3.80935e-07
5.28424e-05
3.64945e-07
5.02862e-05
3.94153e-07
3.61001e-05
4.33738e-07
2.45385e-05
4.12523e-07
2.08672e-05
3.69271e-07
2.08727e-05
3.89771e-07
1.62702e-05
3.85702e-07
1.43078e-05
3.58528e-07
1.91792e-05
3.57103e-07
2.41386e-05
3.66688e-07
2.79915e-05
3.72283e-07
3.08547e-05
3.81354e-07
2.61144e-05
4.01133e-07
2.12866e-05
3.55872e-07
1.89726e-05
3.54628e-07
1.99142e-05
3.62984e-07
2.32847e-05
3.64685e-07
2.20997e-05
3.55804e-07
2.26962e-05
3.43579e-07
2.45485e-05
3.66521e-07
1.85375e-05
4.07344e-07
1.25143e-05
3.731e-07
9.04707e-06
3.81032e-07
5.40945e-06
3.67434e-07
5.23087e-06
3.43399e-07
6.78177e-06
3.4246e-07
6.09849e-06
3.59216e-07
4.9032e-06
3.68579e-07
5.1818e-06
3.36448e-07
5.2933e-06
3.3047e-07
4.4476e-06
3.54874e-07
3.43738e-06
3.48658e-07
3.73037e-06
3.39792e-07
4.21501e-06
3.38561e-07
4.97218e-06
3.48024e-07
4.69653e-06
3.75788e-07
4.08911e-06
3.29239e-07
3.47891e-06
3.32698e-07
2.13227e-06
4.11816e-07
9.25201e-07
3.6908e-07
7.65282e-07
3.63352e-07
7.05932e-07
3.71149e-07
7.09926e-07
3.77948e-07
6.97942e-07
3.99745e-07
5.36781e-07
4.53121e-07
4.40514e-07
5.06094e-07
4.22403e-07
5.76258e-07
3.87511e-07
6.01944e-07
4.15092e-07
4.98978e-07
4.23854e-07
5.34662e-07
3.98681e-07
6.56143e-07
3.81255e-07
7.55869e-07
3.53997e-07
6.82464e-07
3.8164e-07
5.61618e-07
3.90378e-07
5.46785e-07
4.0418e-07
5.80893e-07
3.90868e-07
5.86666e-07
3.55518e-07
5.58353e-07
3.65264e-07
5.80046e-07
3.91591e-07
8.16097e-07
3.4472e-07
1.29616e-06
3.31356e-07
1.66115e-06
3.09935e-07
1.36949e-06
3.05518e-07
1.31372e-06
3.09914e-07
1.39474e-06
3.06046e-07
1.46055e-06
3.0512e-07
1.7184e-06
2.98186e-07
1.7876e-06
2.98021e-07
1.50985e-06
3.01332e-07
1.18804e-06
3.00211e-07
9.43962e-07
3.0467e-07
9.71134e-07
3.34325e-07
1.30366e-06
3.4081e-07
2.00812e-06
3.16651e-07
2.57787e-06
3.07605e-07
2.7291e-06
3.07711e-07
3.21345e-06
3.03338e-07
2.84586e-06
3.03572e-07
2.66535e-06
2.88786e-07
2.92094e-06
2.91781e-07
3.26048e-06
3.02717e-07
4.51391e-06
3.13533e-07
6.33491e-06
2.98316e-07
7.1974e-06
2.87427e-07
7.09731e-06
2.88018e-07
7.06075e-06
2.82411e-07
8.1917e-06
2.8061e-07
8.2946e-06
2.86908e-07
7.31628e-06
2.93755e-07
8.46372e-06
2.81302e-07
9.17605e-06
2.7568e-07
9.36599e-06
2.78648e-07
1.09063e-05
2.80029e-07
1.13195e-05
3.3013e-07
1.44708e-05
2.93299e-07
2.06757e-05
2.69065e-07
1.59336e-05
2.86513e-07
1.47268e-05
2.85994e-07
1.48793e-05
2.73704e-07
1.38239e-05
2.7191e-07
1.27141e-05
2.71281e-07
1.11932e-05
2.66696e-07
1.11934e-05
2.61876e-07
1.02373e-05
2.67169e-07
1.00015e-05
2.76147e-07
1.21132e-05
2.84169e-07
1.30769e-05
2.93728e-07
1.66304e-05
2.84406e-07
2.56212e-05
3.04065e-07
4.26116e-05
2.72854e-07
5.09935e-05
2.62112e-07
4.85141e-05
2.66594e-07
4.44451e-05
2.54548e-07
4.1455e-05
2.52229e-07
4.05046e-05
2.86582e-07
5.89156e-05
2.66198e-07
6.84711e-05
2.48802e-07
6.09727e-05
2.67068e-07
7.02845e-05
2.77672e-07
8.76813e-05
2.59613e-07
7.45932e-05
2.65531e-07
6.43725e-05
2.81792e-07
8.56298e-05
2.55985e-07
0.000107247
2.45514e-07
8.92933e-05
2.72727e-07
9.67402e-05
2.70917e-07
0.000101987
2.67848e-07
0.000112194
2.66435e-07
0.000163675
2.53003e-07
0.000215459
2.5333e-07
0.000262136
2.67756e-07
0.000305825
2.82762e-07
0.000434117
2.73799e-07
0.000470768
2.87061e-07
0.000668313
2.50574e-07
0.000781227
2.42145e-07
0.000789454
2.4699e-07
0.000759685
2.51044e-07
0.00076076
2.4699e-07
0.000710743
2.53688e-07
0.00070342
2.44399e-07
0.00071322
2.3732e-07
0.000567311
2.55293e-07
0.000515993
2.85077e-07
0.000645086
2.67035e-07
0.000676834
2.36797e-07
0.000757066
2.44268e-07
0.000671619
2.78475e-07
0.000580779
2.42537e-07
0.000533687
2.40819e-07
0.000536922
2.39257e-07
0.000619726
2.43598e-07
0.000591766
2.53713e-07
0.000479119
2.50372e-07
0.000430598
2.39417e-07
0.000478107
2.4365e-07
0.000462195
2.40408e-07
0.000453353
2.37806e-07
0.00047645
2.38492e-07
0.000447195
2.29447e-07
0.000417566
2.36082e-07
0.000458649
2.38414e-07
0.000489036
2.24202e-07
0.000602865
2.26064e-07
0.000693929
2.32445e-07
0.000656762
2.4274e-07
0.000522068
2.60077e-07
0.000360225
2.56306e-07
0.000235074
2.35607e-07
0.000231502
2.27971e-07
0.000246227
2.41842e-07
0.000179439
2.38054e-07
0.000140062
2.33907e-07
0.000133635
2.32898e-07
0.000157899
2.30654e-07
0.00014916
2.23928e-07
0.000144511
2.28323e-07
0.000145067
2.35177e-07
0.000105536
2.69018e-07
5.25478e-05
2.31983e-07
5.1494e-05
2.22494e-07
4.69919e-05
2.25774e-07
3.98052e-05
2.30002e-07
3.71801e-05
2.33959e-07
4.59213e-05
2.25633e-07
3.73499e-05
2.43836e-07
2.38654e-05
2.15507e-07
2.86907e-05
2.05703e-07
4.53574e-05
2.09673e-07
5.40907e-05
2.16295e-07
4.63154e-05
2.15922e-07
4.36855e-05
2.27564e-07
3.68011e-05
2.37138e-07
3.08227e-05
2.1607e-07
2.88389e-05
2.18927e-07
2.61328e-05
2.11075e-07
2.70123e-05
2.13158e-07
2.22252e-05
2.32183e-07
1.65034e-05
2.2316e-07
1.60685e-05
2.2189e-07
1.65182e-05
2.11258e-07
1.49429e-05
2.22446e-07
1.19332e-05
2.11017e-07
1.18905e-05
2.20678e-07
1.00151e-05
2.4777e-07
6.66363e-06
2.23461e-07
5.75311e-06
2.14071e-07
6.81918e-06
2.16558e-07
7.4093e-06
2.20433e-07
6.97517e-06
2.03364e-07
7.16293e-06
2.14203e-07
5.4698e-06
2.25504e-07
3.6053e-06
2.11126e-07
3.17334e-06
2.19966e-07
2.39814e-06
2.36446e-07
1.62972e-06
2.26567e-07
1.1362e-06
2.43409e-07
8.91194e-07
2.14004e-07
8.42401e-07
2.23682e-07
6.65918e-07
2.4232e-07
6.26949e-07
2.22256e-07
6.53724e-07
2.18401e-07
6.06941e-07
2.14358e-07
5.83895e-07
2.16137e-07
5.36358e-07
2.19089e-07
5.19654e-07
2.13615e-07
6.00145e-07
2.09071e-07
8.22679e-07
2.11768e-07
9.69906e-07
2.19588e-07
8.0621e-07
2.18111e-07
6.81938e-07
2.07866e-07
8.19949e-07
2.09328e-07
7.96642e-07
2.14129e-07
6.31703e-07
2.14618e-07
6.87229e-07
2.11436e-07
7.90338e-07
2.0377e-07
7.77988e-07
2.05032e-07
7.27062e-07
2.12184e-07
6.5352e-07
2.19226e-07
6.05484e-07
2.14029e-07
5.51675e-07
2.3385e-07
3.72611e-07
2.92308e-07
2.61525e-07
3.24639e-07
2.36025e-07
3.22365e-07
2.57142e-07
3.25088e-07
2.65247e-07
3.13793e-07
2.59962e-07
2.77611e-07
2.74652e-07
2.81555e-07
2.85333e-07
3.39119e-07
2.65749e-07
4.17247e-07
2.24867e-07
4.92893e-07
2.29725e-07
4.37494e-07
2.22845e-07
4.31758e-07
2.27452e-07
5.10043e-07
2.16223e-07
5.83253e-07
2.02973e-07
4.87875e-07
2.12457e-07
4.17035e-07
2.19656e-07
4.18466e-07
2.15401e-07
5.50698e-07
2.14968e-07
7.2163e-07
2.12973e-07
7.50537e-07
1.94662e-07
7.95071e-07
1.92367e-07
8.12277e-07
1.98036e-07
9.20504e-07
1.94412e-07
1.0119e-06
1.9915e-07
9.39965e-07
1.99799e-07
8.99887e-07
1.9838e-07
1.01887e-06
2.07748e-07
1.42135e-06
1.93575e-07
1.68613e-06
1.8107e-07
1.7084e-06
1.82391e-07
1.72843e-06
1.99194e-07
1.35796e-06
1.8863e-07
1.38396e-06
1.9308e-07
1.8837e-06
1.95802e-07
2.98667e-06
1.88386e-07
3.69217e-06
2.02791e-07
4.99799e-06
1.96772e-07
5.13477e-06
2.10709e-07
9.36522e-06
1.78477e-07
1.05913e-05
1.95858e-07
1.15107e-05
1.91993e-07
1.43251e-05
1.7831e-07
1.42566e-05
1.82391e-07
1.70349e-05
1.85097e-07
2.15924e-05
2.02922e-07
3.76988e-05
1.91893e-07
5.54468e-05
1.9452e-07
8.29664e-05
1.95981e-07
0.00014896
1.72849e-07
0.000114911
1.72119e-07
9.05527e-05
1.77016e-07
9.5283e-05
1.69842e-07
6.37706e-05
1.68386e-07
5.57458e-05
1.69114e-07
5.17382e-05
1.68317e-07
3.83027e-05
1.70039e-07
3.78863e-05
1.71166e-07
4.09089e-05
1.77479e-07
4.09477e-05
1.66865e-07
3.82236e-05
1.6146e-07
2.90416e-05
1.70752e-07
2.66419e-05
1.81143e-07
3.47609e-05
1.76136e-07
4.252e-05
1.73293e-07
4.7202e-05
1.69843e-07
4.63847e-05
1.65717e-07
4.52619e-05
1.6211e-07
4.55125e-05
1.61616e-07
3.71243e-05
1.58524e-07
2.41246e-05
1.60197e-07
2.19692e-05
1.91563e-07
3.8811e-05
1.77705e-07
6.4244e-05
1.73528e-07
6.10607e-05
1.68169e-07
6.24485e-05
1.65735e-07
5.52335e-05
1.7186e-07
5.53557e-05
1.62359e-07
5.34197e-05
1.94258e-07
9.59301e-05
1.67446e-07
0.000139574
1.53153e-07
0.000134761
1.54832e-07
0.000142146
1.66506e-07
0.00015594
1.70295e-07
0.000214889
1.53422e-07
0.000202428
1.49425e-07
0.000128288
1.52851e-07
0.000120598
1.58589e-07
0.000136468
1.58983e-07
0.000149411
1.72483e-07
0.000213753
1.55818e-07
0.000240027
1.52916e-07
0.000221118
1.52753e-07
0.000229773
1.5101e-07
0.000237345
1.58674e-07
0.000232564
1.54056e-07
0.000188601
1.64095e-07
0.000221173
1.58666e-07
0.000297631
1.47559e-07
0.00032069
1.53789e-07
0.000353724
1.55709e-07
0.000325616
1.49571e-07
0.000349548
1.52196e-07
0.000404357
1.5718e-07
0.000419727
1.57195e-07
0.000429664
1.49561e-07
0.000437406
1.51158e-07
0.000423343
1.49439e-07
0.000399223
1.51446e-07
0.000329398
1.60722e-07
0.000274497
1.61782e-07
0.000214181
1.55979e-07
0.000148772
1.49129e-07
0.000129872
1.5223e-07
0.00013429
1.50292e-07
0.000113848
1.56578e-07
6.79087e-05
1.65856e-07
4.55785e-05
1.43749e-07
5.60293e-05
1.46189e-07
6.27295e-05
1.52754e-07
4.64433e-05
1.49354e-07
3.60327e-05
1.43222e-07
3.2634e-05
1.45826e-07
2.74803e-05
1.41572e-07
2.986e-05
1.33805e-07
3.32574e-05
1.37529e-07
3.04009e-05
1.42318e-07
2.96601e-05
1.40956e-07
2.90774e-05
1.40516e-07
2.92779e-05
1.36778e-07
3.51305e-05
1.36238e-07
3.80671e-05
1.3285e-07
4.44098e-05
1.34558e-07
4.95544e-05
1.37652e-07
5.26351e-05
1.38151e-07
4.78126e-05
1.37514e-07
3.9084e-05
1.44242e-07
2.67152e-05
1.37868e-07
2.98526e-05
1.27618e-07
3.84649e-05
1.35197e-07
3.55035e-05
1.32719e-07
5.10722e-05
1.28663e-07
5.28787e-05
1.35995e-07
4.16319e-05
1.26358e-07
3.81146e-05
1.32297e-07
2.46152e-05
1.4976e-07
1.14664e-05
1.3939e-07
8.2461e-06
1.28161e-07
9.2301e-06
1.25205e-07
9.62059e-06
1.43271e-07
6.37096e-06
1.40128e-07
4.27677e-06
1.33878e-07
2.8948e-06
1.28465e-07
2.43767e-06
1.24393e-07
2.57225e-06
1.27644e-07
2.31562e-06
1.30558e-07
2.33822e-06
1.30636e-07
2.01164e-06
1.2572e-07
1.69053e-06
1.22892e-07
1.96022e-06
1.22787e-07
2.48427e-06
1.20406e-07
2.51533e-06
1.18918e-07
3.48744e-06
1.16922e-07
5.07126e-06
1.18099e-07
5.14083e-06
1.31045e-07
3.26022e-06
1.26969e-07
3.12613e-06
1.18878e-07
3.07778e-06
1.20831e-07
2.52645e-06
1.17962e-07
2.193e-06
1.16631e-07
1.83592e-06
1.25722e-07
1.08369e-06
1.23834e-07
7.44669e-07
1.1592e-07
7.47367e-07
1.20243e-07
8.45743e-07
1.13649e-07
9.18719e-07
1.09436e-07
1.04769e-06
1.16188e-07
9.18696e-07
1.21876e-07
7.60777e-07
1.16258e-07
7.33427e-07
1.23938e-07
5.04941e-07
1.16737e-07
4.97335e-07
1.16229e-07
4.0788e-07
1.42591e-07
3.16668e-07
1.19418e-07
3.36037e-07
1.18724e-07
2.63003e-07
1.27536e-07
2.03068e-07
1.38034e-07
1.9406e-07
1.48529e-07
1.64908e-07
1.93928e-07
1.29233e-07
2.10894e-07
1.30123e-07
2.40395e-07
1.18892e-07
2.93587e-07
1.15644e-07
2.54854e-07
1.19498e-07
2.74196e-07
1.17818e-07
3.63757e-07
1.19442e-07
4.59692e-07
1.08741e-07
4.74984e-07
1.05752e-07
4.19468e-07
1.11996e-07
3.37592e-07
1.16164e-07
3.98582e-07
1.05707e-07
5.01758e-07
1.07377e-07
5.99363e-07
1.11006e-07
5.34187e-07
1.00545e-07
4.56757e-07
1.05084e-07
3.47354e-07
1.14235e-07
3.11612e-07
1.07579e-07
2.59963e-07
1.16271e-07
2.19189e-07
1.22922e-07
2.45509e-07
1.1367e-07
2.2372e-07
1.14836e-07
2.31282e-07
1.1842e-07
3.05267e-07
1.0943e-07
3.71934e-07
1.02839e-07
3.35281e-07
1.06555e-07
2.66322e-07
1.09467e-07
2.31998e-07
1.17367e-07
2.90816e-07
1.19415e-07
7.07923e-07
1.03323e-07
1.06381e-06
1.00301e-07
1.2015e-06
9.67187e-08
1.16984e-06
1.01024e-07
9.98371e-07
1.12333e-07
1.14826e-06
1.11844e-07
2.23791e-06
1.01315e-07
3.10402e-06
9.90846e-08
2.69342e-06
1.00302e-07
2.11093e-06
1.02318e-07
2.34309e-06
9.64857e-08
2.20691e-06
9.45793e-08
2.16517e-06
1.01843e-07
2.90838e-06
9.68409e-08
3.68307e-06
9.46272e-08
3.72807e-06
1.0035e-07
3.7457e-06
1.01334e-07
4.60597e-06
1.03107e-07
6.53475e-06
9.45634e-08
7.65908e-06
9.58824e-08
8.16848e-06
9.69699e-08
7.44565e-06
9.60864e-08
7.79919e-06
1.0016e-07
1.12666e-05
9.6586e-08
1.31933e-05
9.49706e-08
1.09639e-05
9.44296e-08
1.10097e-05
9.34196e-08
1.107e-05
9.45087e-08
1.10504e-05
9.44053e-08
1.06589e-05
9.81336e-08
9.29899e-06
9.84616e-08
1.16378e-05
9.15499e-08
1.4196e-05
9.25969e-08
1.35969e-05
9.6171e-08
1.26632e-05
9.92725e-08
1.69209e-05
9.91558e-08
2.51512e-05
1.02683e-07
3.75842e-05
9.78315e-08
5.45788e-05
8.74196e-08
4.40929e-05
8.9093e-08
4.49072e-05
1.01262e-07
6.52569e-05
9.22967e-08
7.64554e-05
8.73338e-08
6.67418e-05
9.55169e-08
7.62779e-05
1.03717e-07
0.000129939
9.39458e-08
0.000167652
8.76468e-08
0.000151329
8.63355e-08
0.000145859
8.71341e-08
0.000168832
8.51398e-08
0.000156382
8.52314e-08
0.000106531
9.21794e-08
0.000103032
9.51819e-08
0.000138808
8.70304e-08
0.000126664
8.15132e-08
9.22298e-05
8.26655e-08
7.2283e-05
9.03498e-08
8.1691e-05
8.61676e-08
9.38475e-05
8.07166e-08
7.16605e-05
8.01532e-08
5.49032e-05
8.23255e-08
5.55489e-05
8.24411e-08
6.03883e-05
8.44423e-08
7.0589e-05
9.10305e-08
0.000123569
8.06912e-08
0.000163283
7.79601e-08
0.000143268
8.03884e-08
0.0001313
8.72446e-08
0.000146745
9.26929e-08
0.000173935
8.82288e-08
0.000212433
7.96741e-08
0.000223867
7.81862e-08
0.000202457
7.88945e-08
0.000157101
7.91629e-08
0.000156266
8.23067e-08
0.0001906
8.00855e-08
0.000217895
8.78995e-08
0.000196819
8.59639e-08
0.0002278
7.59103e-08
0.000223427
7.97527e-08
0.000198326
7.95483e-08
0.000194159
7.82912e-08
0.000179923
7.95357e-08
0.000192404
7.64277e-08
0.000172129
8.34711e-08
0.000103528
7.75585e-08
0.000110048
7.5216e-08
0.000117567
7.99017e-08
8.65842e-05
7.72773e-08
7.67679e-05
7.82696e-08
6.62321e-05
7.38903e-08
7.76901e-05
7.02537e-08
9.0279e-05
7.20043e-08
0.000100329
7.48321e-08
0.000120569
7.21234e-08
0.000136245
7.58145e-08
0.000129311
7.21204e-08
0.00013596
6.82982e-08
0.000164727
7.02681e-08
0.000176974
7.77688e-08
0.000143716
7.48237e-08
0.000122597
7.27628e-08
0.000106416
7.12735e-08
8.49463e-05
7.70204e-08
4.90989e-05
7.90142e-08
3.29146e-05
7.61379e-08
2.43081e-05
7.17598e-08
2.44432e-05
6.55867e-08
2.88529e-05
7.17221e-08
1.98079e-05
7.67338e-08
1.54405e-05
6.61742e-08
1.89696e-05
6.65525e-08
2.04502e-05
6.76625e-08
1.85311e-05
7.23327e-08
1.35895e-05
7.58022e-08
1.12252e-05
7.32326e-08
1.03124e-05
7.145e-08
7.19388e-06
7.04891e-08
6.05731e-06
6.60402e-08
8.09261e-06
6.74992e-08
6.75271e-06
6.76069e-08
6.59041e-06
6.47044e-08
6.83153e-06
6.76898e-08
5.40999e-06
6.50309e-08
5.4678e-06
6.59058e-08
5.13748e-06
6.52177e-08
4.43551e-06
6.59688e-08
3.13082e-06
6.92633e-08
2.09291e-06
6.29828e-08
1.74288e-06
6.2778e-08
1.55328e-06
6.32769e-08
1.84202e-06
6.2102e-08
1.97893e-06
6.37826e-08
1.54798e-06
6.57844e-08
1.28854e-06
6.24194e-08
1.27477e-06
6.2851e-08
1.32781e-06
6.10526e-08
1.67651e-06
6.26214e-08
1.60568e-06
6.10427e-08
1.97693e-06
5.93079e-08
2.43838e-06
6.81221e-08
1.19246e-06
6.81866e-08
6.96123e-07
6.07919e-08
7.03763e-07
5.69676e-08
8.97714e-07
5.80705e-08
1.17051e-06
6.12605e-08
1.02052e-06
5.7717e-08
9.39441e-07
5.74511e-08
9.76079e-07
6.01164e-08
1.03598e-06
5.91933e-08
9.89851e-07
6.45214e-08
4.82523e-07
6.6365e-08
2.56806e-07
6.04408e-08
1.92727e-07
6.1444e-08
1.48641e-07
6.43085e-08
1.23824e-07
6.45499e-08
1.24502e-07
7.17544e-08
1.19364e-07
6.75242e-08
1.13772e-07
6.35399e-08
1.11045e-07
6.57103e-08
1.14565e-07
6.47541e-08
1.18568e-07
5.95445e-08
1.23893e-07
5.89954e-08
1.43773e-07
6.30042e-08
1.48094e-07
5.98676e-08
1.239e-07
6.21086e-08
9.32361e-08
6.75392e-08
8.47446e-08
7.49322e-08
7.93732e-08
7.87579e-08
7.34367e-08
7.58992e-08
7.36868e-08
7.52377e-08
7.64718e-08
7.16978e-08
7.67693e-08
7.55187e-08
7.4782e-08
8.48017e-08
7.29782e-08
1.16118e-07
5.99382e-08
1.45065e-07
5.74357e-08
1.49292e-07
5.88096e-08
1.66756e-07
5.84824e-08
1.65654e-07
5.66787e-08
1.71238e-07
5.577e-08
1.80939e-07
5.4605e-08
1.41985e-07
5.2832e-08
1.18053e-07
5.65339e-08
1.08605e-07
6.29314e-08
1.47714e-07
5.427e-08
1.59631e-07
5.26345e-08
1.37314e-07
5.65527e-08
1.57993e-07
5.87644e-08
2.68567e-07
5.45625e-08
3.46068e-07
5.03349e-08
3.53743e-07
5.15582e-08
3.67282e-07
5.29664e-08
4.9231e-07
4.98597e-08
5.10182e-07
5.09979e-08
4.48776e-07
4.91968e-08
5.08664e-07
4.70587e-08
4.88936e-07
4.69234e-08
5.00833e-07
4.975e-08
6.28201e-07
5.03202e-08
7.95137e-07
5.09499e-08
8.46256e-07
5.01981e-08
8.31885e-07
4.82027e-08
6.99064e-07
5.09542e-08
8.07471e-07
4.84575e-08
1.08626e-06
4.64759e-08
1.10283e-06
4.69197e-08
8.89731e-07
4.57476e-08
8.25022e-07
4.57344e-08
7.8884e-07
5.10122e-08
9.97366e-07
5.2787e-08
1.90789e-06
4.98988e-08
2.23779e-06
4.98528e-08
2.47234e-06
4.80816e-08
3.25094e-06
4.67377e-08
4.34456e-06
4.51064e-08
4.64905e-06
4.58848e-08
4.86245e-06
4.69199e-08
6.11652e-06
4.48163e-08
7.14525e-06
4.4807e-08
7.59886e-06
4.42379e-08
5.74186e-06
4.34278e-08
3.76633e-06
4.51598e-08
3.41848e-06
5.06307e-08
5.1459e-06
4.87199e-08
6.71588e-06
4.80495e-08
7.25573e-06
5.13137e-08
1.14447e-05
4.56585e-08
1.30188e-05
4.63855e-08
1.69967e-05
4.4607e-08
1.58903e-05
4.62509e-08
1.46594e-05
4.6814e-08
1.92364e-05
4.62118e-08
2.21595e-05
4.50106e-08
2.57234e-05
4.29266e-08
2.14336e-05
4.38186e-08
1.89523e-05
4.53154e-08
2.39691e-05
4.55041e-08
2.58335e-05
4.32407e-08
2.0381e-05
4.45993e-08
2.22968e-05
4.55006e-08
2.42098e-05
4.34642e-08
2.46023e-05
4.31966e-08
2.80973e-05
4.28951e-08
2.4951e-05
4.60055e-08
2.04495e-05
5.07811e-08
3.37837e-05
4.54031e-08
4.18008e-05
4.2368e-08
3.82043e-05
4.20221e-08
3.6687e-05
4.25122e-08
3.86524e-05
4.19156e-08
4.23075e-05
4.27609e-08
4.16038e-05
4.52316e-08
4.58622e-05
4.51314e-08
6.83732e-05
4.10011e-08
6.99616e-05
4.03222e-08
6.33081e-05
4.07392e-08
5.43195e-05
4.37214e-08
4.97444e-05
4.52329e-08
7.32373e-05
4.12863e-08
8.04923e-05
4.09458e-08
6.96925e-05
4.63748e-08
8.01588e-05
4.52201e-08
0.000117634
4.06754e-08
0.000122098
4.11636e-08
0.000119829
4.06405e-08
0.00012102
4.09837e-08
0.000113715
4.15558e-08
0.000119936
3.96325e-08
0.000120179
4.12778e-08
0.000114141
4.06468e-08
0.000119179
3.87122e-08
0.000117068
3.93061e-08
0.00011214
3.92117e-08
0.000108186
4.00281e-08
0.000109099
4.03586e-08
0.00010472
4.13485e-08
8.2678e-05
3.98215e-08
6.60792e-05
3.7886e-08
5.86907e-05
3.85763e-08
5.13639e-05
4.25811e-08
3.24948e-05
4.24157e-08
2.77451e-05
3.76865e-08
2.53592e-05
3.83349e-08
1.78184e-05
3.67795e-08
1.88318e-05
3.66461e-08
2.6336e-05
3.68126e-08
2.56888e-05
3.71982e-08
2.54646e-05
3.76808e-08
3.15389e-05
3.67537e-08
2.9494e-05
3.67514e-08
2.55363e-05
3.90125e-08
1.90721e-05
3.69683e-08
1.59665e-05
3.43988e-08
1.37997e-05
3.78424e-08
8.114e-06
3.88824e-08
6.47445e-06
3.61618e-08
5.92228e-06
3.45559e-08
6.16991e-06
3.56762e-08
4.68339e-06
4.28226e-08
2.70903e-06
3.53399e-08
2.94325e-06
3.45567e-08
2.88149e-06
3.45317e-08
3.45629e-06
3.61627e-08
3.35526e-06
3.46396e-08
2.90517e-06
3.56788e-08
2.38633e-06
3.58632e-08
2.35815e-06
3.45216e-08
2.81495e-06
3.57003e-08
2.59019e-06
3.3067e-08
3.23884e-06
3.29502e-08
3.79091e-06
3.41312e-08
3.11628e-06
3.33976e-08
2.9277e-06
3.38786e-08
2.70319e-06
3.54953e-08
2.0956e-06
3.57366e-08
1.29548e-06
3.82974e-08
9.4018e-07
3.34657e-08
7.71274e-07
3.30399e-08
7.22981e-07
3.21839e-08
1.01124e-06
3.14818e-08
1.14154e-06
3.18233e-08
1.17196e-06
3.15895e-08
1.24178e-06
3.11004e-08
1.41747e-06
3.2545e-08
1.40008e-06
3.25243e-08
1.11445e-06
3.48743e-08
6.50455e-07
3.33501e-08
6.63874e-07
3.11049e-08
8.56675e-07
3.39866e-08
7.86225e-07
3.24651e-08
7.78e-07
3.27393e-08
8.16843e-07
3.28241e-08
7.35497e-07
3.31522e-08
6.14434e-07
3.26425e-08
4.95556e-07
3.43346e-08
2.65994e-07
3.56223e-08
2.1146e-07
3.19991e-08
2.28973e-07
3.46347e-08
1.36575e-07
3.30383e-08
1.20613e-07
3.08641e-08
1.33801e-07
3.23674e-08
1.1091e-07
3.13199e-08
1.02235e-07
3.00811e-08
1.34681e-07
3.20487e-08
1.21553e-07
3.25436e-08
9.99121e-08
3.00386e-08
1.14309e-07
2.94604e-08
1.09791e-07
3.0092e-08
9.38241e-08
3.63032e-08
7.93388e-08
3.61856e-08
6.35574e-08
3.66465e-08
5.09556e-08
3.83033e-08
5.0217e-08
3.95204e-08
4.93312e-08
3.84163e-08
4.89651e-08
4.07867e-08
3.87623e-08
4.696e-08
3.51659e-08
5.03676e-08
3.49117e-08
5.54461e-08
3.31386e-08
6.87668e-08
3.1036e-08
7.85966e-08
3.15239e-08
8.09203e-08
3.19372e-08
7.02116e-08
3.0205e-08
5.97931e-08
3.06715e-08
5.78868e-08
3.40951e-08
5.4658e-08
3.44036e-08
6.04801e-08
3.37311e-08
7.43068e-08
3.04545e-08
8.81719e-08
2.9529e-08
1.0534e-07
2.94152e-08
1.02204e-07
3.03818e-08
9.14067e-08
3.30855e-08
1.22062e-07
3.09992e-08
1.4509e-07
3.01881e-08
1.66838e-07
2.90759e-08
1.94051e-07
2.8629e-08
2.64093e-07
2.7282e-08
2.81916e-07
2.83913e-08
2.31523e-07
2.7194e-08
2.46116e-07
2.65088e-08
2.37059e-07
2.74607e-08
2.182e-07
2.72147e-08
1.98958e-07
2.69222e-08
1.75989e-07
2.88099e-08
2.05523e-07
3.12977e-08
3.46381e-07
2.82334e-08
4.07128e-07
2.66786e-08
4.36921e-07
2.57852e-08
4.89312e-07
2.63939e-08
5.66729e-07
2.79334e-08
7.00108e-07
2.64077e-08
6.88635e-07
2.70643e-08
9.07568e-07
2.69428e-08
9.94863e-07
2.53704e-08
7.08014e-07
2.42392e-08
5.58714e-07
2.46583e-08
4.00462e-07
2.6957e-08
5.6449e-07
2.655e-08
8.85544e-07
2.56695e-08
9.52039e-07
2.39354e-08
7.98098e-07
2.36916e-08
5.5177e-07
2.46749e-08
4.52537e-07
2.70178e-08
7.11003e-07
2.58857e-08
1.12722e-06
2.39102e-08
1.09698e-06
2.42853e-08
9.76263e-07
2.60908e-08
1.13695e-06
2.79645e-08
1.83153e-06
2.54908e-08
2.39934e-06
2.5421e-08
3.10725e-06
2.44089e-08
3.11532e-06
2.67296e-08
3.5209e-06
2.41314e-08
4.21625e-06
2.24805e-08
4.07298e-06
2.31298e-08
3.5767e-06
2.45264e-08
2.70797e-06
2.42348e-08
2.80475e-06
2.27618e-08
2.89895e-06
2.4996e-08
3.64948e-06
2.73787e-08
7.86204e-06
2.34501e-08
9.14819e-06
2.41727e-08
1.07266e-05
2.43199e-08
1.18309e-05
2.27682e-08
1.06496e-05
2.24092e-08
1.03918e-05
2.32765e-08
1.27244e-05
2.29192e-08
1.35608e-05
2.51219e-08
1.62154e-05
2.26464e-08
1.73094e-05
2.21226e-08
1.53237e-05
2.29198e-08
1.73181e-05
2.35568e-08
1.97287e-05
2.31385e-08
2.22142e-05
2.16594e-08
2.03097e-05
2.22103e-08
2.10544e-05
2.17614e-08
1.99886e-05
2.16661e-08
1.68198e-05
2.16462e-08
1.23049e-05
2.28139e-08
1.26178e-05
2.35635e-08
2.24329e-05
2.20569e-08
3.02337e-05
2.20988e-08
3.2987e-05
2.08707e-08
3.13744e-05
2.07371e-08
2.59758e-05
2.28777e-08
2.94576e-05
2.47937e-08
5.7414e-05
2.05833e-08
6.31668e-05
2.16495e-08
5.74186e-05
2.18944e-08
6.2305e-05
2.02574e-08
6.03077e-05
2.05325e-08
5.39817e-05
2.09466e-08
5.35648e-05
2.09982e-08
5.13355e-05
2.21165e-08
5.18568e-05
2.48581e-08
5.59284e-05
2.06332e-08
6.12072e-05
2.01418e-08
6.33369e-05
2.1438e-08
6.09031e-05
2.09757e-08
6.33215e-05
2.0332e-08
6.23787e-05
1.99618e-08
5.65905e-05
2.04305e-08
5.30681e-05
2.18837e-08
5.7993e-05
2.00466e-08
5.98737e-05
2.00154e-08
5.62526e-05
2.06255e-08
5.88055e-05
2.07036e-08
5.9815e-05
2.02496e-08
5.6702e-05
2.0496e-08
4.52178e-05
2.06126e-08
4.07117e-05
1.98353e-08
4.74778e-05
2.03045e-08
4.23663e-05
2.02446e-08
3.28294e-05
1.97469e-08
2.85832e-05
1.96801e-08
2.75286e-05
2.14466e-08
2.40347e-05
2.02173e-08
2.38754e-05
1.94471e-08
2.27409e-05
1.95389e-08
2.98558e-05
1.92987e-08
2.70805e-05
2.34933e-08
1.38647e-05
1.89227e-08
1.67287e-05
1.99857e-08
1.34391e-05
2.09579e-08
9.29254e-06
1.88243e-08
7.80879e-06
1.93176e-08
6.30568e-06
1.86964e-08
6.16291e-06
1.86655e-08
5.69927e-06
2.0631e-08
4.18756e-06
2.00626e-08
2.75678e-06
2.07335e-08
1.61815e-06
1.96657e-08
1.30071e-06
1.82073e-08
1.09656e-06
1.8152e-08
1.09981e-06
1.82928e-08
1.21494e-06
1.83605e-08
1.36022e-06
1.7668e-08
1.47982e-06
1.79643e-08
1.3885e-06
1.80168e-08
1.46551e-06
1.77369e-08
1.81643e-06
1.90682e-08
1.70004e-06
1.81368e-08
1.45376e-06
1.78137e-08
1.21678e-06
1.83596e-08
9.40162e-07
1.78408e-08
9.58662e-07
1.78256e-08
9.3369e-07
1.85283e-08
7.51919e-07
1.83388e-08
7.32729e-07
1.71691e-08
7.33687e-07
1.65071e-08
9.34103e-07
1.62918e-08
1.16029e-06
1.74255e-08
7.74376e-07
1.87662e-08
4.39439e-07
1.71616e-08
3.52238e-07
1.72497e-08
2.84361e-07
1.77077e-08
2.57893e-07
1.64574e-08
2.91846e-07
1.61331e-08
3.06545e-07
1.7364e-08
2.13965e-07
1.98563e-08
1.55001e-07
1.65691e-08
2.01799e-07
1.56061e-08
2.59784e-07
1.63522e-08
3.02486e-07
1.69042e-08
2.76693e-07
1.81011e-08
1.5269e-07
1.85675e-08
1.13149e-07
1.65239e-08
1.0586e-07
1.6912e-08
9.61028e-08
1.66851e-08
9.43503e-08
1.77113e-08
7.89966e-08
1.62176e-08
8.75418e-08
1.56025e-08
9.35928e-08
1.59288e-08
1.05648e-07
1.58811e-08
1.01018e-07
1.61042e-08
8.19757e-08
1.66026e-08
6.07438e-08
1.67048e-08
5.26623e-08
1.57738e-08
5.41887e-08
1.55917e-08
5.60753e-08
1.64756e-08
5.64991e-08
1.65336e-08
6.10241e-08
1.55588e-08
6.57215e-08
1.56705e-08
8.39135e-08
1.55512e-08
9.61889e-08
1.52716e-08
1.1286e-07
1.51036e-08
1.24968e-07
1.50356e-08
1.37661e-07
1.53169e-08
1.51227e-07
1.66986e-08
9.10619e-08
1.58e-08
6.55993e-08
1.48973e-08
5.96837e-08
1.49621e-08
5.35549e-08
1.60015e-08
4.00122e-08
1.8227e-08
3.31226e-08
1.84346e-08
2.73574e-08
1.93744e-08
2.28377e-08
2.02241e-08
1.9882e-08
2.48891e-08
1.79093e-08
3.16715e-08
1.67131e-08
3.22478e-08
1.8421e-08
5.02866e-08
1.48374e-08
6.47782e-08
1.43204e-08
6.70429e-08
1.45444e-08
7.22865e-08
1.42203e-08
4.82731e-08
1.48496e-08
3.65072e-08
1.53276e-08
3.83131e-08
1.45295e-08
4.40896e-08
1.45639e-08
4.77949e-08
1.50745e-08
5.42821e-08
1.47245e-08
6.11526e-08
1.39825e-08
5.31351e-08
1.40136e-08
5.1229e-08
1.39348e-08
6.22176e-08
1.40778e-08
6.17393e-08
1.50293e-08
6.61932e-08
1.4395e-08
9.01909e-08
1.37703e-08
9.46274e-08
1.35125e-08
8.32974e-08
1.38835e-08
7.70029e-08
1.46718e-08
1.1385e-07
1.35165e-08
1.6115e-07
1.344e-08
2.16766e-07
1.41716e-08
2.84316e-07
1.35037e-08
2.35813e-07
1.339e-08
2.45212e-07
1.37872e-08
2.57745e-07
1.31464e-08
2.64998e-07
1.2791e-08
2.85053e-07
1.35874e-08
3.18792e-07
1.28791e-08
2.82375e-07
1.32883e-08
2.87846e-07
1.4913e-08
5.36984e-07
1.36409e-08
8.47733e-07
1.28434e-08
1.20824e-06
1.21283e-08
1.03297e-06
1.35935e-08
1.06301e-06
1.45617e-08
2.15562e-06
1.24734e-08
2.36101e-06
1.22585e-08
2.2123e-06
1.2236e-08
1.91839e-06
1.27356e-08
1.95506e-06
1.30942e-08
2.17542e-06
1.28175e-08
2.4316e-06
1.25694e-08
2.32019e-06
1.23029e-08
2.20587e-06
1.20822e-08
1.88969e-06
1.2106e-08
1.80396e-06
1.21546e-08
1.40874e-06
1.20279e-08
1.09247e-06
1.19315e-08
1.1909e-06
1.20011e-08
1.34964e-06
1.18163e-08
1.37084e-06
1.17895e-08
1.3517e-06
1.17215e-08
1.39009e-06
1.17553e-08
1.5787e-06
1.22057e-08
2.16692e-06
1.19305e-08
2.27058e-06
1.19533e-08
2.0662e-06
1.25608e-08
2.43299e-06
1.22249e-08
3.09157e-06
1.20312e-08
4.39162e-06
1.19945e-08
5.43266e-06
1.19619e-08
4.7239e-06
1.25398e-08
6.27159e-06
1.17094e-08
6.89792e-06
1.29059e-08
8.20917e-06
1.27018e-08
1.25974e-05
1.1312e-08
9.91976e-06
1.12532e-08
9.24581e-06
1.11853e-08
8.61358e-06
1.17926e-08
8.95325e-06
1.25069e-08
1.17356e-05
1.23915e-08
1.71926e-05
1.19395e-08
2.41132e-05
1.15609e-08
3.01594e-05
1.16188e-08
2.93165e-05
1.18928e-08
3.11187e-05
1.09975e-08
3.39777e-05
1.07946e-08
3.38465e-05
1.06737e-08
3.43222e-05
1.05369e-08
3.35249e-05
1.06298e-08
3.2569e-05
1.05612e-08
3.06929e-05
1.07551e-08
2.99767e-05
1.14611e-08
3.0809e-05
1.06635e-08
3.26846e-05
1.04362e-08
3.21665e-05
1.07218e-08
2.99738e-05
1.11863e-08
3.04322e-05
1.0992e-08
3.02993e-05
1.13904e-08
3.00912e-05
1.07577e-08
3.22687e-05
1.02252e-08
3.26258e-05
1.03596e-08
3.11933e-05
1.09544e-08
2.89491e-05
1.08127e-08
2.91485e-05
1.06214e-08
2.67114e-05
1.12577e-08
2.27786e-05
1.0297e-08
2.29645e-05
1.00442e-08
2.51704e-05
1.06449e-08
2.01646e-05
1.19466e-08
1.08603e-05
1.09533e-08
7.4762e-06
9.98197e-09
6.78644e-06
9.82676e-09
6.48468e-06
9.85326e-09
7.22761e-06
1.01719e-08
9.25208e-06
1.01949e-08
8.03492e-06
1.1282e-08
5.93531e-06
1.12028e-08
5.16778e-06
1.00586e-08
4.89537e-06
1.00028e-08
4.94575e-06
1.03163e-08
4.56733e-06
1.05517e-08
3.72682e-06
1.01786e-08
3.51453e-06
9.94381e-09
3.84826e-06
9.5999e-09
4.45558e-06
9.67942e-09
5.18017e-06
9.73106e-09
4.56979e-06
1.01058e-08
3.24723e-06
9.8073e-09
2.95651e-06
9.41942e-09
3.12608e-06
9.94477e-09
3.36303e-06
1.00464e-08
2.77891e-06
9.71079e-09
2.09243e-06
9.42197e-09
1.85771e-06
9.21248e-09
1.77945e-06
9.40653e-09
1.63617e-06
9.59371e-09
1.82157e-06
9.59836e-09
2.26493e-06
9.42181e-09
2.07712e-06
9.96652e-09
1.43996e-06
9.8631e-09
1.12612e-06
9.62854e-09
1.20011e-06
9.33919e-09
1.1576e-06
1.0634e-08
5.89987e-07
9.90698e-09
5.07434e-07
9.50027e-09
4.40038e-07
9.53288e-09
3.77712e-07
9.25814e-09
3.50458e-07
9.36077e-09
2.95898e-07
9.29902e-09
2.15319e-07
8.80495e-09
1.99014e-07
8.63101e-09
2.33544e-07
9.21822e-09
1.97246e-07
9.49847e-09
1.39736e-07
1.00013e-08
8.4726e-08
9.63927e-09
5.9052e-08
9.20477e-09
5.27895e-08
8.88654e-09
5.86647e-08
9.39879e-09
5.68785e-08
9.11433e-09
5.5155e-08
9.16723e-09
5.03978e-08
9.03105e-09
4.59851e-08
8.92873e-09
5.00337e-08
8.52765e-09
4.60489e-08
8.36679e-09
4.27751e-08
8.45505e-09
4.8661e-08
8.37148e-09
5.66036e-08
8.4515e-09
6.64985e-08
8.19609e-09
7.3514e-08
8.21876e-09
6.15091e-08
8.95265e-09
4.85769e-08
8.7452e-09
5.01852e-08
8.74123e-09
3.76175e-08
8.83556e-09
3.06776e-08
8.64809e-09
3.37976e-08
8.93231e-09
2.3278e-08
9.29238e-09
1.75244e-08
9.02696e-09
2.01482e-08
8.79721e-09
2.04934e-08
9.53176e-09
1.74807e-08
1.11058e-08
1.29412e-08
1.12509e-08
1.20229e-08
1.03715e-08
1.41419e-08
9.90993e-09
1.54311e-08
1.00882e-08
1.31934e-08
1.12921e-08
1.05156e-08
1.14257e-08
9.82508e-09
1.1814e-08
9.71555e-09
1.28549e-08
1.00163e-08
1.41242e-08
9.8384e-09
1.35725e-08
1.01557e-08
1.14663e-08
1.08454e-08
1.72874e-08
8.61036e-09
2.67673e-08
8.10221e-09
2.28383e-08
8.14374e-09
2.31881e-08
7.93867e-09
2.57756e-08
7.59753e-09
2.71241e-08
7.46153e-09
2.66923e-08
7.50379e-09
2.64129e-08
7.63312e-09
2.18368e-08
8.32026e-09
1.55693e-08
9.20826e-09
1.52454e-08
8.43196e-09
1.77396e-08
7.8834e-09
1.94558e-08
7.70158e-09
1.92737e-08
7.88034e-09
1.70455e-08
8.36589e-09
1.64217e-08
8.10451e-09
1.63332e-08
8.61455e-09
1.94319e-08
7.7718e-09
2.5247e-08
7.53498e-09
2.24302e-08
8.95007e-09
3.00805e-08
7.63609e-09
4.6258e-08
7.28696e-09
6.35083e-08
7.77478e-09
8.28468e-08
7.44035e-09
8.91946e-08
7.25989e-09
9.85589e-08
7.33522e-09
1.31323e-07
7.00354e-09
1.27862e-07
7.0703e-09
1.21979e-07
6.80159e-09
1.01274e-07
6.67337e-09
8.74115e-08
6.78818e-09
6.2241e-08
7.14871e-09
4.90905e-08
7.46931e-09
6.71293e-08
7.49187e-09
9.55462e-08
7.51269e-09
1.24222e-07
7.66778e-09
1.72299e-07
7.01314e-09
1.91422e-07
6.95833e-09
2.12143e-07
7.39128e-09
2.93342e-07
6.8435e-09
2.73396e-07
6.91778e-09
2.96737e-07
6.62974e-09
3.001e-07
6.6193e-09
3.22234e-07
6.62296e-09
2.75487e-07
6.57501e-09
2.09881e-07
6.77473e-09
2.12473e-07
6.97958e-09
2.77125e-07
7.1325e-09
3.49373e-07
6.84292e-09
4.11236e-07
6.90827e-09
5.08471e-07
6.64855e-09
5.77886e-07
6.58783e-09
6.00766e-07
7.13218e-09
7.66147e-07
6.67748e-09
6.50635e-07
6.46372e-09
5.45259e-07
6.80599e-09
6.25822e-07
7.67077e-09
1.16551e-06
6.8854e-09
2.11662e-06
6.48304e-09
2.36028e-06
6.40502e-09
2.34713e-06
6.48533e-09
2.65563e-06
6.60665e-09
3.23854e-06
6.5603e-09
3.55687e-06
6.76986e-09
3.2952e-06
6.63771e-09
3.92049e-06
6.82532e-09
5.29439e-06
6.44611e-09
6.05608e-06
6.17879e-09
5.23338e-06
6.15808e-09
4.71076e-06
6.23624e-09
4.37347e-06
6.52021e-09
4.42041e-06
6.64374e-09
4.97787e-06
6.94852e-09
5.97913e-06
7.08331e-09
7.07229e-06
6.65269e-09
9.45509e-06
6.13802e-09
7.73694e-06
6.46602e-09
7.14445e-06
6.33332e-09
9.4353e-06
6.3078e-09
1.11575e-05
6.83121e-09
1.4505e-05
6.28435e-09
1.4213e-05
6.15669e-09
1.29025e-05
6.33767e-09
1.41629e-05
6.29317e-09
1.49842e-05
6.23653e-09
1.3257e-05
6.28832e-09
1.2545e-05
6.08744e-09
1.28131e-05
6.27684e-09
1.24987e-05
6.25987e-09
1.31624e-05
6.10285e-09
1.30802e-05
7.49813e-09
1.49513e-05
6.43807e-09
1.79585e-05
6.23607e-09
1.85589e-05
5.91869e-09
1.8944e-05
6.11663e-09
1.78136e-05
6.47647e-09
1.8221e-05
6.07109e-09
1.73057e-05
6.36455e-09
1.70502e-05
6.50762e-09
1.71534e-05
6.49787e-09
1.76444e-05
6.11636e-09
1.82521e-05
5.84846e-09
1.84186e-05
5.81946e-09
1.82056e-05
5.98558e-09
1.76236e-05
6.10537e-09
1.80282e-05
5.94698e-09
1.80642e-05
6.17089e-09
1.62307e-05
6.23005e-09
1.263e-05
6.88616e-09
7.9474e-06
6.21726e-09
7.59527e-06
6.53767e-09
5.50563e-06
6.31528e-09
5.4718e-06
5.62453e-09
5.8421e-06
5.84224e-09
6.11464e-06
6.05726e-09
5.61124e-06
6.05552e-09
4.00069e-06
6.1935e-09
4.34839e-06
5.86312e-09
5.13149e-06
6.06621e-09
4.06963e-06
6.11972e-09
3.12301e-06
5.76541e-09
2.29614e-06
6.34828e-09
1.37253e-06
5.67951e-09
1.50341e-06
5.50886e-09
1.89467e-06
5.81066e-09
1.82423e-06
5.77917e-09
1.47844e-06
6.15232e-09
8.54803e-07
6.58569e-09
5.2518e-07
5.5369e-09
4.93534e-07
5.49329e-09
5.79298e-07
6.01417e-09
5.19647e-07
5.67074e-09
4.94007e-07
5.39604e-09
5.11366e-07
5.41797e-09
5.67073e-07
5.55786e-09
5.59896e-07
5.66228e-09
6.52878e-07
5.41386e-09
6.69705e-07
5.84593e-09
5.50883e-07
5.77748e-09
6.39511e-07
5.54428e-09
6.03242e-07
5.72479e-09
5.79131e-07
5.64983e-09
5.81656e-07
5.7404e-09
4.84761e-07
5.41108e-09
4.7582e-07
5.25623e-09
5.48763e-07
5.60108e-09
4.89722e-07
5.54756e-09
4.46248e-07
5.40801e-09
3.00262e-07
6.53854e-09
1.32948e-07
5.32025e-09
1.23705e-07
5.39368e-09
1.112e-07
5.38086e-09
1.02394e-07
4.98829e-09
1.02993e-07
5.12443e-09
9.31803e-08
5.67735e-09
8.87346e-08
5.39317e-09
8.53065e-08
5.18346e-09
7.80817e-08
5.33495e-09
7.76941e-08
5.26538e-09
8.05834e-08
5.01963e-09
1.18617e-07
5.47673e-09
8.76072e-08
6.11439e-09
4.95743e-08
5.25914e-09
5.87396e-08
4.89988e-09
6.76259e-08
4.8805e-09
7.65614e-08
5.0169e-09
7.24132e-08
5.03464e-09
6.13098e-08
5.11028e-09
5.62712e-08
5.10144e-09
5.75388e-08
4.96038e-09
6.21077e-08
5.23603e-09
5.54092e-08
5.51201e-09
4.36497e-08
5.13667e-09
3.87861e-08
5.19298e-09
3.0137e-08
5.40343e-09
2.63463e-08
5.33359e-09
2.68563e-08
5.30414e-09
2.10343e-08
5.33649e-09
1.78719e-08
5.29134e-09
2.12808e-08
4.96132e-09
2.85775e-08
4.95454e-09
2.96791e-08
5.29513e-09
3.09951e-08
5.22947e-09
3.138e-08
5.61056e-09
2.13133e-08
5.84344e-09
1.65085e-08
5.28712e-09
1.716e-08
5.15984e-09
1.49932e-08
6.02757e-09
1.00077e-08
5.72532e-09
1.08306e-08
5.41768e-09
1.27289e-08
5.58212e-09
1.18562e-08
5.70605e-09
9.84349e-09
5.94689e-09
8.71077e-09
6.24434e-09
7.63927e-09
7.47692e-09
6.0685e-09
8.58214e-09
5.89346e-09
1.00835e-08
5.98106e-09
1.65864e-08
5.40898e-09
2.36689e-08
5.26465e-09
2.59146e-08
4.90747e-09
2.76017e-08
4.72773e-09
2.79884e-08
4.73542e-09
2.27788e-08
4.85998e-09
1.50985e-08
5.0249e-09
1.10287e-08
5.4447e-09
9.29354e-09
5.76147e-09
9.22798e-09
6.05365e-09
7.8853e-09
6.08153e-09
7.91467e-09
5.66055e-09
1.04405e-08
5.29434e-09
1.65926e-08
4.87066e-09
2.23802e-08
4.84077e-09
1.9379e-08
4.97566e-09
2.00179e-08
5.0746e-09
3.27326e-08
4.92086e-09
5.60111e-08
4.62649e-09
7.03662e-08
4.47788e-09
7.1327e-08
4.47842e-09
6.60609e-08
4.69399e-09
5.40345e-08
4.89384e-09
5.70144e-08
5.42561e-09
1.05231e-07
4.78228e-09
1.1998e-07
4.60268e-09
9.08947e-08
4.56494e-09
9.67552e-08
4.39317e-09
7.7578e-08
4.52569e-09
5.61639e-08
4.73114e-09
7.00218e-08
4.81691e-09
8.51827e-08
4.57736e-09
8.72387e-08
5.19981e-09
1.19717e-07
4.83458e-09
2.0541e-07
4.51438e-09
2.51893e-07
4.48135e-09
2.68612e-07
4.27105e-09
2.02727e-07
4.49348e-09
1.87068e-07
4.55996e-09
2.11132e-07
4.25257e-09
2.1721e-07
4.27113e-09
2.40831e-07
4.4666e-09
3.077e-07
4.41091e-09
3.76333e-07
4.37185e-09
3.95029e-07
4.32464e-09
3.80449e-07
4.18184e-09
3.60342e-07
4.25841e-09
3.01561e-07
4.33089e-09
2.51128e-07
4.50693e-09
2.74363e-07
4.3398e-09
2.66895e-07
4.44369e-09
2.75291e-07
4.39739e-09
3.43125e-07
4.34223e-09
3.01141e-07
4.45816e-09
4.15767e-07
4.38493e-09
4.57195e-07
4.37394e-09
4.82224e-07
4.08531e-09
5.43581e-07
4.04066e-09
5.88779e-07
4.09167e-09
5.89977e-07
4.8117e-09
8.84553e-07
4.3734e-09
1.36483e-06
4.20725e-09
1.37038e-06
4.53772e-09
1.92849e-06
4.20163e-09
2.74436e-06
3.96107e-09
2.93625e-06
3.96861e-09
2.82162e-06
4.06947e-09
3.78496e-06
4.2793e-09
4.73884e-06
4.37251e-09
4.78611e-06
4.31825e-09
6.29264e-06
4.35564e-09
9.12916e-06
4.1257e-09
1.01801e-05
4.10161e-09
1.11289e-05
3.82969e-09
9.89143e-06
3.82145e-09
9.73157e-06
3.85829e-09
1.08211e-05
3.79072e-09
1.09322e-05
3.73063e-09
9.63208e-06
3.95159e-09
9.25263e-06
3.95438e-09
9.96111e-06
3.91663e-09
1.03661e-05
3.91483e-09
1.12712e-05
3.81238e-09
1.11137e-05
3.92922e-09
1.11694e-05
3.73206e-09
1.158e-05
3.59285e-09
1.14476e-05
3.62893e-09
1.09596e-05
3.70213e-09
1.08284e-05
3.60526e-09
1.11372e-05
3.67736e-09
1.00999e-05
4.08981e-09
1.04621e-05
3.53701e-09
1.11082e-05
3.62541e-09
9.83777e-06
3.84678e-09
1.08313e-05
3.36973e-09
1.11418e-05
3.31324e-09
9.35054e-06
3.84862e-09
8.69714e-06
4.00047e-09
1.01935e-05
3.56858e-09
1.01003e-05
3.63166e-09
9.51117e-06
3.48146e-09
9.19234e-06
3.4475e-09
8.6163e-06
3.48267e-09
7.29555e-06
4.1258e-09
4.78524e-06
3.50879e-09
4.22088e-06
3.30009e-09
3.65524e-06
3.44677e-09
3.15393e-06
3.54889e-09
2.75391e-06
3.474e-09
2.68507e-06
3.30833e-09
2.59636e-06
3.38461e-09
1.92198e-06
3.41764e-09
1.96204e-06
3.33449e-09
2.50562e-06
3.29861e-09
2.31192e-06
3.15976e-09
2.18009e-06
3.11066e-09
2.37037e-06
3.06383e-09
3.1841e-06
3.06107e-09
3.10557e-06
3.1699e-09
2.82428e-06
3.09145e-09
3.54421e-06
3.04558e-09
4.46005e-06
3.11788e-09
3.87807e-06
3.41521e-09
2.25624e-06
3.17918e-09
1.6933e-06
3.0875e-09
1.47202e-06
3.20757e-09
1.26755e-06
3.10545e-09
1.26984e-06
3.06336e-09
1.28717e-06
3.06847e-09
1.05703e-06
2.96408e-09
9.59649e-07
2.98298e-09
9.94842e-07
3.05993e-09
1.0018e-06
3.0599e-09
7.01556e-07
3.37827e-09
4.53007e-07
2.9948e-09
5.35105e-07
3.11172e-09
4.01609e-07
3.10161e-09
2.98978e-07
2.84758e-09
3.3788e-07
2.89434e-09
2.85937e-07
3.3275e-09
1.46953e-07
2.95119e-09
1.08504e-07
2.93133e-09
8.4393e-08
2.76524e-09
1.02448e-07
2.67233e-09
1.187e-07
3.04471e-09
7.79722e-08
2.81777e-09
7.44516e-08
2.58474e-09
8.37236e-08
2.64541e-09
7.33661e-08
2.6703e-09
6.24553e-08
2.61865e-09
6.43518e-08
2.57355e-09
6.37407e-08
2.59799e-09
5.28503e-08
2.74289e-09
4.70928e-08
2.74518e-09
4.84117e-08
2.69054e-09
5.53466e-08
2.64252e-09
6.04157e-08
2.61192e-09
5.22665e-08
2.69509e-09
4.65968e-08
2.63988e-09
4.90767e-08
2.59192e-09
3.91396e-08
2.56996e-09
3.37434e-08
2.50187e-09
3.92524e-08
2.49007e-09
4.57007e-08
2.54181e-09
4.12035e-08
2.65326e-09
2.99162e-08
2.6502e-09
2.895e-08
2.49967e-09
3.24982e-08
2.42133e-09
3.12479e-08
2.3985e-09
2.78083e-08
2.62927e-09
1.79717e-08
2.74672e-09
1.01616e-08
2.76664e-09
7.02193e-09
2.54112e-09
7.53483e-09
2.52069e-09
7.15383e-09
2.73686e-09
5.72494e-09
3.02318e-09
4.3983e-09
3.05985e-09
4.29919e-09
2.77832e-09
4.66325e-09
2.59089e-09
4.74443e-09
2.69983e-09
4.9855e-09
2.81807e-09
4.20315e-09
2.70398e-09
3.77176e-09
2.76445e-09
3.71554e-09
2.76891e-09
4.06783e-09
2.67405e-09
4.21813e-09
2.57431e-09
4.08481e-09
2.50517e-09
4.71152e-09
2.41533e-09
4.97451e-09
2.38673e-09
5.03158e-09
2.38887e-09
5.28599e-09
2.34192e-09
5.88777e-09
2.28896e-09
6.4201e-09
2.31832e-09
5.9197e-09
2.42108e-09
5.04406e-09
2.56385e-09
4.04892e-09
2.58376e-09
3.28545e-09
2.73564e-09
2.92964e-09
3.0756e-09
2.75325e-09
3.66487e-09
2.72985e-09
3.48673e-09
2.82945e-09
3.11062e-09
2.60575e-09
3.37429e-09
2.36515e-09
3.60066e-09
2.37926e-09
3.43269e-09
2.52205e-09
3.84411e-09
2.57128e-09
6.39832e-09
2.11181e-09
6.95108e-09
2.08169e-09
7.16164e-09
2.1935e-09
8.78483e-09
2.10247e-09
1.34941e-08
1.9873e-09
1.16891e-08
2.12241e-09
1.24812e-08
2.10875e-09
2.01945e-08
2.20783e-09
4.33945e-08
1.89837e-09
6.65562e-08
1.87945e-09
7.76061e-08
1.90666e-09
6.83027e-08
1.91628e-09
6.05466e-08
2.02713e-09
7.33705e-08
1.97011e-09
7.62389e-08
1.88581e-09
6.49769e-08
1.82958e-09
6.56684e-08
1.89539e-09
7.79808e-08
1.888e-09
9.10715e-08
1.85462e-09
7.36542e-08
1.82133e-09
7.52466e-08
1.86704e-09
1.01402e-07
1.88843e-09
1.17326e-07
1.81346e-09
1.18637e-07
1.75657e-09
1.04643e-07
1.77651e-09
1.05389e-07
1.88934e-09
1.38287e-07
1.77854e-09
1.40911e-07
1.76094e-09
1.20036e-07
1.78273e-09
1.14468e-07
1.73031e-09
1.27935e-07
1.69758e-09
1.17161e-07
1.67653e-09
9.04386e-08
1.74914e-09
7.36994e-08
1.8856e-09
1.10003e-07
1.83973e-09
1.43068e-07
1.87721e-09
1.81135e-07
1.92014e-09
2.24238e-07
1.80346e-09
2.54442e-07
1.68173e-09
2.68762e-07
1.63194e-09
2.60181e-07
1.6547e-09
2.59247e-07
1.67427e-09
2.57723e-07
1.75943e-09
2.95888e-07
1.95275e-09
5.87284e-07
1.66688e-09
7.8234e-07
1.65449e-09
9.11492e-07
1.66634e-09
8.50942e-07
1.73915e-09
8.87734e-07
1.66864e-09
9.31025e-07
1.71153e-09
9.61102e-07
1.63199e-09
1.28084e-06
1.56938e-09
1.15778e-06
1.7149e-09
1.27036e-06
1.59398e-09
1.34813e-06
1.55347e-09
1.26255e-06
1.5669e-09
1.11054e-06
1.55992e-09
8.41028e-07
1.58921e-09
6.13209e-07
1.5703e-09
6.07759e-07
1.64815e-09
8.71302e-07
1.68138e-09
1.35888e-06
1.66374e-09
1.55061e-06
1.61759e-09
1.51848e-06
1.59292e-09
1.49841e-06
1.60436e-09
1.821e-06
1.57122e-09
2.21058e-06
1.58062e-09
1.95421e-06
1.5899e-09
2.00906e-06
1.59743e-09
2.47142e-06
1.59384e-09
2.51997e-06
1.77917e-09
3.62151e-06
1.69852e-09
4.37956e-06
1.61482e-09
4.43384e-06
1.54809e-09
4.63435e-06
1.57013e-09
4.32857e-06
1.62856e-09
4.24793e-06
1.58834e-09
4.14688e-06
1.57438e-09
4.30071e-06
1.5573e-09
4.42248e-06
1.62295e-09
3.76004e-06
1.68741e-09
3.26424e-06
1.6151e-09
3.05796e-06
1.7291e-09
1.91941e-06
1.59021e-09
1.60698e-06
1.5379e-09
1.65072e-06
1.53925e-09
1.58337e-06
1.51388e-09
1.69388e-06
1.50469e-09
1.73981e-06
1.48669e-09
1.52631e-06
1.5809e-09
1.03908e-06
1.58293e-09
7.71291e-07
1.55161e-09
6.12179e-07
1.5586e-09
7.03448e-07
1.45489e-09
8.55526e-07
1.45493e-09
6.99656e-07
1.60994e-09
4.30874e-07
1.51223e-09
4.5656e-07
1.43849e-09
5.19726e-07
1.53648e-09
4.09391e-07
1.47377e-09
4.93658e-07
1.41912e-09
7.23718e-07
1.41181e-09
8.44602e-07
1.3859e-09
9.06781e-07
1.37174e-09
8.84382e-07
1.36597e-09
9.07005e-07
1.45602e-09
6.84974e-07
1.68721e-09
4.44514e-07
1.52764e-09
3.35818e-07
1.51171e-09
3.17486e-07
1.39108e-09
3.75374e-07
1.41573e-09
4.00461e-07
1.42198e-09
3.69924e-07
1.41053e-09
2.55482e-07
1.57332e-09
1.46243e-07
1.39932e-09
1.5213e-07
1.31536e-09
1.71856e-07
1.40935e-09
1.13155e-07
1.63454e-09
7.9442e-08
1.45902e-09
8.12804e-08
1.54916e-09
5.72385e-08
1.40581e-09
6.83036e-08
1.36676e-09
8.01743e-08
1.33308e-09
8.84421e-08
1.32761e-09
9.51261e-08
1.40729e-09
9.83567e-08
1.38433e-09
1.11234e-07
1.30765e-09
1.10343e-07
1.36321e-09
1.1623e-07
1.4034e-09
1.21947e-07
1.35038e-09
1.06202e-07
1.3845e-09
8.87955e-08
1.37419e-09
7.59001e-08
1.47255e-09
6.14477e-08
1.41359e-09
5.91389e-08
1.28988e-09
6.43928e-08
1.28233e-09
7.35113e-08
1.2497e-09
1.09669e-07
1.26355e-09
1.41068e-07
1.37858e-09
1.08432e-07
1.40796e-09
7.89237e-08
1.48179e-09
4.82976e-08
1.44695e-09
3.1771e-08
1.39743e-09
3.5138e-08
1.32731e-09
3.96294e-08
1.33682e-09
3.31265e-08
1.31356e-09
2.61863e-08
1.37573e-09
1.7952e-08
1.29921e-09
1.7297e-08
1.24415e-09
2.09492e-08
1.24412e-09
2.29917e-08
1.28852e-09
2.14323e-08
1.4375e-09
1.55067e-08
1.31491e-09
1.29976e-08
1.31856e-09
1.00136e-08
1.49913e-09
7.2483e-09
1.36838e-09
6.30976e-09
1.28372e-09
5.88036e-09
1.2532e-09
5.10392e-09
1.28276e-09
3.79275e-09
1.45251e-09
2.61806e-09
1.51041e-09
2.80131e-09
1.44954e-09
2.85485e-09
1.42527e-09
3.04706e-09
1.37618e-09
3.39169e-09
1.30703e-09
3.74774e-09
1.24103e-09
4.07016e-09
1.32957e-09
3.23332e-09
1.4018e-09
2.86539e-09
1.30672e-09
3.33598e-09
1.2989e-09
3.44899e-09
1.35818e-09
3.23457e-09
1.40808e-09
3.08439e-09
1.4191e-09
2.71691e-09
1.34895e-09
2.68619e-09
1.29492e-09
3.39589e-09
1.40868e-09
2.35817e-09
1.76014e-09
1.6478e-09
1.9513e-09
1.66617e-09
2.12132e-09
1.55349e-09
1.9701e-09
1.43988e-09
2.23957e-09
1.41452e-09
2.35842e-09
1.49194e-09
2.29505e-09
1.48617e-09
2.67847e-09
1.35908e-09
2.56357e-09
1.358e-09
2.16733e-09
1.60494e-09
1.7496e-09
1.83017e-09
1.74581e-09
1.61846e-09
2.13399e-09
1.40343e-09
2.76511e-09
1.35423e-09
2.5333e-09
1.51022e-09
3.37179e-09
1.35145e-09
4.87055e-09
1.23168e-09
5.23819e-09
1.25989e-09
6.6274e-09
1.22786e-09
8.07283e-09
1.18118e-09
9.16303e-09
1.1583e-09
9.46358e-09
1.23951e-09
8.88697e-09
1.23083e-09
8.15532e-09
1.17632e-09
8.66664e-09
1.23801e-09
1.0383e-08
1.32353e-09
1.65158e-08
1.1989e-09
2.3116e-08
1.14622e-09
1.94249e-08
1.17604e-09
1.29797e-08
1.15103e-09
1.09442e-08
1.16225e-09
9.31582e-09
1.29018e-09
1.14772e-08
1.17275e-09
1.23888e-08
1.20414e-09
1.31058e-08
1.3083e-09
2.12617e-08
1.31121e-09
3.99414e-08
1.26079e-09
7.33097e-08
1.11948e-09
6.43376e-08
1.11545e-09
4.41078e-08
1.15157e-09
3.87023e-08
1.1478e-09
3.90981e-08
1.10719e-09
3.75543e-08
1.13583e-09
3.15606e-08
1.19207e-09
3.23289e-08
1.12439e-09
3.35313e-08
1.13796e-09
3.51979e-08
1.14184e-09
3.64777e-08
1.12103e-09
2.73547e-08
1.21409e-09
3.69743e-08
1.24056e-09
6.38553e-08
1.18819e-09
5.99721e-08
1.22503e-09
7.82925e-08
1.15008e-09
8.96464e-08
1.14133e-09
1.10579e-07
1.08088e-09
1.22256e-07
1.12846e-09
1.14494e-07
1.08217e-09
1.17307e-07
1.12035e-09
1.31194e-07
1.19281e-09
1.79206e-07
1.05579e-09
1.90498e-07
1.04534e-09
1.56565e-07
1.05622e-09
1.60863e-07
1.08648e-09
1.85428e-07
1.09927e-09
2.06692e-07
1.13092e-09
2.47508e-07
1.05478e-09
2.57443e-07
1.02093e-09
2.32779e-07
1.05161e-09
1.90626e-07
1.09877e-09
2.13657e-07
1.14548e-09
2.78844e-07
1.18507e-09
4.19824e-07
1.09124e-09
6.34755e-07
1.01264e-09
5.36571e-07
9.86446e-10
3.6089e-07
1.01335e-09
2.96886e-07
1.04458e-09
2.95288e-07
9.8013e-10
2.30941e-07
9.54957e-10
1.92252e-07
9.85634e-10
2.08805e-07
1.05089e-09
2.82156e-07
1.02201e-09
3.43152e-07
1.05069e-09
4.49129e-07
1.02418e-09
6.70343e-07
9.51003e-10
7.23411e-07
1.019e-09
7.81667e-07
1.02123e-09
8.23749e-07
9.70079e-10
7.43924e-07
1.13083e-09
1.31999e-06
1.01036e-09
2.12849e-06
1.00862e-09
2.63186e-06
9.99395e-10
2.72276e-06
1.00827e-09
2.7626e-06
9.4935e-10
2.79334e-06
9.60241e-10
2.6203e-06
1.03091e-09
2.65227e-06
9.35343e-10
2.87876e-06
9.22205e-10
2.74185e-06
9.67699e-10
2.75671e-06
9.16105e-10
2.8484e-06
9.09214e-10
2.76464e-06
9.09707e-10
2.73286e-06
8.97766e-10
2.65525e-06
9.01713e-10
2.51503e-06
9.0775e-10
2.62396e-06
9.44047e-10
2.17841e-06
1.05068e-09
1.35358e-06
9.34972e-10
1.13517e-06
9.28109e-10
1.01867e-06
9.14747e-10
1.00451e-06
9.0286e-10
8.93451e-07
9.09584e-10
7.63698e-07
8.82953e-10
9.44235e-07
8.34666e-10
9.79217e-07
8.3737e-10
9.30193e-07
8.59586e-10
1.28882e-06
8.50764e-10
1.37238e-06
8.9076e-10
9.99838e-07
8.71151e-10
1.12859e-06
8.42673e-10
1.18795e-06
8.60098e-10
1.09322e-06
8.35583e-10
1.09344e-06
8.2299e-10
1.07329e-06
8.21604e-10
1.11604e-06
9.0054e-10
7.19205e-07
9.68723e-10
4.65532e-07
8.59566e-10
4.08272e-07
8.81513e-10
3.19826e-07
8.8171e-10
2.53472e-07
8.62455e-10
2.47478e-07
8.59477e-10
2.52556e-07
8.44387e-10
1.93691e-07
8.27157e-10
1.76455e-07
8.73043e-10
1.65855e-07
8.12947e-10
1.51588e-07
7.98603e-10
1.25162e-07
8.84722e-10
1.0826e-07
8.1702e-10
1.33897e-07
8.28386e-10
1.07336e-07
8.19157e-10
1.01614e-07
7.7312e-10
1.28565e-07
7.88297e-10
9.54876e-08
8.73999e-10
4.48481e-08
8.7624e-10
2.51213e-08
8.09124e-10
2.32347e-08
7.54601e-10
3.11978e-08
7.51195e-10
3.44993e-08
7.48474e-10
3.38856e-08
7.37391e-10
3.09203e-08
7.52546e-10
2.49665e-08
7.52586e-10
2.35326e-08
7.52973e-10
2.17636e-08
7.64312e-10
1.96901e-08
7.32402e-10
2.62071e-08
7.41096e-10
2.76413e-08
7.57521e-10
2.15835e-08
7.7292e-10
1.83262e-08
8.13294e-10
1.74877e-08
7.17024e-10
2.40305e-08
7.11988e-10
2.70144e-08
7.43462e-10
2.34231e-08
7.18071e-10
2.47179e-08
7.8391e-10
1.84916e-08
8.13649e-10
1.23353e-08
7.63609e-10
8.10852e-09
7.78259e-10
5.56465e-09
7.63597e-10
3.96791e-09
7.30253e-10
3.55742e-09
6.97226e-10
3.65383e-09
7.65064e-10
2.4022e-09
7.76995e-10
2.4259e-09
6.97012e-10
3.17779e-09
6.9855e-10
2.9029e-09
7.16613e-10
3.03419e-09
6.83163e-10
3.87936e-09
6.8789e-10
3.79544e-09
7.31458e-10
2.85388e-09
8.34067e-10
1.58976e-09
7.76495e-10
1.52827e-09
7.20669e-10
2.30755e-09
6.86623e-10
2.321e-09
6.84618e-10
2.37971e-09
6.7302e-10
2.2842e-09
7.14798e-10
1.78302e-09
7.5066e-10
1.59049e-09
7.16281e-10
1.4877e-09
7.36214e-10
1.23079e-09
7.65373e-10
1.15012e-09
7.89408e-10
1.08046e-09
7.84566e-10
1.25623e-09
7.20409e-10
1.34122e-09
7.14223e-10
1.24715e-09
7.10011e-10
1.36092e-09
6.83377e-10
1.47102e-09
6.66612e-10
1.64423e-09
6.45116e-10
1.67612e-09
6.78524e-10
1.3356e-09
7.54651e-10
1.13853e-09
8.25802e-10
9.5341e-10
9.27011e-10
8.60486e-10
9.86233e-10
8.13674e-10
1.01055e-09
7.63089e-10
1.0789e-09
7.52016e-10
1.04057e-09
7.60117e-10
1.01054e-09
6.93217e-10
1.13136e-09
7.25889e-10
1.2792e-09
6.62091e-10
1.27313e-09
6.19139e-10
1.38486e-09
6.45522e-10
1.56562e-09
6.39453e-10
2.07535e-09
6.1693e-10
2.85882e-09
5.88979e-10
2.87898e-09
6.84464e-10
4.92441e-09
5.68838e-10
7.18761e-09
5.86048e-10
9.91978e-09
5.80272e-10
1.03221e-08
5.44203e-10
9.20366e-09
5.40921e-10
1.1122e-08
5.43569e-10
1.0878e-08
5.50058e-10
9.20566e-09
5.21955e-10
7.09568e-09
5.25513e-10
6.14272e-09
5.48586e-10
6.68722e-09
5.56016e-10
5.0846e-09
5.47303e-10
5.44837e-09
5.52756e-10
7.66105e-09
5.73075e-10
1.30203e-08
5.26799e-10
1.4864e-08
5.69621e-10
2.19024e-08
5.42267e-10
3.53541e-08
5.04731e-10
2.67409e-08
5.29053e-10
2.66957e-08
5.15085e-10
2.80295e-08
5.08962e-10
2.68851e-08
5.48822e-10
3.60381e-08
5.07881e-10
4.17974e-08
5.05932e-10
3.5432e-08
6.09391e-10
5.20342e-08
5.09049e-10
7.84562e-08
5.10275e-10
9.87417e-08
5.14328e-10
1.1703e-07
4.92498e-10
8.49802e-08
4.93244e-10
7.71587e-08
4.90433e-10
8.15298e-08
5.39248e-10
1.13784e-07
4.86509e-10
1.09241e-07
4.69943e-10
9.53408e-08
5.49361e-10
1.39215e-07
5.23202e-10
2.22378e-07
4.82618e-10
2.43482e-07
4.78835e-10
2.71899e-07
4.53015e-10
2.89495e-07
4.62627e-10
3.37211e-07
4.58522e-10
3.77844e-07
4.42104e-10
3.22588e-07
4.70437e-10
2.86861e-07
4.66074e-10
3.10407e-07
4.38701e-10
2.50765e-07
4.60377e-10
2.34032e-07
4.48158e-10
2.10084e-07
4.39304e-10
1.72731e-07
4.47203e-10
1.58523e-07
4.60452e-10
1.54484e-07
4.64383e-10
1.69636e-07
4.38447e-10
1.27637e-07
4.69033e-10
1.4052e-07
4.48836e-10
1.50673e-07
4.40601e-10
1.27697e-07
4.31509e-10
1.35795e-07
4.19594e-10
1.4084e-07
4.36219e-10
1.46376e-07
4.67711e-10
1.75476e-07
4.84293e-10
2.91188e-07
4.36735e-10
3.3654e-07
4.65202e-10
4.41885e-07
4.44935e-10
6.54497e-07
4.09398e-10
7.02505e-07
4.03302e-10
7.10455e-07
4.34159e-10
8.99769e-07
4.47655e-10
1.1242e-06
4.13682e-10
1.09607e-06
4.73724e-10
1.01571e-06
4.33043e-10
1.17845e-06
3.84088e-10
1.2457e-06
4.17754e-10
1.10524e-06
4.36436e-10
1.10787e-06
4.04007e-10
1.20384e-06
3.87551e-10
1.21897e-06
3.9644e-10
1.17923e-06
3.95185e-10
1.19909e-06
3.77254e-10
1.20876e-06
3.92988e-10
1.14101e-06
4.01726e-10
1.1638e-06
3.77645e-10
1.19731e-06
3.92686e-10
1.05156e-06
4.33607e-10
9.62185e-07
3.72929e-10
1.12793e-06
3.67462e-10
1.1415e-06
3.84188e-10
1.09019e-06
3.74461e-10
1.10731e-06
3.73222e-10
1.0607e-06
3.73344e-10
1.02108e-06
3.65998e-10
9.31548e-07
3.7606e-10
7.72224e-07
3.85143e-10
7.61825e-07
3.77455e-10
8.24074e-07
3.70972e-10
7.80235e-07
3.66894e-10
7.66643e-07
3.71743e-10
9.04018e-07
3.68076e-10
7.34454e-07
4.31223e-10
3.493e-07
3.67133e-10
3.23492e-07
3.44448e-10
3.41586e-07
3.48381e-10
3.58782e-07
3.59572e-10
3.34995e-07
4.23974e-10
1.87408e-07
3.61273e-10
1.52969e-07
3.86777e-10
9.53996e-08
3.70841e-10
8.99725e-08
3.38405e-10
9.38021e-08
3.70103e-10
6.8051e-08
3.62562e-10
5.56966e-08
3.41053e-10
4.69634e-08
3.60478e-10
3.48942e-08
3.49399e-10
3.7506e-08
3.40554e-10
5.01341e-08
3.40168e-10
5.24767e-08
3.28146e-10
7.45141e-08
3.34456e-10
8.68701e-08
3.46492e-10
7.67159e-08
3.40317e-10
7.87594e-08
3.37822e-10
9.80872e-08
3.25469e-10
9.63526e-08
3.25552e-10
7.7676e-08
3.5326e-10
5.90234e-08
3.39289e-10
6.53172e-08
3.23036e-10
7.28511e-08
3.20731e-10
7.48345e-08
3.16878e-10
7.77005e-08
3.14029e-10
9.87813e-08
3.17274e-10
1.25127e-07
3.4053e-10
8.6741e-08
3.53373e-10
6.62315e-08
3.28914e-10
5.51248e-08
3.42978e-10
3.13679e-08
3.61157e-10
1.80385e-08
3.48913e-10
1.46477e-08
3.39788e-10
1.5402e-08
3.24599e-10
1.53311e-08
3.2252e-10
1.47454e-08
3.75786e-10
9.24764e-09
3.31632e-10
8.69904e-09
3.32179e-10
6.92727e-09
3.17424e-10
7.6963e-09
3.13411e-10
8.47082e-09
3.24294e-10
7.40524e-09
3.17851e-10
4.91512e-09
3.4747e-10
3.17966e-09
3.06662e-10
3.85207e-09
2.98769e-10
4.68775e-09
2.98456e-10
4.43217e-09
3.10645e-10
3.18239e-09
3.37884e-10
2.15182e-09
3.24677e-10
1.87837e-09
3.05703e-10
1.7606e-09
3.06768e-10
1.90005e-09
3.1327e-10
1.98092e-09
3.11851e-10
1.61269e-09
3.26377e-10
1.32449e-09
3.10924e-10
1.62836e-09
3.03623e-10
1.98561e-09
3.00034e-10
1.95898e-09
2.96791e-10
1.79335e-09
2.99015e-10
1.60662e-09
3.15923e-10
1.37895e-09
3.08374e-10
1.43876e-09
3.10756e-10
1.34624e-09
2.96145e-10
1.3644e-09
2.86746e-10
1.2846e-09
3.1472e-10
8.99247e-10
2.97716e-10
8.71365e-10
3.02021e-10
6.83992e-10
3.83914e-10
4.43577e-10
4.22978e-10
3.97585e-10
3.89518e-10
4.28985e-10
3.41351e-10
4.99259e-10
3.7255e-10
4.27769e-10
4.6583e-10
3.69136e-10
5.39333e-10
3.03714e-10
6.78702e-10
2.94784e-10
6.53485e-10
3.29406e-10
4.88319e-10
3.49384e-10
4.72327e-10
3.37798e-10
5.42101e-10
3.22075e-10
5.91188e-10
3.17384e-10
6.41655e-10
3.11239e-10
6.65291e-10
2.94103e-10
6.35416e-10
2.92389e-10
5.04642e-10
3.06257e-10
4.56839e-10
3.44722e-10
3.98565e-10
3.56104e-10
3.8313e-10
3.48375e-10
3.74765e-10
3.50529e-10
3.74483e-10
3.57918e-10
4.26799e-10
3.42019e-10
4.09661e-10
3.42712e-10
3.91358e-10
3.20265e-10
4.70805e-10
2.99079e-10
5.54178e-10
2.94065e-10
7.54919e-10
2.72688e-10
7.60878e-10
2.78173e-10
6.26896e-10
2.80487e-10
6.91547e-10
2.87881e-10
5.76599e-10
3.00015e-10
5.94354e-10
2.95116e-10
7.88879e-10
2.88489e-10
1.14447e-09
2.78217e-10
2.17916e-09
2.45864e-10
2.35497e-09
2.49129e-10
1.78773e-09
2.70177e-10
2.05504e-09
2.68311e-10
3.21121e-09
2.42811e-10
3.20373e-09
2.5969e-10
3.24096e-09
2.88677e-10
5.21444e-09
2.4517e-10
5.79871e-09
2.47998e-10
8.08651e-09
2.41008e-10
1.0294e-08
2.32404e-10
1.01772e-08
2.36412e-10
1.09334e-08
2.67157e-10
1.66296e-08
2.46878e-10
1.75005e-08
2.34992e-10
1.38522e-08
2.3534e-10
1.35376e-08
2.43101e-10
1.10868e-08
2.57405e-10
1.32841e-08
2.42699e-10
1.63802e-08
2.44471e-10
1.58274e-08
2.32455e-10
1.58025e-08
2.28635e-10
1.87157e-08
2.33968e-10
2.17143e-08
2.36227e-10
1.66904e-08
2.32279e-10
1.83976e-08
2.23911e-10
1.77779e-08
2.34755e-10
1.81003e-08
2.39217e-10
2.54263e-08
2.22152e-10
2.86437e-08
2.28963e-10
3.09348e-08
2.41264e-10
3.45057e-08
2.29047e-10
3.75371e-08
2.29003e-10
4.5082e-08
2.59806e-10
7.00195e-08
2.47181e-10
1.09304e-07
2.25891e-10
9.63153e-08
2.19598e-10
7.20977e-08
2.13531e-10
6.16057e-08
2.20714e-10
5.49773e-08
2.31593e-10
5.67543e-08
2.30192e-10
6.47078e-08
2.38609e-10
8.85032e-08
2.36406e-10
1.43048e-07
2.51209e-10
2.45103e-07
2.19849e-10
2.20401e-07
2.18162e-10
2.49838e-07
2.18784e-10
2.69288e-07
2.06826e-10
2.02497e-07
2.15714e-10
1.9486e-07
2.32354e-10
2.34671e-07
2.21323e-10
2.63702e-07
2.24064e-10
3.23779e-07
2.15815e-10
3.17636e-07
2.27675e-10
3.51942e-07
2.18153e-10
4.14058e-07
2.08864e-10
4.08216e-07
2.22536e-10
4.54446e-07
2.24365e-10
5.17818e-07
2.06721e-10
4.19949e-07
2.09741e-10
3.88187e-07
2.11647e-10
3.47722e-07
2.06307e-10
3.17322e-07
2.07774e-10
3.16976e-07
2.0482e-10
3.00526e-07
2.05204e-10
2.88979e-07
2.10951e-10
2.75228e-07
2.03497e-10
2.39528e-07
2.16673e-10
2.23794e-07
2.4752e-10
4.58308e-07
2.02873e-10
5.95562e-07
1.99375e-10
5.81173e-07
2.04246e-10
4.9743e-07
2.08094e-10
4.77693e-07
2.13674e-10
5.39079e-07
2.21118e-10
5.78586e-07
2.1187e-10
5.9615e-07
1.98884e-10
6.15257e-07
1.99612e-10
5.59443e-07
2.31629e-10
4.22244e-07
2.20449e-10
3.84722e-07
2.20194e-10
4.06209e-07
2.00835e-10
3.84875e-07
2.06153e-10
2.46634e-07
2.21557e-10
1.60066e-07
2.06231e-10
1.23437e-07
2.03323e-10
1.10501e-07
1.95148e-10
1.25631e-07
1.96729e-10
1.46774e-07
2.04146e-10
1.33886e-07
2.03045e-10
1.02471e-07
2.1124e-10
9.02654e-08
2.00084e-10
8.51329e-08
1.99051e-10
6.88054e-08
2.02572e-10
5.79874e-08
1.9472e-10
5.62081e-08
1.97911e-10
5.85531e-08
2.00654e-10
4.60946e-08
1.90731e-10
3.94392e-08
1.87102e-10
4.80808e-08
1.89383e-10
6.15578e-08
1.85925e-10
7.2082e-08
1.81058e-10
1.02266e-07
1.91796e-10
8.15919e-08
2.08153e-10
5.16078e-08
2.01086e-10
3.68121e-08
2.11427e-10
2.55483e-08
1.93084e-10
2.37647e-08
1.86904e-10
2.20154e-08
1.87299e-10
2.01409e-08
1.87893e-10
2.15844e-08
1.79938e-10
2.61577e-08
1.74577e-10
3.13929e-08
1.71435e-10
3.29144e-08
1.72692e-10
3.04766e-08
1.8446e-10
2.5533e-08
1.83858e-10
2.26699e-08
2.10121e-10
1.36708e-08
1.85583e-10
1.2791e-08
1.69156e-10
1.52434e-08
1.74915e-10
1.72969e-08
1.76602e-10
1.89533e-08
1.74537e-10
1.61197e-08
1.72167e-10
1.75655e-08
1.77785e-10
2.23707e-08
1.90846e-10
1.45308e-08
1.81537e-10
1.41466e-08
1.74562e-10
1.56766e-08
1.75836e-10
1.56234e-08
1.72306e-10
1.49593e-08
1.78562e-10
1.04473e-08
1.75776e-10
8.51158e-09
1.67761e-10
8.30807e-09
1.76374e-10
6.58987e-09
1.75026e-10
6.2168e-09
1.73182e-10
6.94528e-09
1.78944e-10
7.28351e-09
1.79257e-10
5.58045e-09
1.99974e-10
2.87564e-09
1.87551e-10
2.0056e-09
1.86024e-10
1.36858e-09
1.78147e-10
1.28182e-09
1.74161e-10
1.57729e-09
1.80614e-10
1.60256e-09
1.79434e-10
1.40936e-09
1.74928e-10
1.16763e-09
1.79531e-10
9.60586e-10
1.81268e-10
9.39508e-10
1.83788e-10
7.67891e-10
1.81325e-10
5.95533e-10
1.80296e-10
5.95392e-10
1.75808e-10
5.58277e-10
1.81514e-10
5.1408e-10
1.81593e-10
5.69719e-10
1.98635e-10
4.02131e-10
2.00926e-10
3.36179e-10
2.30617e-10
2.29201e-10
2.77176e-10
2.07184e-10
2.73433e-10
2.24051e-10
2.94037e-10
2.06824e-10
3.13626e-10
2.04833e-10
4.25005e-10
1.80247e-10
4.20051e-10
1.78844e-10
3.46107e-10
1.96165e-10
3.022e-10
2.15197e-10
2.88461e-10
2.1476e-10
2.77788e-10
2.26627e-10
2.44228e-10
2.39761e-10
2.40767e-10
2.42073e-10
2.66827e-10
2.21189e-10
2.78437e-10
2.09932e-10
2.94745e-10
1.99575e-10
2.87639e-10
1.88162e-10
3.0621e-10
1.88469e-10
3.80404e-10
1.82796e-10
4.72696e-10
1.8521e-10
6.05935e-10
1.93244e-10
1.06135e-09
1.7612e-10
1.29592e-09
1.61186e-10
1.30415e-09
1.56474e-10
1.19026e-09
1.65689e-10
9.88034e-10
1.76336e-10
1.09631e-09
1.65841e-10
1.06338e-09
1.57965e-10
9.55114e-10
1.62553e-10
9.27133e-10
1.72006e-10
8.94655e-10
1.66226e-10
8.03806e-10
1.69085e-10
6.5939e-10
1.6732e-10
6.19278e-10
1.67026e-10
5.44653e-10
1.82166e-10
6.21086e-10
1.87577e-10
1.06448e-09
1.69257e-10
1.53187e-09
1.70439e-10
1.96521e-09
1.67764e-10
2.58873e-09
1.59167e-10
2.61367e-09
1.60502e-10
2.54843e-09
1.53429e-10
2.14719e-09
1.49641e-10
1.76414e-09
1.52434e-10
1.49833e-09
1.5747e-10
9.85807e-10
1.67784e-10
1.1463e-09
1.73538e-10
2.09137e-09
1.57872e-10
2.53496e-09
1.54354e-10
1.96814e-09
1.67145e-10
1.96659e-09
1.66821e-10
2.74033e-09
1.59013e-10
3.01448e-09
1.60556e-10
2.3287e-09
1.79056e-10
2.96878e-09
1.71552e-10
6.02083e-09
1.53645e-10
7.23386e-09
1.59243e-10
9.23901e-09
1.54153e-10
8.07024e-09
1.53701e-10
6.62455e-09
1.65559e-10
1.00964e-08
1.64897e-10
1.70555e-08
1.51717e-10
2.03428e-08
1.5476e-10
2.09955e-08
1.56073e-10
2.02521e-08
1.52728e-10
1.98852e-08
1.52374e-10
2.54288e-08
1.45002e-10
2.95485e-08
1.44668e-10
2.2463e-08
1.50779e-10
1.87275e-08
1.55343e-10
2.03335e-08
1.67886e-10
2.54705e-08
1.53883e-10
2.8784e-08
1.6617e-10
3.40196e-08
1.64082e-10
4.54708e-08
1.48124e-10
4.23476e-08
1.4672e-10
3.99975e-08
1.41899e-10
3.50762e-08
1.41701e-10
3.63953e-08
1.45215e-10
4.62922e-08
1.474e-10
5.97065e-08
1.58181e-10
8.62384e-08
1.49654e-10
1.00662e-07
1.45284e-10
9.36769e-08
1.46357e-10
1.04076e-07
1.42221e-10
9.73997e-08
1.50416e-10
9.7001e-08
1.46364e-10
1.10087e-07
1.48262e-10
1.21466e-07
1.46419e-10
1.49825e-07
1.59612e-10
2.13215e-07
1.55316e-10
3.20319e-07
1.42449e-10
3.20112e-07
1.34699e-10
2.7052e-07
1.30132e-10
1.92995e-07
1.45053e-10
1.61236e-07
1.4721e-10
2.08474e-07
1.34592e-10
2.17228e-07
1.34151e-10
2.119e-07
1.36917e-10
2.01306e-07
1.44687e-10
2.26999e-07
1.33812e-10
2.3396e-07
1.30107e-10
2.1108e-07
1.31464e-10
2.10333e-07
1.32648e-10
2.38153e-07
1.31519e-10
2.27615e-07
1.29605e-10
2.16055e-07
1.29266e-10
1.73582e-07
1.4558e-10
2.04737e-07
1.46285e-10
3.55706e-07
1.3016e-10
3.90867e-07
1.27519e-10
3.83594e-07
1.26063e-10
3.60219e-07
1.28085e-10
3.58564e-07
1.24502e-10
3.29488e-07
1.24439e-10
2.44516e-07
1.32747e-10
2.38446e-07
1.28007e-10
2.68775e-07
1.26046e-10
2.40737e-07
1.31949e-10
2.42958e-07
1.32806e-10
2.60502e-07
1.29291e-10
2.89311e-07
1.33014e-10
3.38803e-07
1.37713e-10
3.13301e-07
1.37233e-10
2.43849e-07
1.33082e-10
2.1501e-07
1.32612e-10
1.90437e-07
1.18407e-10
1.86586e-07
1.23588e-10
1.43739e-07
1.32187e-10
1.02808e-07
1.23495e-10
9.2019e-08
1.2555e-10
8.97616e-08
1.24965e-10
8.47181e-08
1.18012e-10
1.10727e-07
1.11687e-10
1.21416e-07
1.19714e-10
8.44107e-08
1.26932e-10
9.90406e-08
1.12001e-10
1.45969e-07
1.11849e-10
1.4646e-07
1.19975e-10
1.22258e-07
1.17673e-10
1.28658e-07
1.14488e-10
1.26029e-07
1.21202e-10
9.47475e-08
1.21857e-10
6.8686e-08
1.22203e-10
4.85392e-08
1.16733e-10
5.32189e-08
1.19545e-10
3.96354e-08
1.32615e-10
2.02907e-08
1.15956e-10
1.77939e-08
1.10837e-10
1.65786e-08
1.14365e-10
1.33035e-08
1.12441e-10
1.57793e-08
1.0693e-10
1.95933e-08
1.11627e-10
1.51863e-08
1.1613e-10
1.28579e-08
1.13403e-10
1.32504e-08
1.07851e-10
1.42042e-08
1.08973e-10
1.52401e-08
1.105e-10
1.68607e-08
1.14141e-10
1.27131e-08
1.15992e-10
8.5352e-09
1.14878e-10
5.24579e-09
1.18321e-10
3.84086e-09
1.08127e-10
4.03821e-09
1.0213e-10
4.25719e-09
1.02252e-10
4.24831e-09
1.0591e-10
4.24895e-09
1.04833e-10
4.46922e-09
1.00137e-10
4.43031e-09
9.60283e-11
4.54173e-09
9.64562e-11
4.70372e-09
1.00268e-10
3.82608e-09
1.01109e-10
2.94869e-09
9.86677e-11
3.19551e-09
9.6963e-11
4.5324e-09
9.54082e-11
5.51028e-09
9.82698e-11
5.02598e-09
1.0073e-10
4.57885e-09
1.02204e-10
4.63427e-09
1.01999e-10
5.33177e-09
9.82494e-11
4.58741e-09
1.02869e-10
3.65073e-09
1.04179e-10
3.26558e-09
1.09152e-10
1.62512e-09
1.03413e-10
1.1957e-09
9.13955e-11
1.47774e-09
9.50101e-11
1.61543e-09
9.7996e-11
1.23039e-09
9.37425e-11
1.14195e-09
9.32912e-11
1.23136e-09
1.02825e-10
7.16775e-10
9.90918e-11
5.61306e-10
9.35385e-11
5.53609e-10
1.02569e-10
3.80631e-10
1.06523e-10
3.05418e-10
1.07568e-10
2.50491e-10
1.11159e-10
1.6536e-10
1.26433e-10
1.52488e-10
1.10458e-10
1.94898e-10
1.00494e-10
2.30259e-10
9.68994e-11
2.51599e-10
9.91335e-11
2.51042e-10
9.67887e-11
2.78891e-10
9.44955e-11
3.07784e-10
9.52632e-11
2.46658e-10
9.46191e-11
2.07198e-10
1.04611e-10
1.65392e-10
1.12684e-10
1.48398e-10
1.13018e-10
1.4165e-10
1.1128e-10
1.44053e-10
1.03692e-10
1.68696e-10
1.00773e-10
1.72383e-10
1.06496e-10
1.51146e-10
1.02819e-10
1.49345e-10
1.06902e-10
1.30889e-10
1.16372e-10
1.20458e-10
1.17402e-10
1.12926e-10
1.40338e-10
1.06401e-10
1.43235e-10
1.1748e-10
1.46883e-10
9.86418e-11
1.91299e-10
9.89089e-11
1.93068e-10
1.03347e-10
2.53133e-10
8.85207e-11
3.08605e-10
8.7589e-11
2.62269e-10
8.81193e-11
2.48908e-10
8.63874e-11
2.88482e-10
8.62227e-11
3.00315e-10
8.63199e-11
3.48942e-10
8.61742e-11
4.27307e-10
8.40245e-11
4.12129e-10
8.72591e-11
5.16089e-10
9.47146e-11
1.01279e-09
8.24788e-11
1.29113e-09
8.10057e-11
1.63205e-09
8.10751e-11
2.18749e-09
8.16876e-11
2.83349e-09
8.42528e-11
3.27635e-09
8.20487e-11
4.41446e-09
7.85642e-11
4.34735e-09
7.78906e-11
3.53013e-09
7.59342e-11
3.26773e-09
7.64791e-11
2.26958e-09
7.61847e-11
1.956e-09
7.47605e-11
1.87986e-09
7.34286e-11
1.92929e-09
7.40107e-11
1.42072e-09
7.64171e-11
1.2084e-09
7.5248e-11
1.43422e-09
7.49509e-11
1.58237e-09
7.59913e-11
1.89718e-09
7.55778e-11
1.69094e-09
7.6627e-11
1.68567e-09
7.13447e-11
1.63823e-09
7.32647e-11
1.63988e-09
8.22631e-11
2.91052e-09
7.52365e-11
3.59516e-09
8.331e-11
3.87883e-09
8.09023e-11
6.25008e-09
7.41399e-11
7.70381e-09
7.54675e-11
9.59063e-09
7.73381e-11
1.12527e-08
7.24651e-11
9.0123e-09
7.27741e-11
7.92282e-09
7.88068e-11
9.00157e-09
7.7025e-11
1.08852e-08
7.35819e-11
1.09072e-08
8.28472e-11
1.58865e-08
7.76383e-11
2.21654e-08
7.04897e-11
2.16677e-08
6.80542e-11
2.14243e-08
6.69453e-11
2.02931e-08
6.91498e-11
2.28835e-08
7.1352e-11
2.68442e-08
6.89245e-11
2.21582e-08
6.764e-11
2.39475e-08
6.92384e-11
3.18301e-08
7.4005e-11
4.67957e-08
7.1322e-11
5.58507e-08
6.80291e-11
5.45637e-08
6.48617e-11
4.29153e-08
6.48995e-11
3.45463e-08
7.13977e-11
3.37312e-08
7.24393e-11
3.70441e-08
6.57494e-11
3.39952e-08
6.57083e-11
3.60361e-08
6.60234e-11
3.67946e-08
6.47321e-11
3.36262e-08
6.43676e-11
2.76342e-08
6.94076e-11
3.1662e-08
6.73486e-11
4.32826e-08
6.14708e-11
3.18807e-08
6.41305e-11
3.0727e-08
7.21603e-11
4.78756e-08
6.93213e-11
7.50498e-08
6.75565e-11
1.07353e-07
6.80939e-11
1.21472e-07
6.76375e-11
1.57029e-07
6.22393e-11
1.50912e-07
6.36959e-11
1.42762e-07
6.27008e-11
1.61141e-07
6.74899e-11
1.58985e-07
7.11266e-11
1.72381e-07
6.40294e-11
1.7669e-07
6.12771e-11
1.85363e-07
5.93061e-11
1.91212e-07
5.97696e-11
1.75139e-07
6.46032e-11
1.62063e-07
6.48711e-11
1.81378e-07
5.97766e-11
1.81329e-07
6.12727e-11
1.78668e-07
5.96981e-11
1.77675e-07
5.98377e-11
1.8311e-07
5.7076e-11
1.90274e-07
5.68625e-11
1.74765e-07
6.34532e-11
1.65852e-07
5.98344e-11
1.77938e-07
5.93969e-11
1.72682e-07
5.93542e-11
1.71381e-07
5.71818e-11
1.64762e-07
5.84801e-11
1.47963e-07
5.91757e-11
1.31417e-07
5.75528e-11
1.12038e-07
5.88919e-11
9.4369e-08
5.7336e-11
1.09166e-07
5.6975e-11
1.23549e-07
6.00665e-11
1.2133e-07
5.59149e-11
1.25348e-07
5.66461e-11
1.00993e-07
5.90466e-11
6.85686e-08
6.33037e-11
5.04623e-08
5.63631e-11
5.09083e-08
6.58624e-11
2.99968e-08
5.6912e-11
3.19498e-08
5.39663e-11
3.22092e-08
5.68674e-11
2.77945e-08
5.72499e-11
1.98523e-08
6.50648e-11
1.18123e-08
5.69173e-11
9.73898e-09
5.69262e-11
7.55622e-09
5.52112e-11
7.61676e-09
5.26988e-11
9.13808e-09
5.1947e-11
1.15493e-08
5.20824e-11
1.29878e-08
5.33925e-11
1.30235e-08
5.40499e-11
1.58935e-08
5.28927e-11
1.74657e-08
5.28845e-11
1.89458e-08
5.29835e-11
2.33714e-08
5.2614e-11
2.71914e-08
5.20892e-11
2.65831e-08
5.23683e-11
2.75028e-08
5.70902e-11
2.06442e-08
5.24486e-11
2.33859e-08
5.02476e-11
2.2903e-08
5.36728e-11
1.76712e-08
5.32031e-11
1.98906e-08
5.09602e-11
1.85204e-08
5.44192e-11
1.38981e-08
5.50936e-11
1.13488e-08
5.05407e-11
9.9087e-09
5.20212e-11
1.11304e-08
4.9913e-11
1.37196e-08
4.94316e-11
1.16965e-08
5.39846e-11
1.01817e-08
5.12116e-11
1.07081e-08
5.33258e-11
7.1311e-09
5.84934e-11
4.13459e-09
5.12518e-11
3.47153e-09
5.59795e-11
2.74204e-09
5.22952e-11
2.87438e-09
4.93846e-11
3.03714e-09
5.782e-11
2.15726e-09
5.31938e-11
1.61905e-09
5.42142e-11
8.52149e-10
5.13563e-11
5.82718e-10
4.83958e-11
4.88048e-10
5.11843e-11
3.52767e-10
5.19323e-11
2.74268e-10
5.1011e-11
2.79827e-10
5.17548e-11
2.99621e-10
4.81815e-11
2.83012e-10
4.82978e-11
2.14143e-10
5.21191e-11
1.30221e-10
5.63749e-11
8.96961e-11
6.11813e-11
8.48937e-11
6.047e-11
1.00358e-10
5.55451e-11
9.83402e-11
5.61191e-11
1.02248e-10
5.16615e-11
1.51716e-10
4.84221e-11
1.86004e-10
5.06531e-11
1.68182e-10
5.22177e-11
1.39726e-10
5.49476e-11
1.06271e-10
5.38626e-11
1.03042e-10
5.25685e-11
1.0938e-10
5.26563e-11
1.31635e-10
4.99747e-11
1.44023e-10
4.96244e-11
1.35001e-10
5.3313e-11
1.08865e-10
5.8091e-11
8.62674e-11
6.14886e-11
8.14492e-11
5.99291e-11
7.75616e-11
6.7602e-11
6.88413e-11
6.99704e-11
7.07453e-11
9.79071e-11
5.28019e-11
1.18886e-10
5.16537e-11
9.37941e-11
5.82207e-11
8.39556e-11
5.80281e-11
1.06088e-10
6.0218e-11
1.49892e-10
5.05412e-11
1.49708e-10
4.96219e-11
1.21269e-10
5.38588e-11
1.06909e-10
5.27877e-11
1.00673e-10
5.23301e-11
1.08723e-10
5.29638e-11
1.26688e-10
5.16364e-11
1.46733e-10
5.02072e-11
1.49953e-10
4.73431e-11
1.38312e-10
4.79491e-11
1.2732e-10
4.91738e-11
1.39859e-10
4.83887e-11
1.53911e-10
4.93145e-11
1.29716e-10
5.00333e-11
1.26566e-10
4.96803e-11
1.48285e-10
4.77709e-11
1.38477e-10
4.83495e-11
9.97099e-11
5.12459e-11
9.06027e-11
5.22684e-11
1.01245e-10
5.15668e-11
1.08311e-10
5.04079e-11
1.20851e-10
4.9542e-11
1.01204e-10
5.64427e-11
8.18637e-11
5.64586e-11
1.07471e-10
4.89282e-11
1.32296e-10
4.83323e-11
1.2403e-10
5.32846e-11
1.46946e-10
5.20643e-11
2.11554e-10
4.72946e-11
2.42789e-10
4.87584e-11
3.52628e-10
4.49185e-11
4.04861e-10
4.51703e-11
4.39749e-10
4.87487e-11
5.77729e-10
4.64856e-11
7.07469e-10
4.51245e-11
8.46742e-10
5.1948e-11
1.62479e-09
4.63193e-11
2.38552e-09
4.57408e-11
3.02011e-09
4.48224e-11
4.13449e-09
4.28124e-11
3.61759e-09
4.37908e-11
2.7214e-09
4.39506e-11
2.58585e-09
4.51861e-11
2.34643e-09
4.82338e-11
2.69072e-09
4.3568e-11
2.52202e-09
4.46201e-11
2.977e-09
4.46188e-11
3.70442e-09
4.69999e-11
3.82859e-09
4.47104e-11
3.96433e-09
4.36469e-11
4.70771e-09
4.45762e-11
6.73774e-09
4.26744e-11
7.44593e-09
4.29191e-11
6.84895e-09
4.26658e-11
6.80833e-09
4.23611e-11
5.46548e-09
4.59884e-11
5.547e-09
4.67022e-11
8.36807e-09
4.5434e-11
1.00825e-08
4.35413e-11
9.15187e-09
4.34578e-11
8.27782e-09
4.4487e-11
9.04263e-09
4.60882e-11
1.35357e-08
4.45073e-11
1.67693e-08
4.34949e-11
1.2145e-08
4.75066e-11
1.48292e-08
4.94407e-11
2.84253e-08
4.23947e-11
2.63807e-08
4.11347e-11
2.17657e-08
4.18618e-11
1.94587e-08
4.33398e-11
1.82358e-08
4.25426e-11
1.58502e-08
4.34412e-11
1.49205e-08
5.00884e-11
2.60237e-08
4.46203e-11
4.1816e-08
4.68317e-11
5.64221e-08
4.25781e-11
5.58772e-08
4.14433e-11
5.83188e-08
4.45525e-11
6.83414e-08
4.39951e-11
8.01159e-08
4.27432e-11
8.4675e-08
4.31059e-11
8.43834e-08
4.16644e-11
9.39571e-08
4.12042e-11
1.05637e-07
4.05095e-11
9.74996e-08
4.04258e-11
6.3302e-08
4.13288e-11
5.48465e-08
4.18692e-11
5.79802e-08
4.18663e-11
6.87449e-08
4.09186e-11
7.91943e-08
4.02794e-11
6.65431e-08
4.13009e-11
5.48929e-08
4.04268e-11
5.08938e-08
4.22854e-11
5.12295e-08
4.36736e-11
6.33918e-08
4.09326e-11
6.7321e-08
4.19822e-11
6.2036e-08
4.51603e-11
7.36898e-08
4.59419e-11
1.05968e-07
4.26347e-11
1.15368e-07
4.25471e-11
1.18804e-07
4.01349e-11
1.2019e-07
4.09242e-11
1.12771e-07
4.48938e-11
1.05676e-07
4.04905e-11
1.09471e-07
3.94926e-11
1.11013e-07
3.99439e-11
1.17494e-07
4.08655e-11
1.14218e-07
4.23896e-11
1.10625e-07
4.42047e-11
8.5516e-08
4.377e-11
7.28303e-08
4.08663e-11
6.52506e-08
4.37529e-11
4.90448e-08
4.05261e-11
4.43246e-08
3.9799e-11
5.03508e-08
3.93834e-11
5.95395e-08
3.9544e-11
4.84919e-08
3.97811e-11
3.77899e-08
3.9797e-11
3.52507e-08
4.08803e-11
3.4441e-08
4.06658e-11
2.66824e-08
4.20604e-11
1.99288e-08
3.75686e-11
2.04061e-08
3.64257e-11
1.81185e-08
3.99076e-11
1.35932e-08
4.16579e-11
1.11645e-08
4.02906e-11
9.24414e-09
3.95879e-11
1.28344e-08
3.67115e-11
1.56717e-08
3.73715e-11
1.45555e-08
3.88355e-11
1.3406e-08
3.92367e-11
1.32405e-08
3.80848e-11
1.42953e-08
3.71068e-11
1.29906e-08
4.01871e-11
7.26885e-09
4.40409e-11
4.31567e-09
4.00165e-11
4.26179e-09
3.65576e-11
4.69957e-09
3.73049e-11
4.23541e-09
3.8148e-11
4.47092e-09
3.78667e-11
4.19865e-09
4.02009e-11
3.71007e-09
3.72089e-11
3.9439e-09
3.73306e-11
3.14744e-09
3.66965e-11
2.67835e-09
3.83572e-11
2.41188e-09
3.82274e-11
2.40365e-09
3.86118e-11
1.74622e-09
4.25717e-11
1.34743e-09
3.79651e-11
1.37682e-09
3.64306e-11
1.54293e-09
3.57721e-11
1.71575e-09
3.63766e-11
1.98672e-09
3.56973e-11
1.81259e-09
3.63441e-11
1.59655e-09
3.57938e-11
1.91798e-09
3.70203e-11
1.68111e-09
3.82555e-11
1.18353e-09
3.51165e-11
1.122e-09
3.52697e-11
1.06296e-09
3.65669e-11
1.2226e-09
3.45147e-11
1.42425e-09
3.39245e-11
1.26781e-09
3.51206e-11
9.89098e-10
3.49762e-11
8.62794e-10
3.48555e-11
8.02898e-10
3.47166e-11
7.02741e-10
3.5983e-11
4.99577e-10
3.67151e-11
4.28191e-10
3.96706e-11
3.51318e-10
3.73648e-11
2.75522e-10
3.75093e-11
1.81617e-10
3.61637e-11
2.12012e-10
3.47864e-11
2.00683e-10
3.5926e-11
1.53893e-10
3.37163e-11
1.71323e-10
3.31033e-11
1.8638e-10
3.36485e-11
1.53317e-10
3.61731e-11
9.2253e-11
4.118e-11
7.18807e-11
3.71523e-11
8.72829e-11
3.50613e-11
1.01958e-10
3.51978e-11
9.85587e-11
4.0175e-11
6.54544e-11
4.33632e-11
5.54759e-11
4.51605e-11
4.76909e-11
5.0908e-11
4.19535e-11
5.79305e-11
3.93093e-11
6.86909e-11
3.85237e-11
6.59896e-11
3.88478e-11
5.3236e-11
3.94433e-11
5.17395e-11
4.22052e-11
6.01645e-11
3.86819e-11
6.03513e-11
3.68803e-11
6.97848e-11
3.53731e-11
7.89754e-11
3.43807e-11
6.5142e-11
3.66905e-11
6.09276e-11
3.56591e-11
8.0443e-11
3.35127e-11
7.59631e-11
3.387e-11
7.26956e-11
3.32841e-11
6.94402e-11
3.73049e-11
7.42401e-11
3.33205e-11
1.0058e-10
3.06733e-11
9.54594e-11
3.4113e-11
9.48303e-11
3.36002e-11
1.22031e-10
3.33994e-11
1.58934e-10
3.43423e-11
2.70501e-10
3.03487e-11
2.86971e-10
3.02129e-11
2.60952e-10
3.0839e-11
3.24665e-10
2.92346e-11
3.53407e-10
2.89044e-11
2.75651e-10
2.92312e-11
2.11866e-10
2.96526e-11
1.66703e-10
3.08622e-11
1.89571e-10
2.87578e-11
2.26143e-10
2.73753e-11
1.9658e-10
2.72951e-11
1.41354e-10
2.83856e-11
1.16716e-10
3.28466e-11
1.65153e-10
3.19651e-11
3.37292e-10
2.9674e-11
4.94318e-10
2.80495e-11
5.42125e-10
2.7075e-11
5.61347e-10
2.70326e-11
5.35921e-10
2.73706e-11
4.30595e-10
2.75664e-11
3.57388e-10
2.84829e-11
3.4279e-10
2.85723e-11
3.89518e-10
2.66855e-11
3.29503e-10
2.78963e-11
2.73703e-10
2.95627e-11
2.90589e-10
2.77332e-11
2.82254e-10
2.82091e-11
2.84624e-10
2.64484e-11
2.35845e-10
2.58729e-11
1.99574e-10
3.03707e-11
2.62476e-10
2.96124e-11
5.88817e-10
2.60943e-11
6.44523e-10
2.62944e-11
4.53769e-10
2.57194e-11
4.7528e-10
2.79726e-11
7.15201e-10
2.78074e-11
1.24098e-09
2.59871e-11
1.55136e-09
2.5488e-11
1.52497e-09
2.4861e-11
1.34549e-09
2.55408e-11
1.1134e-09
2.69445e-11
1.38919e-09
2.61009e-11
1.9683e-09
2.42663e-11
1.7112e-09
2.67113e-11
1.6778e-09
2.58778e-11
1.88002e-09
2.44184e-11
1.54028e-09
2.64525e-11
1.72073e-09
2.57091e-11
1.51733e-09
2.70766e-11
2.10018e-09
2.66697e-11
3.21186e-09
2.68879e-11
4.75911e-09
2.58606e-11
6.3473e-09
2.54448e-11
6.8495e-09
2.39878e-11
8.11218e-09
2.34734e-11
9.68365e-09
2.37891e-11
1.0048e-08
2.60283e-11
1.0778e-08
2.49212e-11
1.44853e-08
2.3111e-11
1.63009e-08
2.41352e-11
2.13253e-08
2.46571e-11
3.19157e-08
2.454e-11
3.89821e-08
2.43705e-11
3.83738e-08
2.26655e-11
3.41203e-08
2.26672e-11
2.77981e-08
2.32426e-11
2.16363e-08
2.40604e-11
2.29905e-08
2.79076e-11
3.70212e-08
2.27326e-11
3.51569e-08
2.24748e-11
3.49257e-08
2.41879e-11
4.47284e-08
2.45342e-11
5.80425e-08
2.2899e-11
5.84655e-08
2.28302e-11
5.50344e-08
2.31053e-11
5.80495e-08
2.24537e-11
5.62828e-08
2.24655e-11
5.18867e-08
2.21179e-11
5.52867e-08
2.21284e-11
5.8346e-08
2.20398e-11
6.14303e-08
2.19452e-11
5.98811e-08
2.2114e-11
5.93705e-08
2.15488e-11
5.53428e-08
2.21169e-11
5.1739e-08
2.32811e-11
6.14295e-08
2.26342e-11
6.2826e-08
2.34232e-11
5.889e-08
2.48248e-11
5.68079e-08
2.26624e-11
6.03599e-08
2.06674e-11
6.10912e-08
2.07835e-11
6.19274e-08
2.15744e-11
6.24725e-08
2.14983e-11
6.31238e-08
2.09938e-11
6.35097e-08
2.11995e-11
6.22893e-08
2.10393e-11
5.97694e-08
2.14093e-11
6.00431e-08
2.08696e-11
6.35598e-08
2.0193e-11
6.30897e-08
2.21899e-11
4.83745e-08
2.31841e-11
3.12259e-08
2.27748e-11
2.01521e-08
2.19811e-11
1.74168e-08
2.03087e-11
1.46757e-08
2.14284e-11
9.08465e-09
2.24482e-11
8.25291e-09
2.02425e-11
1.13075e-08
1.96886e-11
1.31132e-08
2.06363e-11
1.13247e-08
2.08598e-11
1.25313e-08
1.9215e-11
1.67054e-08
1.93098e-11
1.60043e-08
1.96585e-11
1.81731e-08
1.88631e-11
2.4954e-08
1.93418e-11
2.23083e-08
2.00901e-11
1.9127e-08
1.88458e-11
2.01515e-08
2.01428e-11
1.96474e-08
2.02715e-11
1.87041e-08
1.99483e-11
1.48624e-08
2.06267e-11
1.39273e-08
1.93369e-11
1.33309e-08
2.16689e-11
7.55835e-09
2.09598e-11
5.73887e-09
1.99604e-11
4.14106e-09
2.03939e-11
2.94133e-09
1.97428e-11
2.28064e-09
1.94141e-11
2.0247e-09
1.8128e-11
2.64005e-09
1.80996e-11
4.08262e-09
1.90174e-11
3.23576e-09
2.05441e-11
1.95261e-09
1.8852e-11
1.7785e-09
1.80305e-11
2.04488e-09
1.77572e-11
2.357e-09
1.79817e-11
1.91343e-09
2.2537e-11
9.66946e-10
1.79073e-11
1.11663e-09
1.78658e-11
1.16905e-09
1.83602e-11
1.09334e-09
1.76562e-11
9.47243e-10
1.91526e-11
9.11513e-10
1.8206e-11
7.84956e-10
1.75181e-11
6.49306e-10
1.79509e-11
6.116e-10
1.77141e-11
5.2655e-10
1.79067e-11
4.38953e-10
1.89396e-11
4.10148e-10
1.72347e-11
3.66565e-10
1.76846e-11
3.41533e-10
1.73442e-11
4.16677e-10
1.68426e-11
5.33317e-10
1.70748e-11
4.80421e-10
1.7393e-11
3.39882e-10
1.79983e-11
2.79479e-10
1.61604e-11
3.65119e-10
1.62292e-11
3.75527e-10
1.71733e-11
3.56035e-10
1.63152e-11
4.17701e-10
1.64172e-11
3.95005e-10
1.75783e-11
2.88771e-10
1.83804e-11
1.61375e-10
1.77639e-11
1.06408e-10
1.64043e-11
9.89347e-11
1.71171e-11
1.06835e-10
1.66099e-11
1.08128e-10
1.63336e-11
9.20004e-11
1.63692e-11
7.93086e-11
1.58069e-11
6.88121e-11
1.66481e-11
5.39919e-11
1.77554e-11
4.85808e-11
1.92377e-11
4.30958e-11
1.88408e-11
3.24404e-11
2.05424e-11
2.55585e-11
2.23579e-11
2.26044e-11
2.49575e-11
2.05601e-11
2.48338e-11
2.10483e-11
2.42519e-11
1.90712e-11
2.50517e-11
1.79061e-11
2.78495e-11
1.77515e-11
3.31007e-11
1.77309e-11
3.02434e-11
1.82214e-11
2.70904e-11
1.79529e-11
3.04097e-11
1.81328e-11
3.67087e-11
1.69416e-11
3.81816e-11
1.70858e-11
3.2373e-11
1.76824e-11
3.27507e-11
1.66132e-11
3.89131e-11
1.59805e-11
4.24952e-11
1.67849e-11
3.75966e-11
1.69361e-11
3.60385e-11
1.70208e-11
2.76108e-11
1.86627e-11
2.32626e-11
1.97299e-11
2.32708e-11
2.17649e-11
2.18415e-11
2.04733e-11
2.48864e-11
1.895e-11
4.01328e-11
1.64741e-11
4.79534e-11
1.75703e-11
5.38889e-11
1.60098e-11
7.49648e-11
1.46083e-11
6.23949e-11
1.53475e-11
6.24104e-11
1.51435e-11
5.71008e-11
1.58085e-11
5.58329e-11
1.63697e-11
7.61138e-11
1.637e-11
1.05611e-10
1.60272e-11
1.49165e-10
1.64856e-11
2.23092e-10
1.53803e-11
2.91857e-10
1.45534e-11
2.62287e-10
1.42504e-11
2.40297e-10
1.41197e-11
1.75349e-10
1.41918e-11
1.65146e-10
1.41346e-11
1.65627e-10
1.45928e-11
1.56177e-10
1.46567e-11
1.25759e-10
1.50541e-11
1.13758e-10
1.48729e-11
1.55091e-10
1.43436e-11
2.08608e-10
1.44011e-11
2.68788e-10
1.5474e-11
4.18134e-10
1.38964e-11
5.4131e-10
1.38177e-11
5.73679e-10
1.55496e-11
7.88106e-10
1.41078e-11
9.25262e-10
1.47394e-11
1.21438e-09
1.42666e-11
1.71694e-09
1.37561e-11
1.38931e-09
1.38612e-11
1.33259e-09
1.35671e-11
1.28782e-09
1.34563e-11
9.62778e-10
1.40499e-11
7.70652e-10
1.45231e-11
9.40495e-10
1.40823e-11
8.19687e-10
1.5906e-11
1.0583e-09
1.45011e-11
1.63272e-09
1.464e-11
1.92951e-09
1.52249e-11
2.70656e-09
1.37658e-11
2.92279e-09
1.29857e-11
2.33474e-09
1.47183e-11
2.63365e-09
1.50971e-11
4.12155e-09
1.48982e-11
4.55156e-09
1.5046e-11
7.11427e-09
1.38627e-11
9.38774e-09
1.32792e-11
1.04437e-08
1.33439e-11
9.54697e-09
1.38955e-11
8.56594e-09
1.30376e-11
7.76574e-09
1.3739e-11
8.88082e-09
1.43952e-11
1.15231e-08
1.39456e-11
1.10378e-08
1.31417e-11
1.10275e-08
1.27769e-11
9.78922e-09
1.29563e-11
6.94676e-09
1.33093e-11
6.50234e-09
1.37597e-11
6.22192e-09
1.3321e-11
5.20013e-09
1.36295e-11
4.57937e-09
1.33443e-11
4.24854e-09
1.26445e-11
4.15224e-09
1.28193e-11
4.12577e-09
1.30794e-11
3.76977e-09
1.32313e-11
3.26439e-09
1.27408e-11
2.82468e-09
1.29308e-11
3.00351e-09
1.42468e-11
4.93149e-09
1.34221e-11
6.73244e-09
1.4083e-11
8.701e-09
1.38461e-11
1.13172e-08
1.48513e-11
1.53549e-08
1.41642e-11
2.22265e-08
1.44311e-11
3.21815e-08
1.33045e-11
3.67392e-08
1.35537e-11
3.30366e-08
1.42996e-11
3.37873e-08
1.4651e-11
3.4751e-08
1.3893e-11
3.47477e-08
1.30722e-11
3.61568e-08
1.28845e-11
3.75412e-08
1.34585e-11
3.44559e-08
1.33613e-11
2.84837e-08
1.33096e-11
2.37465e-08
1.33591e-11
1.8128e-08
1.354e-11
1.56086e-08
1.30749e-11
1.76754e-08
1.30843e-11
1.56113e-08
1.27966e-11
1.39434e-08
1.25316e-11
1.41026e-08
1.26783e-11
1.20226e-08
1.3017e-11
1.08052e-08
1.23733e-11
1.34383e-08
1.22408e-11
1.49239e-08
1.25415e-11
1.65046e-08
1.22014e-11
1.65342e-08
1.24705e-11
1.64108e-08
1.24835e-11
2.10983e-08
1.21434e-11
2.20375e-08
1.37713e-11
1.76055e-08
1.28552e-11
1.95006e-08
1.22602e-11
2.15515e-08
1.24357e-11
1.86798e-08
1.2313e-11
1.59005e-08
1.32269e-11
1.27372e-08
1.27209e-11
1.28208e-08
1.20018e-11
1.13558e-08
1.28213e-11
7.9775e-09
1.25557e-11
6.87374e-09
1.39684e-11
3.04939e-09
1.27885e-11
2.40389e-09
1.15866e-11
2.95572e-09
1.19365e-11
3.31805e-09
1.14221e-11
3.48419e-09
1.21152e-11
2.13468e-09
1.46361e-11
1.31793e-09
1.14771e-11
1.74928e-09
1.16396e-11
1.88843e-09
1.26773e-11
1.43552e-09
1.24658e-11
1.70505e-09
1.21101e-11
1.7982e-09
1.15568e-11
1.62081e-09
1.13279e-11
1.83497e-09
1.15248e-11
2.29097e-09
1.14456e-11
2.82736e-09
1.16424e-11
2.96717e-09
1.1886e-11
2.91558e-09
1.17695e-11
2.61557e-09
1.24015e-11
2.30325e-09
1.19705e-11
1.89793e-09
1.19733e-11
1.36577e-09
1.14282e-11
1.41066e-09
1.15847e-11
1.3838e-09
1.18109e-11
1.16231e-09
1.14577e-11
1.32214e-09
1.1994e-11
1.31794e-09
1.14346e-11
1.12716e-09
1.13109e-11
1.01041e-09
1.11524e-11
1.03432e-09
1.17969e-11
8.97394e-10
1.2121e-11
9.47178e-10
1.19158e-11
7.55875e-10
1.30656e-11
5.32277e-10
1.19727e-11
4.41619e-10
1.18826e-11
3.44383e-10
1.13138e-11
3.75748e-10
1.08259e-11
5.28157e-10
1.11412e-11
4.6894e-10
1.20189e-11
2.83634e-10
1.19367e-11
1.8458e-10
1.11705e-11
1.58809e-10
1.16442e-11
1.25221e-10
1.26214e-11
9.36784e-11
1.22278e-11
6.2253e-11
1.16648e-11
5.23019e-11
1.14963e-11
4.41102e-11
1.1086e-11
3.63727e-11
1.13636e-11
3.19188e-11
1.31085e-11
2.49177e-11
1.25604e-11
2.40326e-11
1.28343e-11
2.93716e-11
1.08548e-11
3.49654e-11
1.04004e-11
5.09477e-11
1.07738e-11
5.97992e-11
1.11199e-11
4.96494e-11
1.15256e-11
4.35923e-11
1.10422e-11
4.50482e-11
1.19834e-11
3.80249e-11
1.17258e-11
3.28589e-11
1.10555e-11
3.05397e-11
1.13147e-11
2.69623e-11
1.14015e-11
2.69701e-11
1.16536e-11
2.87338e-11
1.14082e-11
2.77296e-11
1.186e-11
2.32496e-11
1.20885e-11
2.04338e-11
1.25252e-11
1.78795e-11
1.40523e-11
1.60499e-11
1.73554e-11
1.38236e-11
2.04261e-11
1.22629e-11
2.15383e-11
1.14319e-11
2.15472e-11
1.1843e-11
2.17725e-11
1.27757e-11
2.04668e-11
1.24112e-11
2.39884e-11
1.16798e-11
2.1703e-11
1.21625e-11
1.99195e-11
1.15546e-11
2.18617e-11
1.10978e-11
2.49159e-11
1.09165e-11
3.31728e-11
1.05391e-11
3.93416e-11
1.18343e-11
5.08732e-11
1.12426e-11
7.30005e-11
9.83533e-12
6.84406e-11
9.66443e-12
5.41396e-11
1.04762e-11
5.50739e-11
1.05074e-11
8.39023e-11
1.00727e-11
1.07254e-10
9.87186e-12
1.10113e-10
9.85404e-12
9.52329e-11
1.02489e-11
9.98605e-11
9.55567e-12
1.01326e-10
9.32347e-12
6.66651e-11
9.57993e-12
4.52896e-11
9.77018e-12
3.5978e-11
1.00525e-11
2.77127e-11
1.01911e-11
2.09801e-11
1.0822e-11
1.86191e-11
1.19473e-11
2.76709e-11
1.00279e-11
3.0913e-11
1.09738e-11
3.20286e-11
1.12168e-11
5.43091e-11
9.38373e-12
4.8228e-11
9.4593e-12
4.24115e-11
9.7383e-12
4.08787e-11
9.69053e-12
4.34412e-11
1.03761e-11
5.09e-11
9.83162e-12
7.08603e-11
9.30615e-12
8.78692e-11
9.82603e-12
1.37223e-10
9.43521e-12
1.74766e-10
9.89201e-12
1.69586e-10
9.59458e-12
1.92968e-10
9.2836e-12
1.94746e-10
9.24227e-12
1.7483e-10
9.73235e-12
1.72278e-10
9.97933e-12
1.96224e-10
1.00128e-11
2.79133e-10
9.81909e-12
3.18263e-10
9.99698e-12
4.16639e-10
9.36116e-12
5.49391e-10
9.2405e-12
6.76232e-10
8.91953e-12
8.61913e-10
8.90941e-12
1.04127e-09
9.14137e-12
1.11637e-09
9.30578e-12
1.10755e-09
9.33486e-12
1.46851e-09
9.45977e-12
2.33717e-09
8.48418e-12
2.32065e-09
8.64747e-12
1.87431e-09
9.42087e-12
2.3548e-09
8.56139e-12
2.04818e-09
9.02303e-12
2.17318e-09
9.0492e-12
3.0007e-09
8.55799e-12
3.45937e-09
8.47016e-12
2.96708e-09
8.62027e-12
2.20284e-09
8.64587e-12
2.10997e-09
1.00604e-11
3.82439e-09
8.97713e-12
5.43599e-09
8.58824e-12
5.08421e-09
8.51677e-12
5.94057e-09
8.12794e-12
5.70025e-09
8.20274e-12
4.13417e-09
8.5479e-12
3.98593e-09
8.26603e-12
4.34914e-09
8.185e-12
4.77176e-09
8.80564e-12
6.39388e-09
8.29243e-12
6.8872e-09
8.61038e-12
6.64612e-09
8.55264e-12
8.00816e-09
8.45738e-12
1.04396e-08
8.44431e-12
1.52175e-08
7.83256e-12
1.67773e-08
7.89376e-12
1.55941e-08
8.31991e-12
1.36512e-08
9.48269e-12
1.71538e-08
8.35424e-12
1.98507e-08
8.19569e-12
2.04381e-08
8.14109e-12
1.98572e-08
7.83914e-12
1.90123e-08
7.92494e-12
1.82471e-08
7.86895e-12
1.80969e-08
7.83124e-12
1.85023e-08
8.27053e-12
1.94789e-08
7.95814e-12
2.23546e-08
7.58529e-12
2.34496e-08
7.75214e-12
2.37081e-08
7.40299e-12
2.43353e-08
7.33193e-12
2.12741e-08
7.70634e-12
2.1615e-08
8.46995e-12
1.77702e-08
8.5945e-12
1.3687e-08
7.48127e-12
1.48333e-08
7.50418e-12
1.64117e-08
7.36379e-12
1.76879e-08
7.39304e-12
1.98875e-08
7.42873e-12
1.98886e-08
7.64103e-12
1.95009e-08
8.06753e-12
1.75228e-08
7.55831e-12
1.79393e-08
7.44932e-12
1.77861e-08
7.46679e-12
1.65899e-08
7.19549e-12
1.70711e-08
7.25412e-12
1.5982e-08
7.34142e-12
1.65388e-08
7.42036e-12
1.56369e-08
7.92293e-12
1.32461e-08
7.23145e-12
1.26606e-08
7.25743e-12
1.23148e-08
7.00979e-12
1.35344e-08
7.1511e-12
1.25851e-08
7.91131e-12
8.8184e-09
7.99743e-12
5.18427e-09
7.41215e-12
3.80342e-09
7.17285e-12
2.80707e-09
7.4198e-12
2.16757e-09
7.27903e-12
1.9068e-09
7.30388e-12
2.02048e-09
7.36931e-12
1.89553e-09
7.23448e-12
1.78594e-09
6.77413e-12
2.38103e-09
7.11559e-12
2.17366e-09
7.02326e-12
2.0334e-09
6.83366e-12
1.7876e-09
7.01531e-12
1.66716e-09
7.30471e-12
1.4702e-09
6.99804e-12
1.35288e-09
7.17725e-12
9.48509e-10
7.93981e-12
5.15139e-10
6.81931e-12
5.28592e-10
6.3209e-12
6.80177e-10
6.36414e-12
7.7337e-10
6.69505e-12
6.20751e-10
6.8637e-12
3.86802e-10
6.95329e-12
2.5632e-10
6.44831e-12
2.30784e-10
6.20925e-12
2.52483e-10
6.04286e-12
3.82806e-10
5.9373e-12
6.71453e-10
6.22692e-12
7.04736e-10
6.63628e-12
5.14643e-10
6.48518e-12
5.44138e-10
6.54844e-12
5.59765e-10
6.48035e-12
3.89364e-10
6.42342e-12
3.39032e-10
6.28664e-12
3.44477e-10
6.64752e-12
2.89083e-10
6.19891e-12
2.64144e-10
6.64598e-12
1.76886e-10
6.30529e-12
1.8668e-10
6.5103e-12
1.27707e-10
7.11991e-12
7.60179e-11
5.93752e-12
1.05886e-10
5.86429e-12
1.17473e-10
6.01225e-12
1.02359e-10
5.88742e-12
9.78347e-11
5.78433e-12
9.98666e-11
6.05332e-12
9.55555e-11
5.89142e-12
8.41715e-11
5.89291e-12
8.51979e-11
6.80628e-12
6.14926e-11
6.43748e-12
5.36634e-11
5.9523e-12
4.48392e-11
6.08676e-12
3.7543e-11
5.74262e-12
4.78125e-11
5.89408e-12
4.51697e-11
6.40939e-12
2.75215e-11
6.09958e-12
2.67902e-11
5.78806e-12
3.20861e-11
5.93263e-12
2.57636e-11
5.89954e-12
2.45129e-11
5.57962e-12
2.56483e-11
5.7788e-12
2.16997e-11
5.72953e-12
2.51178e-11
5.70618e-12
2.55818e-11
6.04045e-12
1.81828e-11
5.92771e-12
1.55995e-11
5.6046e-12
1.89626e-11
5.3572e-12
2.40399e-11
5.58642e-12
2.08169e-11
5.95136e-12
1.59826e-11
6.14859e-12
1.52261e-11
5.82438e-12
1.95377e-11
5.64398e-12
1.60925e-11
5.737e-12
1.27632e-11
5.85492e-12
1.27088e-11
6.511e-12
1.07274e-11
6.94346e-12
8.45925e-12
7.80115e-12
7.1013e-12
7.88603e-12
6.64886e-12
8.55471e-12
6.3594e-12
1.03336e-11
5.90386e-12
1.30175e-11
5.85214e-12
1.51133e-11
5.5652e-12
1.64569e-11
5.33897e-12
1.74069e-11
5.4301e-12
2.25775e-11
5.9299e-12
3.16769e-11
5.52251e-12
4.10237e-11
5.1394e-12
4.70586e-11
5.11651e-12
5.70247e-11
4.83596e-12
5.1447e-11
4.8045e-12
4.43886e-11
4.94879e-12
3.49344e-11
5.15534e-12
2.8318e-11
4.90335e-12
2.6955e-11
4.89186e-12
2.5706e-11
5.08816e-12
2.45131e-11
4.93308e-12
2.18111e-11
4.93054e-12
2.06523e-11
4.94701e-12
2.69484e-11
4.91723e-12
2.85176e-11
5.09554e-12
2.79844e-11
5.15175e-12
2.92315e-11
4.83975e-12
3.43441e-11
4.76275e-12
3.69287e-11
4.86829e-12
4.70559e-11
4.47271e-12
4.43212e-11
4.64542e-12
3.59132e-11
5.34934e-12
5.76615e-11
4.57043e-12
6.72162e-11
4.53683e-12
5.54408e-11
4.61114e-12
5.36573e-11
4.76558e-12
5.17752e-11
5.23316e-12
6.27813e-11
4.96192e-12
9.20178e-11
4.90843e-12
9.07608e-11
4.60747e-12
1.02189e-10
4.51951e-12
1.1377e-10
4.75658e-12
1.29152e-10
4.74309e-12
1.58767e-10
5.18192e-12
2.18778e-10
4.6324e-12
2.66487e-10
4.95877e-12
4.88337e-10
4.32572e-12
5.29004e-10
4.68083e-12
4.85268e-10
4.65529e-12
7.29597e-10
4.33899e-12
8.14866e-10
4.64543e-12
1.01199e-09
4.51334e-12
1.46771e-09
4.13696e-12
1.55033e-09
4.17e-12
1.62409e-09
4.22203e-12
1.66563e-09
4.22031e-12
1.42843e-09
4.46507e-12
1.24478e-09
4.3427e-12
1.49248e-09
4.45522e-12
1.48691e-09
4.16419e-12
1.27179e-09
3.99113e-12
9.85972e-10
4.06551e-12
9.91745e-10
4.04199e-12
8.30259e-10
3.97398e-12
6.62896e-10
4.07321e-12
6.51276e-10
4.37734e-12
9.39472e-10
4.05711e-12
1.04781e-09
3.95891e-12
7.9377e-10
4.3305e-12
8.531e-10
4.37103e-12
1.10962e-09
4.06717e-12
1.09186e-09
3.9765e-12
1.2855e-09
3.88206e-12
1.30844e-09
4.39365e-12
1.31797e-09
4.50108e-12
2.32957e-09
4.15845e-12
3.15188e-09
4.36012e-12
4.68062e-09
4.02711e-12
4.98686e-09
4.35723e-12
5.29784e-09
4.04283e-12
5.82564e-09
4.49781e-12
6.58893e-09
4.20231e-12
8.48116e-09
3.90088e-12
9.25403e-09
3.91194e-12
1.03528e-08
3.72723e-12
9.32376e-09
3.6861e-12
6.80777e-09
3.83936e-12
6.59277e-09
3.89208e-12
7.9083e-09
3.9412e-12
9.32176e-09
3.92627e-12
1.07297e-08
3.72236e-12
1.03282e-08
3.67039e-12
9.21828e-09
3.70598e-12
1.00499e-08
3.72204e-12
1.0578e-08
3.77732e-12
1.10585e-08
3.6453e-12
1.15101e-08
3.51868e-12
1.12638e-08
3.4923e-12
1.00128e-08
3.53326e-12
8.65662e-09
3.74944e-12
7.74853e-09
3.67354e-12
7.21052e-09
3.58693e-12
7.18149e-09
3.82498e-12
8.23918e-09
3.81075e-12
9.79133e-09
3.6832e-12
1.00929e-08
3.52716e-12
1.01779e-08
3.44215e-12
9.61565e-09
3.64457e-12
9.05787e-09
3.9852e-12
9.24539e-09
3.81071e-12
9.09005e-09
3.60988e-12
8.82992e-09
3.57592e-12
7.06294e-09
3.73078e-12
5.02156e-09
3.49139e-12
5.21993e-09
3.28172e-12
6.05925e-09
3.57392e-12
4.7761e-09
3.93788e-12
3.38709e-09
3.55503e-12
2.50253e-09
3.43399e-12
2.07221e-09
3.45368e-12
1.6422e-09
3.44649e-12
1.58162e-09
3.28415e-12
2.1605e-09
3.40563e-12
2.1692e-09
3.48728e-12
1.74567e-09
3.36376e-12
1.38979e-09
3.35262e-12
1.26202e-09
3.32325e-12
1.63511e-09
3.20448e-12
1.6935e-09
3.15201e-12
1.71493e-09
3.16787e-12
1.80592e-09
3.14909e-12
2.10465e-09
3.1263e-12
2.55513e-09
3.14356e-12
2.76532e-09
3.22804e-12
2.34579e-09
3.36584e-12
1.60946e-09
3.36298e-12
1.45621e-09
3.12032e-12
1.70269e-09
3.1968e-12
1.48758e-09
3.30601e-12
1.28758e-09
3.1513e-12
1.11154e-09
3.34079e-12
8.6769e-10
3.33979e-12
8.95206e-10
3.22701e-12
8.2709e-10
3.27652e-12
8.10377e-10
3.4951e-12
5.80507e-10
3.51166e-12
4.24837e-10
3.17335e-12
4.20462e-10
3.07263e-12
3.69558e-10
3.29302e-12
2.38753e-10
3.29306e-12
1.9529e-10
3.19779e-12
1.84422e-10
3.15481e-12
1.64974e-10
3.14203e-12
1.43494e-10
3.05792e-12
1.47728e-10
3.30517e-12
1.13161e-10
3.51408e-12
7.30928e-11
3.06242e-12
5.94913e-11
3.0808e-12
3.6668e-11
3.22998e-12
2.22415e-11
3.01031e-12
2.87669e-11
2.90195e-12
3.68268e-11
3.04598e-12
3.35388e-11
3.19204e-12
2.69999e-11
3.11678e-12
2.83376e-11
2.88207e-12
4.03363e-11
2.92056e-12
4.72069e-11
2.86714e-12
5.46128e-11
2.82422e-12
4.91798e-11
2.92134e-12
4.83718e-11
2.78776e-12
6.72853e-11
2.79036e-12
6.79447e-11
3.02108e-12
5.61334e-11
3.02815e-12
4.84631e-11
2.97995e-12
4.18483e-11
2.88712e-12
3.90229e-11
2.8674e-12
3.21357e-11
2.8071e-12
3.60617e-11
2.76234e-12
3.76748e-11
2.87179e-12
2.63589e-11
2.90625e-12
1.60885e-11
3.4024e-12
9.00906e-12
2.88259e-12
8.68111e-12
2.69474e-12
8.40524e-12
2.83267e-12
9.02923e-12
2.97677e-12
1.06896e-11
2.94029e-12
8.94608e-12
2.91881e-12
8.40766e-12
2.69683e-12
1.1066e-11
2.6907e-12
1.28746e-11
2.84723e-12
9.24124e-12
3.09267e-12
5.74782e-12
3.41188e-12
4.14852e-12
3.94548e-12
3.82738e-12
4.01901e-12
3.61354e-12
4.40715e-12
3.09115e-12
5.50325e-12
2.79942e-12
5.77909e-12
2.91046e-12
4.51149e-12
3.40207e-12
3.8089e-12
3.35202e-12
3.88825e-12
3.26794e-12
3.67428e-12
3.39272e-12
3.7627e-12
3.41029e-12
3.85042e-12
3.52768e-12
3.63569e-12
3.37484e-12
3.71398e-12
3.45285e-12
3.50729e-12
4.06146e-12
3.30847e-12
4.23983e-12
3.10281e-12
4.09538e-12
3.20886e-12
3.9335e-12
3.56716e-12
3.67601e-12
3.5124e-12
3.62347e-12
3.1364e-12
3.88276e-12
3.66991e-12
3.09527e-12
4.80683e-12
2.92342e-12
6.07131e-12
2.74995e-12
1.02431e-11
2.52713e-12
1.20928e-11
2.51707e-12
1.09834e-11
2.38376e-12
1.12808e-11
2.39385e-12
1.54885e-11
2.47424e-12
2.1998e-11
2.40767e-12
2.2911e-11
2.48318e-12
2.76635e-11
2.43747e-12
3.95316e-11
2.26219e-12
3.63358e-11
2.33542e-12
3.77358e-11
2.29868e-12
4.54846e-11
2.20742e-12
2.85305e-11
2.28033e-12
2.32596e-11
2.64798e-12
3.90249e-11
2.42614e-12
6.84026e-11
2.37999e-12
7.65905e-11
2.23556e-12
7.25644e-11
2.20164e-12
8.57803e-11
2.19625e-12
1.00242e-10
2.35854e-12
1.07808e-10
2.32008e-12
1.36958e-10
2.1332e-12
1.35356e-10
2.23493e-12
1.24701e-10
2.38687e-12
1.58412e-10
2.23824e-12
1.87122e-10
2.10898e-12
1.61895e-10
2.33006e-12
2.01534e-10
2.16417e-12
2.28399e-10
2.05049e-12
1.7312e-10
2.13315e-12
1.53817e-10
2.07247e-12
1.46393e-10
2.09612e-12
1.49549e-10
2.14427e-12
1.49522e-10
2.24037e-12
1.24769e-10
2.463e-12
2.25816e-10
2.1381e-12
2.80018e-10
2.10136e-12
2.55534e-10
2.13176e-12
2.37464e-10
2.0666e-12
2.32743e-10
2.04621e-12
2.38249e-10
2.06822e-12
2.27338e-10
2.03964e-12
1.90242e-10
2.06405e-12
1.96621e-10
2.01149e-12
2.0786e-10
2.0208e-12
2.33839e-10
2.16161e-12
3.03766e-10
2.09803e-12
3.99964e-10
2.07839e-12
4.73243e-10
1.96873e-12
3.89781e-10
1.95877e-12
3.26241e-10
2.12256e-12
3.46714e-10
2.14927e-12
5.22944e-10
2.1559e-12
7.94868e-10
2.2233e-12
1.28677e-09
1.99249e-12
1.33308e-09
2.0806e-12
1.13966e-09
2.08317e-12
1.39516e-09
2.02744e-12
1.56707e-09
1.8883e-12
1.2533e-09
1.87723e-12
1.27972e-09
1.8713e-12
1.48533e-09
1.86368e-12
1.49948e-09
1.92795e-12
1.66016e-09
1.93082e-12
2.07479e-09
1.90573e-12
2.53863e-09
1.95505e-12
2.50315e-09
2.08479e-12
2.49478e-09
2.03216e-12
3.44015e-09
2.15009e-12
4.54517e-09
2.09238e-12
5.46131e-09
2.03397e-12
5.41506e-09
1.98951e-12
5.48784e-09
2.00511e-12
5.28256e-09
1.91405e-12
5.30524e-09
1.91478e-12
5.39442e-09
1.96947e-12
5.54015e-09
1.81956e-12
5.82858e-09
1.81693e-12
5.66104e-09
1.86803e-12
5.38656e-09
1.94029e-12
5.19889e-09
2.02611e-12
5.18373e-09
1.83737e-12
5.71083e-09
1.76214e-12
5.66205e-09
1.85382e-12
5.41496e-09
1.84743e-12
5.44326e-09
1.85291e-12
5.17577e-09
1.91155e-12
5.06972e-09
1.89878e-12
4.13323e-09
1.96939e-12
3.33548e-09
1.77261e-12
3.58668e-09
1.75086e-12
3.59373e-09
1.79052e-12
3.51586e-09
1.78179e-12
3.70718e-09
1.94899e-12
2.43719e-09
2.01783e-12
1.73091e-09
1.81688e-12
1.70971e-09
1.90474e-12
1.52759e-09
1.82515e-12
1.5507e-09
1.78724e-12
1.72767e-09
1.78106e-12
1.86356e-09
1.70958e-12
2.14049e-09
1.67679e-12
2.6842e-09
1.67013e-12
3.19332e-09
1.75245e-12
2.50164e-09
2.02826e-12
1.49218e-09
1.85065e-12
1.19092e-09
1.71343e-12
9.74853e-10
1.68024e-12
8.1004e-10
1.63539e-12
7.75077e-10
1.67984e-12
6.32029e-10
1.79467e-12
4.58884e-10
1.66183e-12
5.25422e-10
1.66369e-12
6.73091e-10
1.76503e-12
5.16687e-10
1.71933e-12
3.70583e-10
1.78432e-12
3.35747e-10
1.69965e-12
3.75657e-10
1.64059e-12
5.11749e-10
1.67217e-12
5.6331e-10
1.65859e-12
6.72653e-10
1.70234e-12
6.24403e-10
1.64487e-12
7.04878e-10
1.54336e-12
1.03036e-09
1.54614e-12
1.41152e-09
1.67478e-12
1.34937e-09
1.79448e-12
9.66917e-10
1.7323e-12
7.28459e-10
1.6034e-12
6.54441e-10
1.5453e-12
6.79767e-10
1.66142e-12
6.99899e-10
1.77613e-12
5.19904e-10
1.75084e-12
3.32687e-10
1.84316e-12
2.12831e-10
1.64974e-12
1.62093e-10
1.63608e-12
1.42659e-10
1.58334e-12
1.38359e-10
1.76751e-12
7.9221e-11
1.72984e-12
7.87906e-11
1.73801e-12
6.11948e-11
1.7741e-12
4.38103e-11
1.65146e-12
4.52298e-11
1.66354e-12
4.16709e-11
1.54662e-12
3.61824e-11
1.57413e-12
3.67985e-11
1.62765e-12
3.80039e-11
1.57557e-12
3.69605e-11
1.61233e-12
3.33052e-11
1.69686e-12
2.40256e-11
1.54465e-12
2.12889e-11
1.62754e-12
1.63575e-11
1.65089e-12
1.36431e-11
1.59293e-12
1.32546e-11
1.61958e-12
1.15132e-11
1.56634e-12
9.43257e-12
1.52018e-12
9.66519e-12
1.50718e-12
9.85344e-12
1.62152e-12
9.2569e-12
1.63978e-12
8.30156e-12
1.60769e-12
6.99235e-12
1.59727e-12
6.78986e-12
1.57921e-12
7.82142e-12
1.49291e-12
9.55979e-12
1.47888e-12
1.38414e-11
1.48412e-12
1.52322e-11
1.55252e-12
1.00785e-11
1.57662e-12
7.65726e-12
1.48823e-12
8.37215e-12
1.52938e-12
9.44827e-12
1.49807e-12
9.70426e-12
1.49932e-12
8.86292e-12
1.63894e-12
6.71845e-12
1.7174e-12
4.43295e-12
1.68099e-12
3.00989e-12
1.82755e-12
2.29226e-12
1.93728e-12
2.15815e-12
1.87579e-12
2.1865e-12
1.91099e-12
2.09092e-12
3.4909e-12
1.5383e-12
4.28548e-12
1.61443e-12
3.44537e-12
1.60732e-12
3.47395e-12
1.56607e-12
3.10758e-12
1.77886e-12
2.60993e-12
1.85991e-12
2.52746e-12
1.71628e-12
2.72791e-12
1.62914e-12
2.94213e-12
1.74283e-12
3.30999e-12
1.62769e-12
3.74492e-12
1.48752e-12
3.65336e-12
1.47724e-12
3.57588e-12
1.5235e-12
3.57405e-12
1.55595e-12
3.50876e-12
1.58708e-12
2.77766e-12
1.63919e-12
3.0392e-12
1.55672e-12
3.01197e-12
1.56153e-12
2.68534e-12
1.57393e-12
2.81327e-12
1.51754e-12
2.94622e-12
1.64273e-12
2.61884e-12
1.72541e-12
2.46603e-12
1.65092e-12
3.02148e-12
1.61251e-12
3.81021e-12
1.53786e-12
3.57832e-12
1.52883e-12
3.73921e-12
1.61944e-12
4.71916e-12
1.57237e-12
6.00004e-12
1.42494e-12
6.39371e-12
1.39634e-12
7.14332e-12
1.41908e-12
9.96582e-12
1.41585e-12
1.43682e-11
1.44351e-12
1.75435e-11
1.34621e-12
1.63313e-11
1.34712e-12
1.58922e-11
1.37279e-12
1.73693e-11
1.37493e-12
1.87632e-11
1.45452e-12
2.22738e-11
1.33692e-12
2.49324e-11
1.41652e-12
3.14034e-11
1.52785e-12
6.02848e-11
1.37411e-12
8.71315e-11
1.43711e-12
1.316e-10
1.38907e-12
1.91543e-10
1.33598e-12
2.03406e-10
1.31904e-12
1.65228e-10
1.28309e-12
1.26657e-10
1.37829e-12
1.16028e-10
1.30915e-12
1.20948e-10
1.27668e-12
1.08513e-10
1.33758e-12
1.29211e-10
1.311e-12
1.34387e-10
1.36e-12
1.5027e-10
1.39819e-12
1.84753e-10
1.34971e-12
1.93566e-10
1.33354e-12
2.21255e-10
1.32119e-12
2.67247e-10
1.28203e-12
2.93904e-10
1.2718e-12
3.07548e-10
1.26099e-12
2.34048e-10
1.25083e-12
1.94382e-10
1.27765e-12
1.86584e-10
1.32581e-12
1.82717e-10
1.55214e-12
3.12751e-10
1.29567e-12
4.30951e-10
1.23456e-12
4.01492e-10
1.22116e-12
2.90624e-10
1.24352e-12
2.2597e-10
1.36286e-12
2.20039e-10
1.30861e-12
2.75538e-10
1.25072e-12
2.26596e-10
1.23977e-12
1.81643e-10
1.24152e-12
1.8376e-10
1.24887e-12
1.83517e-10
1.26234e-12
2.053e-10
1.27164e-12
2.44166e-10
1.27809e-12
2.92109e-10
1.34979e-12
3.44674e-10
1.38859e-12
4.99934e-10
1.34504e-12
8.25974e-10
1.20153e-12
6.89369e-10
1.2036e-12
5.86223e-10
1.20922e-12
5.18121e-10
1.23532e-12
5.24488e-10
1.27975e-12
6.69072e-10
1.23718e-12
8.41739e-10
1.20653e-12
8.09941e-10
1.26458e-12
7.59215e-10
1.24237e-12
9.68288e-10
1.18405e-12
1.0315e-09
1.22464e-12
7.84747e-10
1.34614e-12
9.31472e-10
1.19654e-12
1.11367e-09
1.15925e-12
1.22212e-09
1.22011e-12
1.7491e-09
1.18937e-12
2.13279e-09
1.23919e-12
1.89141e-09
1.36391e-12
2.72072e-09
1.26888e-12
3.34283e-09
1.261e-12
3.22797e-09
1.23692e-12
2.88238e-09
1.17864e-12
2.75033e-09
1.17182e-12
3.13568e-09
1.17429e-12
3.02012e-09
1.16006e-12
2.53218e-09
1.24157e-12
2.10434e-09
1.20743e-12
2.22468e-09
1.15923e-12
1.95609e-09
1.19382e-12
1.54492e-09
1.18739e-12
1.69312e-09
1.12387e-12
2.13658e-09
1.10051e-12
2.49082e-09
1.12173e-12
2.57291e-09
1.10195e-12
2.51354e-09
1.13171e-12
2.38016e-09
1.18136e-12
2.14831e-09
1.17715e-12
2.07895e-09
1.16335e-12
1.81829e-09
1.16728e-12
1.58192e-09
1.12457e-12
1.69114e-09
1.13625e-12
1.2861e-09
1.30959e-12
6.2983e-10
1.16511e-12
5.02071e-10
1.11756e-12
5.09592e-10
1.10243e-12
6.357e-10
1.06375e-12
7.22873e-10
1.1459e-12
5.02847e-10
1.19168e-12
3.5236e-10
1.06387e-12
3.03712e-10
1.12358e-12
2.41113e-10
1.11387e-12
2.7812e-10
1.04498e-12
3.86171e-10
1.06173e-12
4.0887e-10
1.10833e-12
3.73119e-10
1.21726e-12
2.1643e-10
1.16397e-12
1.36918e-10
1.05873e-12
1.41599e-10
1.02205e-12
1.49197e-10
1.03861e-12
1.59061e-10
1.05937e-12
1.67399e-10
1.04031e-12
1.24699e-10
1.11351e-12
8.17057e-11
1.07729e-12
7.56993e-11
1.00115e-12
9.6717e-11
9.69375e-13
1.27111e-10
9.73563e-13
1.45095e-10
1.04598e-12
1.24715e-10
1.03438e-12
1.71177e-10
9.59945e-13
2.19745e-10
9.57306e-13
2.40465e-10
9.90687e-13
2.40582e-10
1.00276e-12
2.66547e-10
1.06621e-12
2.40862e-10
1.07511e-12
2.52791e-10
1.02504e-12
2.01503e-10
1.04682e-12
1.53137e-10
1.01734e-12
1.58112e-10
9.79491e-13
1.74837e-10
1.08219e-12
1.0434e-10
1.12705e-12
7.21082e-11
9.33378e-13
7.2993e-11
9.30882e-13
1.05287e-10
9.45294e-13
1.24277e-10
9.69044e-13
1.03062e-10
9.92898e-13
9.6689e-11
1.00069e-12
8.76464e-11
1.10523e-12
4.91335e-11
1.0356e-12
4.04488e-11
9.97327e-13
3.16646e-11
1.00921e-12
2.24238e-11
9.7865e-13
1.86368e-11
9.4685e-13
2.05172e-11
9.3686e-13
2.3397e-11
1.0205e-12
1.70209e-11
9.79728e-13
1.33621e-11
9.24885e-13
1.81383e-11
9.25792e-13
2.12447e-11
9.60615e-13
1.75626e-11
9.25226e-13
1.70246e-11
8.93637e-13
1.66089e-11
9.17065e-13
1.25536e-11
9.41949e-13
8.73489e-12
9.48184e-13
5.98745e-12
9.20502e-13
5.40293e-12
9.06625e-13
5.97772e-12
9.07125e-13
5.62439e-12
8.98393e-13
5.45936e-12
9.02549e-13
4.81148e-12
9.996e-13
4.31961e-12
9.10724e-13
4.23895e-12
8.8077e-13
3.81433e-12
9.43306e-13
3.39932e-12
9.15364e-13
3.32823e-12
9.24619e-13
3.34324e-12
9.71025e-13
2.96719e-12
9.03621e-13
3.50138e-12
8.8932e-13
4.07831e-12
9.52126e-13
2.95114e-12
1.02215e-12
1.72273e-12
1.08689e-12
1.34393e-12
1.08832e-12
1.26486e-12
1.23616e-12
1.17121e-12
1.46094e-12
1.05705e-12
1.53878e-12
1.05222e-12
1.88899e-12
9.91442e-13
3.09379e-12
8.83631e-13
3.59574e-12
8.97227e-13
3.44974e-12
8.6431e-13
4.23664e-12
8.02401e-13
4.62481e-12
7.81642e-13
4.07442e-12
8.02207e-13
2.89767e-12
8.43736e-13
2.66356e-12
8.35159e-13
3.11404e-12
7.97025e-13
2.89936e-12
8.03929e-13
2.42683e-12
8.30434e-13
2.10312e-12
9.01735e-13
1.83561e-12
8.92994e-13
1.9305e-12
8.65169e-13
1.70091e-12
8.6604e-13
1.71151e-12
8.8574e-13
1.66943e-12
9.39395e-13
2.2341e-12
7.94182e-13
2.26811e-12
8.12485e-13
1.74834e-12
8.6292e-13
1.95675e-12
7.91002e-13
2.42472e-12
7.65494e-13
2.58919e-12
7.80127e-13
2.30352e-12
8.22503e-13
2.07484e-12
7.98047e-13
2.56972e-12
7.56195e-13
3.07529e-12
7.55193e-13
3.17847e-12
8.19793e-13
4.31029e-12
8.50581e-13
6.87143e-12
7.80586e-13
7.29008e-12
7.30069e-13
7.78608e-12
7.34784e-13
8.15826e-12
7.67288e-13
1.02101e-11
8.24659e-13
1.12148e-11
7.73812e-13
1.47484e-11
7.74765e-13
2.58666e-11
7.28156e-13
3.53597e-11
7.45548e-13
5.30564e-11
7.02682e-13
6.55923e-11
7.15461e-13
6.72292e-11
7.17303e-13
7.06536e-11
7.43338e-13
7.25391e-11
7.46845e-13
1.00072e-10
6.97761e-13
1.13102e-10
6.81343e-13
9.12575e-11
7.09023e-13
9.97177e-11
6.89227e-13
8.9801e-11
6.59264e-13
8.53122e-11
6.82799e-13
9.96764e-11
6.60811e-13
9.49676e-11
6.43289e-13
7.04456e-11
6.58514e-13
5.93819e-11
6.6003e-13
4.70975e-11
6.81775e-13
3.76657e-11
7.01407e-13
4.45758e-11
6.93217e-13
5.42097e-11
6.94588e-13
6.17268e-11
6.67533e-13
6.15573e-11
6.46972e-13
5.99552e-11
6.26142e-13
5.57773e-11
6.29192e-13
4.80436e-11
6.46189e-13
4.62592e-11
7.41928e-13
6.13453e-11
6.94011e-13
9.0373e-11
6.34411e-13
1.00378e-10
6.61497e-13
1.2457e-10
6.80321e-13
1.54297e-10
6.31205e-13
1.87166e-10
6.24293e-13
1.71889e-10
6.55074e-13
1.77759e-10
6.76936e-13
2.68434e-10
6.28755e-13
3.14801e-10
6.4405e-13
2.45723e-10
7.03815e-13
4.18035e-10
6.75672e-13
6.90984e-10
6.48096e-13
7.59071e-10
6.35614e-13
6.46748e-10
5.93269e-13
6.13875e-10
6.34623e-13
6.65806e-10
6.41484e-13
9.24223e-10
6.02248e-13
8.23549e-10
6.24745e-13
8.40805e-10
6.10289e-13
9.86837e-10
6.75629e-13
1.43445e-09
5.96573e-13
1.55827e-09
5.86053e-13
1.55702e-09
6.10094e-13
1.64226e-09
6.29621e-13
1.59531e-09
6.34239e-13
1.79258e-09
5.81003e-13
1.87391e-09
5.6738e-13
1.84021e-09
5.66146e-13
1.61454e-09
5.71057e-13
1.45781e-09
5.92716e-13
1.52105e-09
5.90423e-13
1.59883e-09
5.89178e-13
1.4111e-09
5.97109e-13
1.25055e-09
5.92086e-13
1.38706e-09
6.39717e-13
1.44518e-09
6.65937e-13
1.49964e-09
5.58367e-13
1.63442e-09
5.48856e-13
1.7992e-09
5.63269e-13
1.77618e-09
5.68986e-13
1.7681e-09
5.6872e-13
1.7217e-09
5.94703e-13
1.67738e-09
5.85752e-13
1.69958e-09
5.98555e-13
1.60608e-09
6.05116e-13
1.5845e-09
5.91782e-13
1.41351e-09
6.04557e-13
1.21957e-09
5.88187e-13
1.09495e-09
6.35252e-13
8.55454e-10
6.33609e-13
5.83321e-10
5.78605e-13
5.15194e-10
5.47236e-13
6.90705e-10
5.47621e-13
8.99507e-10
5.57874e-13
8.82401e-10
5.67465e-13
9.05357e-10
5.76006e-13
1.1299e-09
5.57175e-13
1.08457e-09
5.47549e-13
9.54845e-10
5.51816e-13
8.73643e-10
5.66094e-13
8.34466e-10
5.84489e-13
7.47382e-10
5.61912e-13
6.56667e-10
5.74375e-13
5.1988e-10
5.80957e-13
4.411e-10
5.69748e-13
3.50649e-10
5.96527e-13
2.42522e-10
5.60513e-13
2.76497e-10
5.52597e-13
2.53293e-10
6.09622e-13
1.33449e-10
6.14902e-13
9.16654e-11
6.11228e-13
7.92833e-11
5.7842e-13
7.4003e-11
5.82753e-13
5.60931e-11
5.60256e-13
6.58918e-11
5.41725e-13
9.4526e-11
5.39815e-13
9.07542e-11
5.41117e-13
1.05715e-10
5.39773e-13
1.15072e-10
6.15759e-13
7.45207e-11
5.63053e-13
6.36923e-11
5.40234e-13
4.95982e-11
5.58706e-13
4.45189e-11
5.3321e-13
4.51984e-11
5.48128e-13
3.49655e-11
5.66479e-13
3.32963e-11
5.4008e-13
3.81329e-11
5.66183e-13
3.28388e-11
5.85601e-13
2.53792e-11
5.59612e-13
1.78281e-11
6.00173e-13
1.01039e-11
6.02283e-13
8.06496e-12
5.59551e-13
8.09895e-12
5.36062e-13
8.41376e-12
5.2404e-13
1.08606e-11
5.16374e-13
1.45706e-11
5.3547e-13
1.5745e-11
5.57962e-13
1.64224e-11
5.30623e-13
1.85446e-11
5.12005e-13
2.31126e-11
5.14409e-13
2.49295e-11
5.44022e-13
2.18664e-11
5.379e-13
2.23025e-11
5.46392e-13
1.77065e-11
5.68951e-13
1.44348e-11
5.44648e-13
9.75093e-12
6.26809e-13
4.90798e-12
5.19646e-13
4.88025e-12
5.15447e-13
6.20054e-12
5.0796e-13
6.54373e-12
5.16631e-13
5.3232e-12
5.51251e-13
3.70049e-12
5.33181e-13
3.04322e-12
5.13198e-13
2.47585e-12
5.29048e-13
2.24586e-12
5.23357e-13
3.01977e-12
5.28062e-13
3.09828e-12
5.74182e-13
2.37174e-12
5.19766e-13
2.48788e-12
5.25618e-13
2.89198e-12
5.54429e-13
2.29642e-12
5.58546e-13
1.58261e-12
5.36377e-13
1.36988e-12
5.2685e-13
1.35732e-12
5.31834e-13
1.42669e-12
5.50064e-13
1.22684e-12
5.72485e-13
1.25041e-12
5.62425e-13
1.12117e-12
7.17708e-13
7.13768e-13
7.50913e-13
7.26087e-13
6.89616e-13
7.78927e-13
6.42095e-13
8.60652e-13
6.01509e-13
8.82499e-13
5.76435e-13
8.90184e-13
5.86007e-13
8.56438e-13
6.23734e-13
9.18319e-13
5.92687e-13
9.26682e-13
6.13919e-13
9.1361e-13
6.46014e-13
8.88294e-13
7.14717e-13
7.16936e-13
7.63799e-13
6.77135e-13
9.54703e-13
5.68712e-13
1.2077e-12
5.30724e-13
1.13934e-12
5.4013e-13
1.10523e-12
5.69458e-13
1.18262e-12
5.5182e-13
1.47096e-12
5.29783e-13
1.56213e-12
5.17392e-13
1.50372e-12
5.22416e-13
1.85118e-12
4.85831e-13
2.00826e-12
5.00967e-13
1.96162e-12
4.78287e-13
1.96493e-12
4.62972e-13
1.59935e-12
5.17783e-13
1.199e-12
5.1173e-13
1.39328e-12
4.815e-13
1.553e-12
4.94582e-13
1.815e-12
4.80275e-13
1.84481e-12
5.00911e-13
1.404e-12
5.50032e-13
1.42288e-12
5.07197e-13
1.77459e-12
4.95284e-13
1.86891e-12
5.23231e-13
1.82021e-12
4.99559e-13
2.40921e-12
4.79968e-13
3.1296e-12
5.5776e-13
4.22424e-12
4.98308e-13
5.20616e-12
4.77298e-13
6.79412e-12
4.93944e-13
1.11663e-11
4.86005e-13
1.44989e-11
4.84307e-13
1.50485e-11
4.72535e-13
1.60744e-11
4.50826e-13
1.49294e-11
4.61711e-13
1.41804e-11
5.53342e-13
2.12615e-11
4.88623e-13
2.54259e-11
4.79424e-13
3.59811e-11
4.64671e-13
4.9989e-11
4.44599e-13
4.74806e-11
4.50831e-13
3.35138e-11
4.69176e-13
2.88755e-11
4.50964e-13
2.60854e-11
4.48862e-13
2.75992e-11
4.70456e-13
3.285e-11
4.65892e-13
4.1218e-11
4.61972e-13
5.42562e-11
4.83475e-13
7.01109e-11
4.68944e-13
8.05802e-11
4.55885e-13
7.1466e-11
4.77955e-13
9.84654e-11
4.4435e-13
9.45093e-11
4.47683e-13
9.19258e-11
4.42233e-13
9.21389e-11
4.36221e-13
7.72869e-11
4.57421e-13
8.66485e-11
4.57436e-13
1.07146e-10
4.65275e-13
1.26023e-10
4.47555e-13
1.43203e-10
4.23604e-13
1.11027e-10
4.27941e-13
9.77431e-11
4.51682e-13
9.34972e-11
4.36562e-13
7.63131e-11
4.37227e-13
7.30997e-11
4.98425e-13
1.21689e-10
4.58625e-13
1.60655e-10
4.56922e-13
1.86608e-10
4.6905e-13
2.55421e-10
4.44655e-13
3.46081e-10
4.28695e-13
4.14422e-10
4.3701e-13
3.54098e-10
4.94404e-13
5.25738e-10
4.53268e-13
7.42447e-10
4.55681e-13
9.24873e-10
4.16254e-13
1.04078e-09
4.28484e-13
1.02408e-09
4.3819e-13
1.11416e-09
4.15291e-13
1.1717e-09
4.1681e-13
1.14695e-09
4.12158e-13
1.09486e-09
4.02501e-13
9.4888e-10
4.28906e-13
9.72299e-10
4.49989e-13
1.23452e-09
3.91378e-13
1.20993e-09
4.17742e-13
1.08445e-09
4.24197e-13
1.17911e-09
4.10859e-13
1.06416e-09
4.32134e-13
1.15158e-09
3.97067e-13
1.23535e-09
3.86859e-13
1.23703e-09
4.04496e-13
1.12641e-09
4.07994e-13
1.07841e-09
3.81835e-13
1.10456e-09
3.93972e-13
9.73707e-10
4.1408e-13
8.53537e-10
3.84756e-13
9.50377e-10
3.73815e-13
1.0026e-09
3.73669e-13
1.16211e-09
3.83216e-13
1.17767e-09
3.82042e-13
1.15793e-09
3.94281e-13
9.18704e-10
4.62551e-13
7.06925e-10
3.97572e-13
6.86651e-10
4.19764e-13
5.94062e-10
4.06951e-13
6.06286e-10
3.90486e-13
5.69108e-10
3.86312e-13
5.64497e-10
4.08802e-13
3.72663e-10
4.42872e-13
1.85014e-10
3.8673e-13
2.04293e-10
3.58403e-13
2.80713e-10
3.69287e-13
3.0663e-10
3.73571e-13
2.81065e-10
3.64918e-13
3.05933e-10
3.67224e-13
3.81659e-10
3.70866e-13
4.1949e-10
3.61271e-13
4.43913e-10
3.72096e-13
3.37305e-10
4.10011e-13
2.14192e-10
3.73689e-13
2.13043e-10
3.80913e-13
2.19431e-10
3.63967e-13
2.44031e-10
3.4899e-13
2.43797e-10
3.67487e-13
2.46565e-10
3.81335e-13
2.26387e-10
3.6485e-13
1.9918e-10
3.62875e-13
2.06735e-10
3.79699e-13
2.22772e-10
3.63383e-13
2.3015e-10
3.48748e-13
2.29752e-10
3.83123e-13
1.5283e-10
3.81869e-13
1.34521e-10
3.56643e-13
1.40443e-10
3.41245e-13
1.46496e-10
3.38227e-13
1.5701e-10
3.54125e-13
1.06315e-10
4.14944e-13
4.9034e-11
3.73277e-13
4.35773e-11
3.77954e-13
3.67874e-11
3.43299e-13
3.72465e-11
3.28578e-13
4.01629e-11
3.38881e-13
3.67137e-11
3.48766e-13
2.9249e-11
3.58615e-13
2.42454e-11
3.50715e-13
2.6624e-11
3.65321e-13
1.74689e-11
3.8963e-13
1.62191e-11
3.30298e-13
1.78741e-11
3.45387e-13
1.27743e-11
3.56177e-13
1.22465e-11
3.36435e-13
1.35172e-11
3.30719e-13
1.14166e-11
3.37024e-13
8.98891e-12
3.46331e-13
7.71773e-12
3.28756e-13
5.90639e-12
3.51856e-13
3.75549e-12
3.38299e-13
4.23869e-12
3.17947e-13
5.35448e-12
3.14605e-13
5.5024e-12
3.10968e-13
5.48811e-12
3.10484e-13
5.94305e-12
3.11357e-13
6.57756e-12
3.22857e-13
6.3405e-12
3.3283e-13
6.08433e-12
3.22548e-13
5.91456e-12
3.13083e-13
6.20133e-12
3.06207e-13
6.32783e-12
3.27502e-13
6.26093e-12
3.20384e-13
6.86726e-12
3.1583e-13
6.16702e-12
3.29364e-13
6.06926e-12
3.45865e-13
4.21771e-12
3.44199e-13
2.44522e-12
3.14712e-13
1.80269e-12
3.08712e-13
1.54327e-12
3.03104e-13
1.44893e-12
3.0003e-13
1.6857e-12
3.15759e-13
1.44151e-12
3.36771e-13
1.05783e-12
3.13522e-13
9.49602e-13
3.17201e-13
8.49883e-13
3.29152e-13
7.76408e-13
3.53997e-13
6.74908e-13
3.49683e-13
5.44213e-13
3.45662e-13
4.95052e-13
4.81991e-13
3.53872e-13
6.73096e-13
3.42324e-13
4.70265e-13
4.22346e-13
3.83456e-13
4.77929e-13
3.80179e-13
4.87028e-13
3.77128e-13
4.9134e-13
3.95627e-13
4.21638e-13
4.954e-13
3.62933e-13
4.48614e-13
3.80171e-13
3.9651e-13
4.33602e-13
3.81391e-13
4.83608e-13
4.01529e-13
4.20132e-13
4.52508e-13
3.72202e-13
4.90577e-13
3.5585e-13
5.11426e-13
3.55967e-13
4.97846e-13
3.512e-13
4.83627e-13
3.37991e-13
4.8443e-13
3.63746e-13
4.54215e-13
3.74767e-13
4.60031e-13
3.74821e-13
4.29936e-13
3.82938e-13
5.64445e-13
3.29241e-13
9.46543e-13
2.95346e-13
1.23261e-12
2.77165e-13
1.32373e-12
2.78283e-13
9.65049e-13
2.92063e-13
8.08853e-13
2.90959e-13
8.29675e-13
2.8659e-13
6.85667e-13
3.07268e-13
5.0268e-13
3.20875e-13
5.1502e-13
2.96726e-13
6.0751e-13
2.81995e-13
6.69893e-13
2.97498e-13
6.70809e-13
2.9799e-13
7.7834e-13
2.86197e-13
9.2312e-13
2.85633e-13
1.00346e-12
2.82924e-13
1.24498e-12
3.03901e-13
2.1554e-12
2.66364e-13
2.45492e-12
2.72216e-13
3.03858e-12
2.75847e-13
4.6476e-12
2.61354e-13
6.38442e-12
2.55367e-13
7.96242e-12
2.54167e-13
9.44756e-12
2.50365e-13
7.92091e-12
2.42126e-13
5.04463e-12
2.44733e-13
3.81614e-12
2.55018e-13
4.2168e-12
2.54175e-13
5.68118e-12
2.57036e-13
7.44563e-12
2.50823e-13
6.31978e-12
2.47949e-13
5.57664e-12
2.72064e-13
8.47744e-12
2.56726e-13
9.70562e-12
2.64196e-13
9.66625e-12
2.90148e-13
1.91861e-11
2.44727e-13
2.27545e-11
2.41005e-13
2.41683e-11
2.38652e-13
2.11189e-11
2.38875e-13
1.65366e-11
2.45765e-13
1.52627e-11
2.47885e-13
1.59312e-11
2.38999e-13
1.62255e-11
2.48524e-13
1.64849e-11
2.608e-13
2.07183e-11
2.46656e-13
2.29523e-11
2.53061e-13
2.76229e-11
2.37361e-13
2.55462e-11
2.37219e-13
1.79264e-11
2.43471e-13
2.04745e-11
2.44977e-13
2.29536e-11
2.50189e-13
2.42562e-11
2.36057e-13
2.62729e-11
2.53028e-13
3.18514e-11
2.37731e-13
3.25058e-11
2.52332e-13
4.02971e-11
2.59103e-13
5.93597e-11
2.52476e-13
9.04152e-11
2.36901e-13
1.24496e-10
2.37356e-13
1.57584e-10
2.31436e-13
1.57173e-10
2.28701e-13
1.65547e-10
2.4332e-13
2.19625e-10
2.36357e-13
2.46872e-10
2.26475e-13
2.79396e-10
2.48063e-13
4.01644e-10
2.20575e-13
3.78458e-10
2.13799e-13
2.98321e-10
2.23079e-13
2.93003e-10
2.24405e-13
2.65884e-10
2.27406e-13
2.25094e-10
2.39114e-13
2.54133e-10
2.5419e-13
4.83301e-10
2.24178e-13
6.05502e-10
2.10883e-13
6.17779e-10
2.1708e-13
6.08622e-10
2.31199e-13
6.28108e-10
2.2142e-13
6.37801e-10
2.1984e-13
6.39423e-10
2.18138e-13
6.28956e-10
2.17388e-13
5.69693e-10
2.14817e-13
5.55198e-10
2.11694e-13
5.84477e-10
2.13502e-13
5.4972e-10
2.16309e-13
5.15617e-10
2.15843e-13
5.15678e-10
2.13418e-13
5.51263e-10
2.02479e-13
6.1777e-10
1.96996e-13
6.279e-10
2.00644e-13
6.43438e-10
2.04403e-13
6.09979e-10
2.0918e-13
5.75519e-10
2.2409e-13
5.70947e-10
2.18667e-13
5.60094e-10
2.21658e-13
4.41293e-10
2.27946e-13
3.47241e-10
2.20773e-13
3.17499e-10
1.99816e-13
3.40195e-10
1.92521e-13
3.93497e-10
1.94586e-13
4.38424e-10
1.91415e-13
5.61702e-10
1.92106e-13
5.69488e-10
2.01801e-13
4.81093e-10
2.07635e-13
3.48835e-10
2.12933e-13
2.1489e-10
2.28276e-13
1.35681e-10
2.01544e-13
1.44056e-10
1.87079e-13
1.71256e-10
1.99024e-13
1.33795e-10
1.96673e-13
1.18744e-10
1.88637e-13
1.55621e-10
2.11573e-13
1.26827e-10
2.016e-13
9.78763e-11
1.88958e-13
1.09528e-10
1.92742e-13
1.1556e-10
1.91972e-13
1.08763e-10
1.98421e-13
8.49238e-11
2.00593e-13
7.28145e-11
1.85359e-13
7.71616e-11
1.83377e-13
9.289e-11
1.85215e-13
9.70473e-11
1.87938e-13
9.6049e-11
1.86152e-13
1.08708e-10
1.80349e-13
1.35463e-10
1.89699e-13
1.16067e-10
2.03597e-13
6.3059e-11
1.86588e-13
5.13175e-11
1.74376e-13
5.48237e-11
1.88767e-13
3.70672e-11
1.97619e-13
3.65494e-11
1.7672e-13
3.75964e-11
1.87755e-13
2.96058e-11
2.03605e-13
2.46361e-11
1.97105e-13
1.84361e-11
1.84948e-13
1.83482e-11
1.73713e-13
2.41123e-11
1.84605e-13
2.11614e-11
1.87213e-13
1.59831e-11
1.79047e-13
1.2209e-11
1.89706e-13
8.24956e-12
1.76877e-13
7.35449e-12
1.86584e-13
4.07726e-12
2.05551e-13
2.26241e-12
1.7168e-13
2.34328e-12
1.71141e-13
2.98152e-12
1.74813e-13
3.05996e-12
1.66073e-13
3.04791e-12
1.67799e-13
3.05226e-12
1.72789e-13
3.05479e-12
1.6803e-13
2.75598e-12
1.74605e-13
2.68334e-12
1.73883e-13
2.90285e-12
1.66434e-13
2.93623e-12
1.70961e-13
3.47926e-12
1.81069e-13
3.23415e-12
1.66898e-13
3.32626e-12
1.65881e-13
3.75013e-12
1.64267e-13
4.04597e-12
1.58976e-13
4.26964e-12
1.58838e-13
4.73269e-12
1.6154e-13
4.65585e-12
1.71025e-13
4.09987e-12
1.73078e-13
3.56715e-12
1.71186e-13
3.27848e-12
1.62128e-13
3.65335e-12
1.55166e-13
3.26845e-12
1.57403e-13
3.13882e-12
1.72251e-13
2.88565e-12
1.6611e-13
2.36456e-12
1.5922e-13
1.62366e-12
1.83766e-13
8.03502e-13
1.74381e-13
6.5408e-13
1.67072e-13
6.64332e-13
1.64841e-13
5.83238e-13
1.71437e-13
4.69491e-13
1.87006e-13
3.8713e-13
1.91824e-13
3.41614e-13
1.85824e-13
2.55452e-13
1.90434e-13
2.50262e-13
2.00111e-13
2.68538e-13
2.132e-13
2.26064e-13
2.26095e-13
2.0269e-13
2.32923e-13
1.9413e-13
2.35501e-13
1.88703e-13
2.41534e-13
1.97267e-13
2.25274e-13
2.01989e-13
2.23426e-13
2.01086e-13
2.11353e-13
1.99645e-13
2.3369e-13
1.84799e-13
2.68615e-13
1.7509e-13
2.83845e-13
1.68221e-13
3.21128e-13
1.62112e-13
3.06998e-13
1.72853e-13
2.71207e-13
1.81326e-13
2.79228e-13
1.65238e-13
2.90242e-13
1.64959e-13
3.02631e-13
1.8212e-13
3.08117e-13
1.69573e-13
3.15691e-13
1.60365e-13
3.33316e-13
1.55599e-13
3.49953e-13
1.50666e-13
3.77675e-13
1.50316e-13
3.55543e-13
1.5624e-13
3.01436e-13
1.53545e-13
2.9011e-13
1.62418e-13
3.05731e-13
1.84727e-13
4.27125e-13
1.4561e-13
5.30342e-13
1.44677e-13
6.39558e-13
1.43752e-13
7.78661e-13
1.39747e-13
8.47188e-13
1.50524e-13
9.2295e-13
1.4412e-13
1.07504e-12
1.44037e-13
1.36323e-12
1.49635e-13
2.17432e-12
1.55264e-13
3.9702e-12
1.34467e-13
4.08707e-12
1.43513e-13
3.56371e-12
1.43337e-13
4.79181e-12
1.31574e-13
3.87356e-12
1.35479e-13
3.14633e-12
1.34e-13
3.45579e-12
1.31663e-13
3.69089e-12
1.36741e-13
4.28679e-12
1.3272e-13
4.32886e-12
1.32552e-13
3.4584e-12
1.43214e-13
4.87462e-12
1.28025e-13
6.0789e-12
1.27351e-13
5.63005e-12
1.30094e-13
5.33479e-12
1.30432e-13
5.95686e-12
1.28261e-13
6.39378e-12
1.27412e-13
6.29026e-12
1.25928e-13
6.37052e-12
1.23682e-13
6.05192e-12
1.25658e-13
5.23756e-12
1.25215e-13
5.18945e-12
1.36321e-13
7.48628e-12
1.2857e-13
9.72589e-12
1.27624e-13
7.3519e-12
1.3132e-13
8.47863e-12
1.24618e-13
9.47544e-12
1.45982e-13
1.52587e-11
1.28097e-13
1.84515e-11
1.25483e-13
1.78249e-11
1.29681e-13
2.59137e-11
1.30597e-13
4.21431e-11
1.21165e-13
4.15868e-11
1.20034e-13
3.93406e-11
1.25229e-13
3.80981e-11
1.18823e-13
3.35301e-11
1.16767e-13
3.25765e-11
1.23409e-13
3.51906e-11
1.26302e-13
3.62993e-11
1.41926e-13
6.28771e-11
1.23174e-13
1.03022e-10
1.27105e-13
1.56585e-10
1.2569e-13
2.06427e-10
1.20734e-13
2.09521e-10
1.1767e-13
2.0334e-10
1.16877e-13
1.45037e-10
1.17092e-13
1.12717e-10
1.16657e-13
1.0346e-10
1.1702e-13
1.00681e-10
1.14935e-13
8.79431e-11
1.18387e-13
6.78399e-11
1.29168e-13
9.24924e-11
1.21197e-13
1.1643e-10
1.21009e-13
1.27215e-10
1.23277e-13
1.22778e-10
1.22241e-13
1.39079e-10
1.21726e-13
1.70886e-10
1.24067e-13
2.32115e-10
1.15914e-13
2.25757e-10
1.16314e-13
1.99194e-10
1.14919e-13
1.9883e-10
1.16861e-13
2.03854e-10
1.3917e-13
2.85948e-10
1.20585e-13
3.53704e-10
1.13414e-13
3.40985e-10
1.19723e-13
3.40166e-10
1.14196e-13
3.52767e-10
1.13604e-13
3.23984e-10
1.14548e-13
3.03731e-10
1.10858e-13
2.71329e-10
1.13862e-13
2.92852e-10
1.13334e-13
3.1005e-10
1.13049e-13
2.76034e-10
1.14803e-13
2.63462e-10
1.15234e-13
2.81473e-10
1.1371e-13
2.97032e-10
1.24254e-13
3.03811e-10
1.17372e-13
3.15986e-10
1.24571e-13
2.35066e-10
1.21279e-13
2.19422e-10
1.14263e-13
2.27516e-10
1.14127e-13
2.03347e-10
1.14417e-13
1.70821e-10
1.10885e-13
2.11435e-10
1.08278e-13
2.21244e-10
1.18027e-13
1.4898e-10
1.12873e-13
1.23589e-10
1.06106e-13
1.24315e-10
1.1072e-13
1.36804e-10
1.22657e-13
1.22821e-10
1.13499e-13
1.11168e-10
1.15523e-13
1.03846e-10
1.07818e-13
1.21085e-10
1.04675e-13
1.25359e-10
1.17923e-13
7.51677e-11
1.12659e-13
6.69412e-11
1.08932e-13
7.14719e-11
1.29588e-13
4.37006e-11
1.16976e-13
3.39895e-11
1.10778e-13
2.50953e-11
1.15227e-13
1.87459e-11
1.1587e-13
1.86704e-11
1.09419e-13
1.77136e-11
1.05679e-13
1.55104e-11
1.14754e-13
1.2092e-11
1.1649e-13
1.14128e-11
1.10152e-13
1.07696e-11
1.06713e-13
9.83297e-12
1.03455e-13
1.16401e-11
1.10164e-13
1.23953e-11
1.14293e-13
1.31359e-11
1.09556e-13
1.21406e-11
1.1202e-13
9.44178e-12
1.06364e-13
1.06433e-11
1.03641e-13
1.49746e-11
1.04236e-13
1.57974e-11
1.05608e-13
1.48232e-11
1.03798e-13
1.81064e-11
1.00663e-13
2.49542e-11
1.03204e-13
2.40877e-11
1.1333e-13
1.79649e-11
1.05337e-13
1.76254e-11
1.14515e-13
9.34549e-12
1.18824e-13
5.17178e-12
1.10068e-13
3.81173e-12
1.12237e-13
3.51226e-12
1.13504e-13
2.92122e-12
1.06571e-13
2.39233e-12
1.0094e-13
2.75917e-12
1.0024e-13
2.77921e-12
1.041e-13
2.93441e-12
1.10018e-13
2.92451e-12
1.21295e-13
1.60874e-12
1.10028e-13
1.52415e-12
1.03726e-13
1.49594e-12
1.02482e-13
1.54365e-12
1.04843e-13
1.47526e-12
1.11845e-13
1.0339e-12
1.03929e-13
1.00627e-12
9.89508e-14
1.34881e-12
9.87686e-14
1.66346e-12
1.02002e-13
1.72968e-12
1.06353e-13
1.62817e-12
1.04083e-13
1.71712e-12
9.92745e-14
2.2697e-12
9.99033e-14
2.39619e-12
1.08705e-13
1.64158e-12
1.05833e-13
1.48271e-12
1.05362e-13
1.15475e-12
1.11175e-13
8.01878e-13
1.02538e-13
7.83297e-13
1.0649e-13
7.70389e-13
1.14487e-13
7.16535e-13
1.02174e-13
8.35839e-13
9.7697e-14
9.81971e-13
9.80915e-14
1.45033e-12
1.00973e-13
1.45152e-12
1.11704e-13
8.25114e-13
1.06408e-13
7.70586e-13
1.01669e-13
9.3609e-13
1.01701e-13
9.48996e-13
1.00675e-13
7.88428e-13
1.10283e-13
4.50079e-13
1.20901e-13
2.67131e-13
1.08928e-13
2.53941e-13
1.04366e-13
2.95129e-13
1.09021e-13
2.50469e-13
1.32237e-13
1.51861e-13
1.45935e-13
1.36258e-13
1.42227e-13
1.37436e-13
1.5641e-13
1.25669e-13
1.64668e-13
1.28161e-13
1.4447e-13
1.41771e-13
1.5219e-13
1.35918e-13
1.69148e-13
1.2286e-13
1.63811e-13
1.35552e-13
1.32317e-13
1.50071e-13
1.21971e-13
1.61587e-13
1.18094e-13
1.95335e-13
1.08476e-13
2.11714e-13
1.0741e-13
2.14222e-13
1.05402e-13
2.36947e-13
1.068e-13
2.41252e-13
1.15414e-13
1.92743e-13
1.12349e-13
1.63911e-13
1.3106e-13
1.24822e-13
1.59809e-13
1.18811e-13
1.71485e-13
1.26066e-13
1.64024e-13
1.23297e-13
1.49399e-13
1.26249e-13
1.76438e-13
1.14876e-13
2.22093e-13
1.05852e-13
2.94532e-13
1.01062e-13
3.57775e-13
1.00884e-13
3.63585e-13
1.0458e-13
3.27183e-13
1.04658e-13
3.0548e-13
1.06241e-13
3.55736e-13
1.15313e-13
5.98622e-13
1.00646e-13
5.66247e-13
1.00142e-13
6.90955e-13
9.78491e-14
9.01024e-13
9.83519e-14
8.28941e-13
1.02487e-13
9.33522e-13
9.6026e-14
1.3243e-12
9.17898e-14
1.62017e-12
9.41548e-14
1.73619e-12
1.0054e-13
2.10404e-12
9.44747e-14
2.05101e-12
1.00395e-13
2.04226e-12
1.09978e-13
4.10863e-12
9.71138e-14
5.63217e-12
9.39444e-14
5.58863e-12
9.89788e-14
5.81444e-12
9.62986e-14
7.33757e-12
9.12372e-14
6.89668e-12
9.52669e-14
6.12977e-12
9.80318e-14
5.22139e-12
1.02563e-13
7.19289e-12
9.26893e-14
8.47858e-12
9.30885e-14
8.91075e-12
9.28685e-14
8.19871e-12
9.02369e-14
6.66204e-12
9.01721e-14
5.4955e-12
9.05375e-14
4.96718e-12
9.27346e-14
6.66603e-12
9.25227e-14
9.40763e-12
8.89507e-14
7.99709e-12
8.76492e-14
6.18842e-12
9.08536e-14
6.75145e-12
9.61986e-14
8.02953e-12
9.41892e-14
9.77516e-12
9.86586e-14
1.08146e-11
1.01614e-13
1.84748e-11
9.17608e-14
2.41528e-11
9.54305e-14
2.84225e-11
9.05354e-14
3.16561e-11
9.42846e-14
3.64319e-11
9.32775e-14
4.00715e-11
8.67642e-14
3.32017e-11
8.554e-14
2.48271e-11
8.527e-14
1.86258e-11
8.70359e-14
1.71186e-11
8.80329e-14
1.64234e-11
8.95763e-14
1.4061e-11
8.99428e-14
1.54159e-11
9.28754e-14
2.1093e-11
9.24092e-14
3.53536e-11
8.99226e-14
4.46777e-11
1.01333e-13
7.41682e-11
8.90906e-14
9.70945e-11
9.01866e-14
1.17147e-10
8.88048e-14
1.36435e-10
8.95382e-14
1.61691e-10
8.93526e-14
2.09523e-10
8.35974e-14
2.26265e-10
8.33589e-14
2.19754e-10
8.81455e-14
2.21032e-10
8.45465e-14
2.09103e-10
8.24246e-14
1.87625e-10
8.5874e-14
1.69013e-10
8.31985e-14
1.47092e-10
8.09935e-14
1.35412e-10
8.42429e-14
1.3812e-10
9.28236e-14
1.78303e-10
8.44577e-14
2.06819e-10
7.81565e-14
1.72949e-10
8.4148e-14
1.63269e-10
9.15025e-14
2.06454e-10
9.35299e-14
2.2252e-10
8.4256e-14
2.39624e-10
8.16037e-14
2.4445e-10
8.12586e-14
2.52132e-10
7.79014e-14
2.56851e-10
7.82083e-14
2.47715e-10
8.11846e-14
2.40485e-10
8.19444e-14
2.45244e-10
7.8738e-14
2.37932e-10
8.24259e-14
2.22017e-10
8.89943e-14
2.08728e-10
8.00727e-14
2.07607e-10
7.87208e-14
2.10539e-10
8.05542e-14
2.29753e-10
8.13137e-14
2.08914e-10
8.29331e-14
1.94522e-10
7.94494e-14
2.0727e-10
8.41435e-14
1.76133e-10
8.40379e-14
1.1812e-10
8.88378e-14
8.03604e-11
7.86e-14
8.64757e-11
7.79747e-14
8.62739e-11
7.51703e-14
8.35229e-11
7.39368e-14
8.32665e-11
7.80265e-14
8.70153e-11
7.40995e-14
9.73271e-11
7.30246e-14
1.00109e-10
7.76754e-14
7.18475e-11
7.65044e-14
5.60983e-11
7.83841e-14
3.98898e-11
7.64581e-14
3.27745e-11
7.38915e-14
3.11509e-11
7.53002e-14
3.5608e-11
7.56034e-14
3.2195e-11
8.69392e-14
2.05235e-11
7.68141e-14
2.12014e-11
7.32765e-14
2.02016e-11
6.9516e-14
1.83638e-11
6.82823e-14
1.80147e-11
6.89011e-14
2.06695e-11
7.13303e-14
2.10154e-11
7.56113e-14
1.89506e-11
7.4365e-14
1.65709e-11
7.61782e-14
1.28493e-11
6.98372e-14
1.36981e-11
7.07784e-14
1.53998e-11
7.33616e-14
1.44384e-11
7.23954e-14
1.18777e-11
6.96706e-14
1.02073e-11
6.85641e-14
1.00579e-11
7.22664e-14
9.67843e-12
7.38585e-14
8.24911e-12
7.17429e-14
7.30219e-12
7.09851e-14
6.93907e-12
7.32698e-14
5.70249e-12
7.06626e-14
4.72242e-12
8.06147e-14
3.33797e-12
6.99603e-14
3.66453e-12
6.86518e-14
4.11234e-12
6.5764e-14
4.15271e-12
6.84879e-14
3.75719e-12
7.03553e-14
3.50634e-12
6.67407e-14
3.33902e-12
6.63868e-14
3.77282e-12
6.65137e-14
3.11853e-12
7.33067e-14
2.48192e-12
6.69086e-14
2.75319e-12
6.52628e-14
2.22964e-12
6.94872e-14
1.49047e-12
6.95861e-14
1.05678e-12
7.01681e-14
6.08827e-13
7.52276e-14
3.45675e-13
6.71144e-14
3.16594e-13
6.30874e-14
3.45326e-13
6.18839e-14
3.60751e-13
6.19269e-14
4.4449e-13
6.29805e-14
5.81951e-13
6.92784e-14
4.31778e-13
6.72795e-14
4.07985e-13
6.51208e-14
4.47146e-13
6.26446e-14
4.44901e-13
6.38628e-14
3.35143e-13
6.82988e-14
2.1827e-13
6.58323e-14
1.57711e-13
6.89071e-14
1.50421e-13
6.69456e-14
1.91645e-13
6.70597e-14
1.5932e-13
6.558e-14
1.60401e-13
6.4768e-14
1.62736e-13
6.58093e-14
1.588e-13
6.19133e-14
1.59392e-13
6.10126e-14
2.0942e-13
6.2677e-14
2.17224e-13
7.20617e-14
1.22414e-13
7.90242e-14
1.01293e-13
7.31934e-14
1.2175e-13
6.85311e-14
1.13356e-13
6.79559e-14
1.27811e-13
6.45267e-14
1.69307e-13
6.60011e-14
1.53591e-13
6.46379e-14
1.74294e-13
5.98234e-14
1.94386e-13
6.45094e-14
1.64051e-13
7.66121e-14
1.06345e-13
7.22689e-14
9.45477e-14
7.74023e-14
8.53937e-14
8.90304e-14
7.40054e-14
1.03869e-13
7.04375e-14
1.03574e-13
7.14272e-14
8.92318e-14
7.53892e-14
8.87056e-14
7.54186e-14
9.24329e-14
7.97326e-14
8.06592e-14
7.97315e-14
8.41422e-14
7.26335e-14
8.92198e-14
6.88897e-14
9.98067e-14
6.62138e-14
1.21154e-13
6.38309e-14
1.4435e-13
6.40935e-14
1.51517e-13
6.35428e-14
1.7593e-13
5.71751e-14
1.66748e-13
6.07137e-14
1.21369e-13
6.52053e-14
9.9459e-14
6.69105e-14
1.1346e-13
6.23333e-14
1.71638e-13
5.62643e-14
1.96985e-13
5.66286e-14
2.35507e-13
5.70539e-14
2.6152e-13
5.92921e-14
2.72717e-13
5.70712e-14
3.13278e-13
5.43418e-14
3.15221e-13
5.97415e-14
3.97697e-13
5.87001e-14
5.70461e-13
5.91801e-14
9.39132e-13
5.27909e-14
1.11702e-12
5.22121e-14
1.0152e-12
5.7147e-14
1.38972e-12
5.50158e-14
1.484e-12
5.39964e-14
1.78867e-12
5.44405e-14
2.66027e-12
5.64601e-14
3.34313e-12
5.97634e-14
4.32161e-12
5.08589e-14
4.68314e-12
5.0027e-14
4.04368e-12
5.21265e-14
3.48399e-12
5.46647e-14
3.84645e-12
5.34982e-14
5.72989e-12
4.84122e-14
6.43151e-12
4.96036e-14
7.64628e-12
4.9946e-14
8.16323e-12
4.77647e-14
6.37881e-12
4.75945e-14
5.21052e-12
4.84179e-14
4.35517e-12
4.92701e-14
4.20857e-12
4.893e-14
4.95708e-12
4.81851e-14
5.4268e-12
5.00964e-14
4.70307e-12
5.08086e-14
5.47902e-12
4.78278e-14
5.60798e-12
4.67653e-14
5.95722e-12
4.68758e-14
6.03816e-12
4.701e-14
5.26812e-12
4.8884e-14
5.37634e-12
4.78558e-14
4.7377e-12
4.44362e-14
3.65185e-12
4.51628e-14
2.93025e-12
4.97951e-14
3.39889e-12
4.59127e-14
3.86186e-12
4.48391e-14
3.81416e-12
5.38659e-14
7.21038e-12
4.80094e-14
1.17101e-11
4.66621e-14
1.11787e-11
4.61555e-14
1.05048e-11
4.71245e-14
1.45415e-11
5.20346e-14
2.55643e-11
4.62105e-14
3.17848e-11
4.76376e-14
4.20325e-11
4.49903e-14
4.38261e-11
4.42349e-14
4.61013e-11
4.66672e-14
6.9665e-11
4.20413e-14
7.09931e-11
4.25042e-14
6.01617e-11
4.63183e-14
6.34646e-11
4.32893e-14
7.14912e-11
4.22242e-14
5.27579e-11
4.20218e-14
4.21818e-11
4.08706e-14
3.70132e-11
4.14148e-14
3.17628e-11
4.2526e-14
2.9899e-11
4.19458e-14
2.41718e-11
4.3567e-14
2.38346e-11
4.49922e-14
3.47649e-11
4.47777e-14
4.37268e-11
4.27805e-14
5.33803e-11
4.17784e-14
5.58697e-11
4.29518e-14
5.65173e-11
4.35261e-14
6.05014e-11
4.49565e-14
7.04952e-11
4.37454e-14
9.31757e-11
4.14983e-14
1.12569e-10
3.98086e-14
1.11846e-10
4.07587e-14
9.98777e-11
4.47503e-14
9.88562e-11
4.28836e-14
1.13401e-10
4.13884e-14
1.17548e-10
4.5415e-14
1.09759e-10
4.52595e-14
1.11445e-10
4.48693e-14
9.93083e-11
4.17578e-14
9.64881e-11
4.34963e-14
9.00756e-11
4.22859e-14
8.04429e-11
4.08988e-14
6.77425e-11
4.04161e-14
6.63326e-11
3.90393e-14
6.06767e-11
4.46368e-14
3.93461e-11
4.42457e-14
3.48469e-11
4.07617e-14
2.93264e-11
4.10186e-14
2.95613e-11
4.18408e-14
2.1365e-11
4.10746e-14
1.66358e-11
3.98288e-14
1.58001e-11
3.9359e-14
1.40599e-11
3.76884e-14
1.24722e-11
3.81272e-14
1.09181e-11
3.82111e-14
1.11198e-11
3.75278e-14
1.35537e-11
3.92499e-14
1.6224e-11
4.04779e-14
1.37545e-11
3.92799e-14
1.35939e-11
3.96703e-14
1.37649e-11
3.83786e-14
1.21582e-11
3.80256e-14
1.08479e-11
3.90384e-14
1.24549e-11
3.74239e-14
1.43645e-11
3.63618e-14
1.64243e-11
3.68269e-14
1.60861e-11
3.66706e-14
1.67731e-11
3.59517e-14
2.04779e-11
3.75686e-14
2.16278e-11
3.89433e-14
1.51117e-11
4.23058e-14
6.09553e-12
4.08458e-14
3.44103e-12
3.79098e-14
2.50158e-12
3.69998e-14
3.01096e-12
3.50242e-14
4.18598e-12
3.63903e-14
4.36792e-12
3.66658e-14
5.68039e-12
3.62346e-14
6.42044e-12
3.83262e-14
6.49916e-12
3.77902e-14
5.76352e-12
4.20431e-14
3.06052e-12
3.92459e-14
2.98187e-12
3.78675e-14
2.61172e-12
3.8344e-14
2.09994e-12
3.64823e-14
2.04453e-12
3.59271e-14
2.06046e-12
3.80111e-14
1.98904e-12
3.64917e-14
1.87734e-12
3.55384e-14
2.03817e-12
4.06082e-14
1.38518e-12
3.6703e-14
1.38423e-12
3.42775e-14
1.74899e-12
3.42715e-14
1.89448e-12
3.43966e-14
2.31282e-12
3.44933e-14
2.60089e-12
3.55459e-14
2.67782e-12
3.72674e-14
2.17417e-12
3.83998e-14
1.27502e-12
3.51308e-14
1.10076e-12
3.48926e-14
1.11188e-12
3.59898e-14
1.35478e-12
3.69703e-14
1.14661e-12
3.60253e-14
8.95876e-13
3.52782e-14
6.94946e-13
3.51687e-14
5.19677e-13
3.98792e-14
2.93033e-13
3.62808e-14
2.6117e-13
3.78464e-14
2.09671e-13
3.645e-14
1.69823e-13
3.55058e-14
1.35974e-13
3.41672e-14
1.39986e-13
3.34976e-14
1.24096e-13
3.6631e-14
9.99143e-14
3.47027e-14
8.89033e-14
3.45215e-14
8.32878e-14
3.55149e-14
8.83817e-14
3.54591e-14
8.7608e-14
3.73225e-14
7.85663e-14
3.56535e-14
8.31234e-14
3.66382e-14
8.18538e-14
4.07025e-14
6.37499e-14
4.11476e-14
5.16066e-14
4.47189e-14
4.67268e-14
5e-14
4.44391e-14
4.82138e-14
4.25527e-14
4.8887e-14
3.91285e-14
5.07145e-14
4.11433e-14
4.91867e-14
4.19214e-14
4.50594e-14
4.21446e-14
4.8467e-14
3.77181e-14
6.25067e-14
3.51493e-14
5.95636e-14
3.8597e-14
6.87734e-14
3.3815e-14
6.60852e-14
3.38424e-14
5.76048e-14
3.74084e-14
5.92929e-14
3.55693e-14
6.12319e-14
3.41832e-14
6.83574e-14
3.35849e-14
7.42035e-14
3.25417e-14
7.65621e-14
3.18044e-14
8.19763e-14
3.49764e-14
8.54144e-14
3.50703e-14
1.41173e-13
3.01127e-14
1.71506e-13
3.01741e-14
1.26104e-13
2.92431e-14
1.04794e-13
2.984e-14
1.12638e-13
3.06436e-14
1.21708e-13
2.98545e-14
1.17458e-13
3.03383e-14
1.12086e-13
2.86462e-14
1.1727e-13
3.06407e-14
1.59658e-13
3.01087e-14
2.54956e-13
2.76818e-14
2.32752e-13
2.83375e-14
1.70709e-13
2.9306e-14
1.97234e-13
2.96987e-14
2.90747e-13
3.01171e-14
3.96682e-13
2.83418e-14
5.39602e-13
2.83596e-14
6.7741e-13
3.32664e-14
1.43813e-12
2.70883e-14
1.73395e-12
2.64352e-14
1.27618e-12
2.70273e-14
9.27338e-13
2.8187e-14
1.02233e-12
2.68763e-14
9.41211e-13
2.61542e-14
7.65697e-13
2.66832e-14
6.7323e-13
2.61334e-14
5.72854e-13
2.63058e-14
4.79957e-13
2.71197e-14
4.70733e-13
2.79919e-14
6.61027e-13
2.85399e-14
1.13182e-12
2.65704e-14
1.4349e-12
2.54788e-14
1.5383e-12
2.71991e-14
1.82369e-12
3.05596e-14
2.8336e-12
2.77466e-14
3.42499e-12
2.57125e-14
3.81265e-12
2.50813e-14
3.52343e-12
2.84125e-14
4.03129e-12
2.68609e-14
5.85954e-12
2.48296e-14
5.08748e-12
2.53403e-14
4.24118e-12
2.66902e-14
5.24445e-12
2.65768e-14
4.97933e-12
2.52242e-14
4.15288e-12
2.46638e-14
4.07447e-12
2.5981e-14
4.57903e-12
2.51094e-14
4.42877e-12
2.50848e-14
4.22436e-12
2.56003e-14
4.63204e-12
2.41422e-14
4.5053e-12
2.41498e-14
3.91539e-12
2.45409e-14
3.43388e-12
2.67983e-14
4.0567e-12
2.80148e-14
6.62473e-12
2.5266e-14
8.2776e-12
2.63403e-14
1.00617e-11
2.60959e-14
1.1867e-11
2.37744e-14
1.10096e-11
2.49703e-14
1.304e-11
2.40847e-14
1.62193e-11
2.33089e-14
1.54493e-11
2.41362e-14
1.24561e-11
2.49668e-14
1.53524e-11
2.50101e-14
2.32727e-11
2.35479e-14
1.96414e-11
2.2853e-14
1.42161e-11
2.22254e-14
1.29209e-11
2.50018e-14
1.26475e-11
2.71379e-14
2.45107e-11
2.30649e-14
2.51143e-11
2.25472e-14
1.89063e-11
2.28121e-14
1.98985e-11
2.3167e-14
2.26623e-11
2.35396e-14
2.39109e-11
2.29233e-14
2.56338e-11
2.45919e-14
3.24752e-11
2.36601e-14
4.3872e-11
2.21154e-14
4.8508e-11
2.42332e-14
5.95143e-11
2.37857e-14
6.63812e-11
2.29369e-14
6.67859e-11
2.21141e-14
6.76835e-11
2.22863e-14
6.78677e-11
2.18553e-14
6.8632e-11
2.11471e-14
6.80891e-11
2.1221e-14
5.30219e-11
2.20244e-14
4.59452e-11
2.29439e-14
5.42373e-11
2.19126e-14
5.82365e-11
2.32124e-14
6.02594e-11
2.38379e-14
4.83198e-11
2.47233e-14
3.85958e-11
2.15681e-14
4.90925e-11
2.0282e-14
5.36522e-11
2.14724e-14
4.57887e-11
2.2691e-14
4.76204e-11
2.1444e-14
4.56657e-11
2.2952e-14
3.07043e-11
2.2223e-14
3.06364e-11
2.10201e-14
3.21246e-11
2.18454e-14
2.74984e-11
2.25907e-14
2.26293e-11
2.18831e-14
1.79071e-11
2.26389e-14
1.16674e-11
2.41307e-14
9.16437e-12
2.15436e-14
8.30537e-12
2.06799e-14
9.59803e-12
2.0494e-14
1.18118e-11
2.23141e-14
9.7873e-12
2.01094e-14
1.09663e-11
1.97077e-14
1.42002e-11
2.13651e-14
1.28027e-11
2.07624e-14
1.22337e-11
2.02045e-14
9.44878e-12
2.26468e-14
6.63634e-12
1.99097e-14
7.96962e-12
1.88764e-14
9.51166e-12
1.91001e-14
1.06595e-11
2.00583e-14
8.73163e-12
1.98082e-14
8.1226e-12
1.93301e-14
9.41234e-12
1.93698e-14
9.69725e-12
1.91349e-14
9.80837e-12
1.95758e-14
7.63252e-12
1.94055e-14
5.94037e-12
1.82523e-14
6.49046e-12
1.82424e-14
7.17739e-12
2.01146e-14
5.77633e-12
2.19482e-14
4.77641e-12
1.85339e-14
4.32131e-12
2.03512e-14
3.06312e-12
1.91438e-14
2.77687e-12
1.92053e-14
2.56434e-12
1.95605e-14
2.55215e-12
1.80079e-14
2.38936e-12
1.84236e-14
1.72044e-12
1.91772e-14
1.24823e-12
1.89313e-14
9.6574e-13
2.08606e-14
5.28203e-13
1.90354e-14
4.44087e-13
1.88795e-14
4.31236e-13
1.83131e-14
3.85095e-13
1.75996e-14
4.16171e-13
1.84175e-14
3.1278e-13
1.91255e-14
2.35498e-13
1.80754e-14
2.12584e-13
1.75951e-14
1.78086e-13
1.69597e-14
2.26207e-13
1.67369e-14
3.14231e-13
1.71436e-14
3.20748e-13
1.73804e-14
3.42918e-13
1.69488e-14
4.50262e-13
1.68945e-14
5.40476e-13
1.66329e-14
6.30874e-13
1.62946e-14
5.99816e-13
1.75936e-14
4.49297e-13
1.7215e-14
4.42264e-13
1.69198e-14
4.36625e-13
1.76435e-14
3.83425e-13
1.67889e-14
3.3124e-13
1.67383e-14
2.67617e-13
1.61751e-14
2.47949e-13
1.64572e-14
2.32972e-13
1.66696e-14
2.45802e-13
1.61537e-14
2.55489e-13
1.6522e-14
1.92744e-13
1.7875e-14
1.05888e-13
1.80346e-14
8.16796e-14
1.68877e-14
6.02113e-14
1.88435e-14
4.39484e-14
1.72768e-14
5.57189e-14
1.64671e-14
6.11722e-14
1.6722e-14
5.63462e-14
1.82473e-14
4.32618e-14
1.94276e-14
3.00484e-14
1.91461e-14
2.47671e-14
2.36332e-14
1.99477e-14
2.58219e-14
1.9298e-14
2.34745e-14
2.19264e-14
2.0444e-14
2.37167e-14
1.9779e-14
2.32577e-14
1.94772e-14
2.77794e-14
1.81246e-14
2.92e-14
1.90203e-14
2.50553e-14
1.93877e-14
2.36006e-14
2.01534e-14
2.17872e-14
2.36859e-14
1.98594e-14
2.87308e-14
1.85983e-14
2.47929e-14
1.93467e-14
2.3051e-14
1.94487e-14
2.42496e-14
2.0637e-14
2.06485e-14
2.24389e-14
1.97187e-14
2.0739e-14
2.21968e-14
2.25862e-14
2.0419e-14
2.49862e-14
1.93877e-14
2.14333e-14
2.08831e-14
2.13503e-14
2.19651e-14
2.16269e-14
2.20787e-14
1.99576e-14
1.98746e-14
2.04221e-14
1.92793e-14
1.9427e-14
2.24844e-14
1.79207e-14
3.28682e-14
1.62342e-14
5.5952e-14
1.49776e-14
7.41438e-14
1.7341e-14
1.35516e-13
1.49448e-14
1.78319e-13
1.43588e-14
1.46398e-13
1.48828e-14
1.71596e-13
1.53931e-14
2.70799e-13
1.61663e-14
5.58122e-13
1.51363e-14
6.99347e-13
1.39976e-14
6.06582e-13
1.37371e-14
4.80993e-13
1.39788e-14
3.60861e-13
1.38725e-14
3.66167e-13
1.48527e-14
5.08573e-13
1.43485e-14
7.16422e-13
1.424e-14
7.23811e-13
1.44552e-14
8.45397e-13
1.40264e-14
9.57833e-13
1.42255e-14
9.64904e-13
1.29878e-14
1.0175e-12
1.2546e-14
7.21068e-13
1.28794e-14
4.47687e-13
1.38938e-14
5.17317e-13
1.37374e-14
7.09582e-13
1.33531e-14
7.26459e-13
1.40622e-14
7.78645e-13
1.31063e-14
7.12793e-13
1.30604e-14
6.19732e-13
1.36215e-14
6.16381e-13
1.31514e-14
6.46349e-13
1.34275e-14
5.91912e-13
1.35082e-14
6.02452e-13
1.34064e-14
6.95477e-13
1.33152e-14
6.07185e-13
1.37036e-14
5.80669e-13
1.36608e-14
6.63331e-13
1.38411e-14
9.09751e-13
1.44143e-14
1.49997e-12
1.40041e-14
1.98299e-12
1.35452e-14
2.19553e-12
1.36809e-14
2.84434e-12
1.22239e-14
2.83476e-12
1.19575e-14
2.35309e-12
1.24102e-14
1.93814e-12
1.36248e-14
2.35015e-12
1.46486e-14
4.51471e-12
1.23683e-14
5.04695e-12
1.1864e-14
5.14092e-12
1.23545e-14
5.61032e-12
1.25317e-14
6.84926e-12
1.18815e-14
6.66496e-12
1.28108e-14
6.50585e-12
1.32567e-14
8.36797e-12
1.1918e-14
6.56237e-12
1.17386e-14
4.76332e-12
1.22665e-14
4.25352e-12
1.34287e-14
5.79798e-12
1.21114e-14
6.99739e-12
1.21323e-14
8.04551e-12
1.17711e-14
7.49456e-12
1.17342e-14
6.19667e-12
1.20498e-14
6.50019e-12
1.18581e-14
7.35381e-12
1.27626e-14
9.18474e-12
1.19976e-14
1.14757e-11
1.15109e-14
1.10039e-11
1.22198e-14
9.67324e-12
1.25215e-14
1.3692e-11
1.15507e-14
1.64646e-11
1.12561e-14
1.81222e-11
1.12699e-14
1.79591e-11
1.16154e-14
1.83215e-11
1.34432e-14
2.30223e-11
1.17536e-14
2.87126e-11
1.12774e-14
2.92245e-11
1.11711e-14
2.98529e-11
1.09589e-14
2.5017e-11
1.11535e-14
2.09885e-11
1.09383e-14
2.37129e-11
1.08477e-14
2.45042e-11
1.08087e-14
2.19045e-11
1.0837e-14
1.92369e-11
1.17208e-14
2.32154e-11
1.25317e-14
3.00381e-11
1.08506e-14
3.35412e-11
1.03145e-14
3.18983e-11
1.07925e-14
2.98538e-11
1.10895e-14
2.97021e-11
1.10959e-14
2.82726e-11
1.05146e-14
2.99613e-11
1.06893e-14
2.75707e-11
1.04156e-14
2.38241e-11
1.10993e-14
1.94792e-11
1.0951e-14
1.87302e-11
1.01023e-14
2.02816e-11
1.02405e-14
1.90412e-11
1.0147e-14
1.8977e-11
1.02266e-14
2.46944e-11
9.96285e-15
2.64897e-11
9.81032e-15
2.5517e-11
9.72211e-15
2.49939e-11
9.97718e-15
2.04162e-11
1.09358e-14
1.47021e-11
1.03178e-14
1.26985e-11
1.02361e-14
1.27383e-11
1.02237e-14
1.02189e-11
1.10673e-14
5.7112e-12
1.07915e-14
5.46638e-12
9.84908e-15
5.01791e-12
9.8108e-15
4.52647e-12
9.33475e-15
4.56001e-12
9.49424e-15
4.07002e-12
9.63516e-15
4.9378e-12
9.37992e-15
4.9815e-12
9.66072e-15
3.97632e-12
9.2486e-15
4.07287e-12
9.07402e-15
4.92326e-12
9.62718e-15
5.36497e-12
9.18958e-15
5.67124e-12
9.63036e-15
5.07708e-12
9.43879e-15
5.99831e-12
9.11689e-15
6.47263e-12
9.05398e-15
5.63294e-12
9.63448e-15
3.77473e-12
9.75134e-15
3.21871e-12
8.84011e-15
2.8194e-12
9.83097e-15
2.08055e-12
9.42497e-15
1.55707e-12
1.01421e-14
9.54977e-13
9.63588e-15
6.99168e-13
8.92245e-15
6.2758e-13
9.00413e-15
7.47186e-13
9.15033e-15
6.64842e-13
9.0427e-15
5.07901e-13
9.53692e-15
3.51527e-13
8.97304e-15
3.25463e-13
9.02476e-15
2.64161e-13
8.77228e-15
2.70522e-13
8.41664e-15
3.77222e-13
9.07728e-15
3.47833e-13
8.5942e-15
4.32936e-13
8.81385e-15
4.16369e-13
9.96221e-15
2.39225e-13
9.43387e-15
1.52306e-13
9.04494e-15
1.08577e-13
8.60151e-15
8.05358e-14
8.82409e-15
6.99916e-14
8.58951e-15
7.12079e-14
8.79062e-15
7.67671e-14
8.55038e-15
7.62246e-14
8.31497e-15
7.74733e-14
8.98205e-15
7.17617e-14
8.95e-15
6.49659e-14
8.43975e-15
6.12022e-14
8.50029e-15
6.2565e-14
8.5077e-15
5.40617e-14
8.57902e-15
4.07575e-14
8.53017e-15
4.08506e-14
8.5522e-15
4.55363e-14
8.57619e-15
4.8897e-14
8.80921e-15
4.6047e-14
8.75571e-15
4.29047e-14
8.72324e-15
4.96798e-14
8.08225e-15
6.08625e-14
7.73851e-15
8.72381e-14
7.74089e-15
1.033e-13
7.86149e-15
1.09343e-13
8.07929e-15
1.15803e-13
8.41307e-15
8.99231e-14
8.70824e-15
6.42079e-14
8.47641e-15
6.72051e-14
8.59696e-15
4.67774e-14
9.16517e-15
2.61359e-14
9.1904e-15
1.76554e-14
9.85784e-15
1.39333e-14
9.31934e-15
1.48948e-14
9.78623e-15
1.42781e-14
1.18867e-14
1.04695e-14
1.45777e-14
9.27505e-15
1.88534e-14
9.43157e-15
2.20269e-14
8.47096e-15
2.15815e-14
8.27806e-15
2.37099e-14
8.60725e-15
2.48239e-14
8.34715e-15
1.8105e-14
8.46406e-15
1.48176e-14
8.70999e-15
1.34448e-14
8.77664e-15
1.35657e-14
9.0468e-15
1.60354e-14
8.73636e-15
2.10633e-14
8.08495e-15
2.3955e-14
8.34255e-15
2.99136e-14
7.85396e-15
2.68107e-14
8.0393e-15
2.40031e-14
8.33523e-15
3.43511e-14
8.00609e-15
4.02168e-14
7.91942e-15
4.24701e-14
7.51815e-15
4.22661e-14
7.41617e-15
4.48577e-14
7.78924e-15
5.53815e-14
7.2346e-15
4.79634e-14
7.14923e-15
4.20991e-14
7.5012e-15
4.18507e-14
7.34355e-15
3.64743e-14
7.33868e-15
2.80451e-14
7.52648e-15
2.06033e-14
7.77594e-15
2.39937e-14
8.14577e-15
3.49289e-14
7.73879e-15
3.58325e-14
8.08151e-15
5.10786e-14
7.7501e-15
9.15788e-14
7.26133e-15
1.19597e-13
6.97093e-15
1.28768e-13
7.28144e-15
1.40855e-13
7.05141e-15
1.29128e-13
6.63022e-15
1.28397e-13
6.79452e-15
1.4823e-13
7.947e-15
2.52641e-13
7.58575e-15
3.88396e-13
7.12547e-15
3.98161e-13
7.16565e-15
4.73514e-13
6.8096e-15
4.55934e-13
6.74661e-15
4.25487e-13
6.75945e-15
4.64849e-13
6.69282e-15
3.43314e-13
6.92253e-15
2.89786e-13
7.1561e-15
3.57325e-13
6.85502e-15
3.61532e-13
6.52789e-15
3.06903e-13
6.63814e-15
2.32678e-13
6.77383e-15
2.77683e-13
6.41279e-15
3.14087e-13
6.51126e-15
3.10285e-13
6.49135e-15
2.79898e-13
6.37659e-15
2.53584e-13
6.81271e-15
2.7312e-13
6.817e-15
3.00585e-13
6.96906e-15
3.49081e-13
6.73062e-15
3.98026e-13
6.23813e-15
3.21835e-13
6.83319e-15
3.47732e-13
7.00409e-15
6.20607e-13
6.5911e-15
7.15222e-13
7.64113e-15
1.09988e-12
6.64544e-15
1.60202e-12
6.30044e-15
1.68565e-12
6.24249e-15
1.49586e-12
6.38345e-15
1.0491e-12
6.40191e-15
1.13715e-12
6.41182e-15
1.39961e-12
6.62702e-15
1.74941e-12
6.39675e-15
1.65741e-12
6.19066e-15
1.45779e-12
6.74143e-15
2.14057e-12
6.38522e-15
2.92988e-12
6.15713e-15
2.67443e-12
7.03427e-15
4.06641e-12
6.36271e-15
4.78334e-12
7.02036e-15
6.45856e-12
6.47826e-15
1.0611e-11
6.0689e-15
1.07789e-11
6.10222e-15
1.15773e-11
6.50243e-15
1.48108e-11
6.36703e-15
1.76104e-11
6.07631e-15
1.83143e-11
5.91386e-15
1.83015e-11
5.83046e-15
1.63622e-11
5.85243e-15
1.51334e-11
5.99529e-15
1.32689e-11
6.24151e-15
1.35465e-11
6.04401e-15
1.54672e-11
5.77318e-15
1.52276e-11
5.65515e-15
1.24064e-11
5.69394e-15
1.09477e-11
5.83768e-15
1.05847e-11
5.79197e-15
9.67071e-12
5.64517e-15
8.07975e-12
6.3144e-15
8.21578e-12
6.81393e-15
1.46938e-11
5.64863e-15
1.47951e-11
5.86367e-15
1.36388e-11
6.38122e-15
1.51419e-11
5.84661e-15
1.63798e-11
5.76149e-15
1.61695e-11
5.88178e-15
1.61041e-11
5.98256e-15
1.56303e-11
6.0302e-15
1.68354e-11
5.58005e-15
1.74723e-11
5.58728e-15
1.5676e-11
5.89167e-15
1.49767e-11
5.45233e-15
1.76029e-11
5.4201e-15
1.70598e-11
5.479e-15
1.72196e-11
5.38014e-15
1.69615e-11
5.84274e-15
1.38704e-11
6.5259e-15
1.17297e-11
5.56862e-15
1.42501e-11
5.47339e-15
1.25609e-11
5.81405e-15
9.35847e-12
5.3452e-15
9.70672e-12
5.18146e-15
1.12261e-11
5.43212e-15
1.20134e-11
5.19538e-15
1.28392e-11
5.20055e-15
1.19988e-11
5.43017e-15
9.82484e-12
5.64926e-15
7.51597e-12
5.87144e-15
6.65941e-12
5.30946e-15
6.62804e-12
5.2349e-15
7.12164e-12
5.14601e-15
9.94669e-12
5.58621e-15
7.37912e-12
5.98151e-15
5.03737e-12
5.73923e-15
4.0306e-12
5.24713e-15
3.99285e-12
5.22306e-15
3.77658e-12
5.6699e-15
2.80057e-12
5.32491e-15
2.10361e-12
5.21365e-15
2.02854e-12
5.33458e-15
2.06405e-12
5.33326e-15
1.71179e-12
5.05605e-15
1.8566e-12
5.0975e-15
1.58923e-12
5.1917e-15
1.20898e-12
4.98703e-15
1.42444e-12
4.84881e-15
1.88896e-12
4.76111e-15
2.09754e-12
5.04712e-15
1.62439e-12
5.11587e-15
1.50771e-12
4.7044e-15
1.86467e-12
4.84493e-15
2.07411e-12
5.30962e-15
1.31752e-12
5.04506e-15
1.12067e-12
4.99068e-15
1.01421e-12
5.57812e-15
7.53465e-13
5.11179e-15
7.35207e-13
4.77542e-15
6.80213e-13
4.98561e-15
4.35624e-13
5.08883e-15
3.39889e-13
4.80814e-15
3.57175e-13
4.90333e-15
3.24113e-13
4.64319e-15
3.28262e-13
4.64053e-15
3.3941e-13
4.56026e-15
4.216e-13
4.36529e-15
5.50059e-13
4.7919e-15
4.595e-13
4.76251e-15
3.64996e-13
4.65873e-15
2.21778e-13
5.20339e-15
1.27232e-13
4.91808e-15
7.78714e-14
4.93617e-15
6.59652e-14
4.57221e-15
6.3214e-14
4.58474e-15
4.76793e-14
4.50634e-15
4.99003e-14
4.48656e-15
7.02024e-14
4.45037e-15
6.79193e-14
4.5203e-15
6.37774e-14
4.55275e-15
5.1725e-14
4.71674e-15
3.34102e-14
4.65791e-15
2.72837e-14
4.35733e-15
3.0062e-14
4.21314e-15
3.99476e-14
4.3427e-15
4.63365e-14
4.2818e-15
3.98173e-14
4.32369e-15
3.00617e-14
4.46392e-15
2.57799e-14
4.34079e-15
2.94855e-14
4.26117e-15
2.91863e-14
4.33133e-15
2.26647e-14
4.30233e-15
2.40929e-14
4.24677e-15
2.64617e-14
4.4836e-15
1.99419e-14
4.68221e-15
1.1871e-14
5.06225e-15
9.29506e-15
4.46127e-15
1.20782e-14
4.43773e-15
1.15061e-14
4.46457e-15
1.29212e-14
4.40353e-15
1.44578e-14
4.5701e-15
1.0909e-14
4.63317e-15
8.18507e-15
4.72266e-15
8.03449e-15
4.88813e-15
7.27275e-15
5.40645e-15
6.17127e-15
5.54674e-15
6.24737e-15
5.36466e-15
5.85337e-15
8.6454e-15
4.42206e-15
8.76748e-15
4.68133e-15
9.27232e-15
4.3459e-15
1.15388e-14
4.23633e-15
1.01236e-14
4.58403e-15
1.17183e-14
4.22445e-15
1.36419e-14
4.20619e-15
1.43549e-14
4.05948e-15
2.09183e-14
3.90602e-15
2.67876e-14
3.97843e-15
3.10255e-14
3.89999e-15
3.60745e-14
3.78181e-15
3.03205e-14
3.79897e-15
2.00826e-14
3.72948e-15
1.84158e-14
3.87424e-15
1.96881e-14
3.96159e-15
2.03186e-14
3.8884e-15
1.83288e-14
3.80877e-15
2.05255e-14
3.79343e-15
2.32772e-14
3.80271e-15
2.40549e-14
3.80605e-15
1.99319e-14
3.84773e-15
1.77412e-14
3.69912e-15
1.69952e-14
3.90572e-15
2.14061e-14
4.10428e-15
3.18551e-14
4.29315e-15
6.04162e-14
3.7327e-15
8.42947e-14
3.63107e-15
7.98805e-14
3.7071e-15
8.19786e-14
3.59238e-15
7.41931e-14
3.60236e-15
5.16286e-14
4.1411e-15
6.69845e-14
3.82908e-15
8.80915e-14
4.06479e-15
8.91855e-14
4.05626e-15
1.32038e-13
3.69995e-15
1.67902e-13
3.62696e-15
1.86475e-13
3.58088e-15
1.5554e-13
3.72012e-15
1.68894e-13
3.66387e-15
2.25266e-13
3.64852e-15
2.5319e-13
3.69471e-15
2.34908e-13
3.67906e-15
2.47887e-13
3.65845e-15
2.91586e-13
3.56255e-15
2.79177e-13
3.65436e-15
2.85815e-13
3.85772e-15
3.62837e-13
3.56383e-15
3.76989e-13
3.53661e-15
4.04071e-13
3.62127e-15
4.87093e-13
3.82067e-15
6.17061e-13
3.52834e-15
6.71199e-13
3.36022e-15
5.18568e-13
3.36998e-15
4.77905e-13
3.47215e-15
4.27919e-13
3.55514e-15
3.32317e-13
3.37056e-15
3.305e-13
3.34377e-15
2.54015e-13
3.63874e-15
2.55558e-13
3.79017e-15
3.71065e-13
3.46279e-15
4.88196e-13
3.44505e-15
6.38123e-13
3.53408e-15
7.09072e-13
3.80743e-15
8.39244e-13
3.87206e-15
1.19818e-12
3.64801e-15
1.45383e-12
3.64633e-15
1.7447e-12
3.63342e-15
2.41054e-12
3.42918e-15
2.85169e-12
3.54052e-15
3.19592e-12
4.13223e-15
5.43673e-12
3.4231e-15
6.93634e-12
3.31642e-15
6.35673e-12
3.51255e-15
6.75596e-12
3.63119e-15
7.4877e-12
3.65555e-15
7.30733e-12
3.3779e-15
7.88415e-12
3.28788e-15
7.06596e-12
3.3385e-15
6.11947e-12
3.32158e-15
5.76562e-12
3.34135e-15
5.14686e-12
3.23178e-15
5.10846e-12
3.23902e-15
4.3067e-12
3.36561e-15
3.36991e-12
3.28157e-15
3.433e-12
3.33903e-15
3.43035e-12
3.36409e-15
3.85278e-12
3.62556e-15
5.67116e-12
3.41209e-15
6.60497e-12
3.24196e-15
5.03969e-12
3.24569e-15
4.45722e-12
3.22618e-15
4.47614e-12
3.3439e-15
4.67649e-12
3.46786e-15
6.0598e-12
3.42422e-15
7.05926e-12
3.28522e-15
6.02771e-12
3.19877e-15
4.1819e-12
3.57981e-15
4.54905e-12
3.68019e-15
6.43651e-12
3.78126e-15
8.18993e-12
3.43853e-15
8.88028e-12
3.33212e-15
9.38248e-12
3.41114e-15
9.59272e-12
3.70118e-15
7.54578e-12
3.71247e-15
7.87928e-12
3.25879e-15
8.68554e-12
3.19099e-15
8.58838e-12
3.23606e-15
9.05072e-12
3.41579e-15
8.43921e-12
3.55922e-15
6.75483e-12
3.30254e-15
6.3389e-12
3.38762e-15
5.4877e-12
3.46821e-15
4.78073e-12
3.30381e-15
4.99098e-12
3.14191e-15
5.15879e-12
3.31821e-15
4.42688e-12
3.38757e-15
4.163e-12
3.21075e-15
4.95269e-12
3.49747e-15
4.67469e-12
3.47398e-15
3.84943e-12
3.2565e-15
3.68e-12
3.20168e-15
4.0493e-12
3.23127e-15
4.08459e-12
3.5398e-15
2.73402e-12
3.44569e-15
2.11514e-12
3.28071e-15
1.77517e-12
3.37875e-15
2.06422e-12
3.12327e-15
2.61378e-12
3.05911e-15
3.06179e-12
3.16528e-15
3.41945e-12
3.28979e-15
2.77024e-12
3.27964e-15
2.00203e-12
3.40232e-15
1.43839e-12
3.43391e-15
1.45747e-12
3.46871e-15
9.99236e-13
3.69538e-15
5.82536e-13
3.3027e-15
5.26312e-13
3.31423e-15
5.33534e-13
3.3265e-15
5.20476e-13
3.36662e-15
4.86623e-13
3.30386e-15
5.35873e-13
3.35614e-15
4.53789e-13
3.30074e-15
3.18554e-13
3.53804e-15
2.09765e-13
3.42968e-15
1.65516e-13
3.50554e-15
1.03803e-13
3.23606e-15
8.56028e-14
3.21485e-15
7.80383e-14
3.28174e-15
7.78445e-14
3.08124e-15
1.0001e-13
3.05897e-15
1.11286e-13
3.07493e-15
1.05819e-13
3.08536e-15
1.03809e-13
3.04797e-15
9.48948e-14
3.05544e-15
9.31454e-14
3.05938e-15
1.19225e-13
3.02815e-15
1.3667e-13
3.10697e-15
1.08165e-13
3.22866e-15
8.18547e-14
3.07029e-15
9.52574e-14
3.03124e-15
1.24207e-13
3.31535e-15
9.7465e-14
3.10043e-15
8.99579e-14
2.90491e-15
9.74805e-14
3.00999e-15
8.88291e-14
2.97103e-15
1.07055e-13
2.91673e-15
1.1685e-13
3.08312e-15
9.15526e-14
3.06944e-15
8.38966e-14
3.36939e-15
4.06836e-14
3.28287e-15
2.76827e-14
2.93098e-15
3.51279e-14
2.98419e-15
3.75506e-14
2.92523e-15
3.72262e-14
2.84013e-15
3.33911e-14
3.01829e-15
2.52497e-14
2.8903e-15
2.62753e-14
3.00085e-15
2.46404e-14
3.15918e-15
1.68569e-14
3.40962e-15
9.8151e-15
3.09078e-15
1.31213e-14
2.92729e-15
1.35566e-14
3.24486e-15
9.27462e-15
3.09264e-15
9.68619e-15
3.02775e-15
1.13223e-14
3.07912e-15
8.53631e-15
3.34279e-15
5.29001e-15
3.3916e-15
4.97522e-15
3.28164e-15
5.34233e-15
3.4472e-15
5.3543e-15
3.38569e-15
5.93013e-15
3.31226e-15
5.05948e-15
3.75353e-15
3.81994e-15
4.3847e-15
3.6205e-15
4.80335e-15
3.59971e-15
4.39837e-15
3.44962e-15
4.70179e-15
3.30877e-15
5.54791e-15
3.15021e-15
5.41734e-15
3.31948e-15
5.05792e-15
3.38888e-15
5.35404e-15
3.24481e-15
5.24227e-15
3.49134e-15
5.82401e-15
3.31999e-15
5.88348e-15
3.17648e-15
4.90395e-15
3.3505e-15
5.497e-15
3.48414e-15
1.08656e-14
2.72244e-15
1.14725e-14
2.75935e-15
8.82134e-15
3.04458e-15
8.64954e-15
2.97035e-15
1.23506e-14
2.93409e-15
1.69327e-14
2.84919e-15
2.18395e-14
2.65608e-15
1.94239e-14
2.71552e-15
1.74299e-14
2.88393e-15
2.0549e-14
2.67109e-15
1.91805e-14
2.6809e-15
1.4055e-14
3.05606e-15
1.87654e-14
3.03946e-15
3.40826e-14
2.68534e-15
3.7909e-14
2.73799e-15
4.46979e-14
2.78607e-15
5.3271e-14
2.69021e-15
4.54403e-14
2.68101e-15
3.6453e-14
2.65061e-15
3.38891e-14
2.63283e-15
3.09255e-14
2.65721e-15
2.83606e-14
2.7305e-15
2.82143e-14
2.74673e-15
3.27876e-14
2.74228e-15
4.03832e-14
2.74566e-15
4.3007e-14
2.59179e-15
3.7818e-14
2.45358e-15
2.79782e-14
2.54741e-15
2.66487e-14
2.79208e-15
3.96918e-14
2.61745e-15
4.4837e-14
2.63373e-15
4.14869e-14
2.65417e-15
3.98341e-14
2.7466e-15
4.96094e-14
2.89859e-15
8.36561e-14
2.82125e-15
1.53019e-13
2.47017e-15
1.60538e-13
2.48645e-15
1.63432e-13
2.52404e-15
1.43809e-13
2.50195e-15
1.09049e-13
2.70847e-15
1.19201e-13
2.58155e-15
1.05224e-13
2.45347e-15
9.38604e-14
2.72789e-15
1.25635e-13
2.69051e-15
1.9797e-13
2.61328e-15
2.83953e-13
2.53905e-15
3.44082e-13
2.5418e-15
3.47702e-13
2.56817e-15
4.15672e-13
2.64274e-15
4.68927e-13
2.89231e-15
6.40703e-13
2.68164e-15
1.01199e-12
2.45397e-15
1.14017e-12
2.35512e-15
8.24208e-13
2.50377e-15
7.31594e-13
2.69497e-15
8.62572e-13
2.46507e-15
1.02088e-12
2.52326e-15
1.20956e-12
2.53891e-15
1.15337e-12
2.32997e-15
9.57516e-13
2.51259e-15
9.29586e-13
2.69574e-15
1.03522e-12
2.38769e-15
9.89575e-13
2.43379e-15
9.09849e-13
2.32475e-15
8.08592e-13
2.30941e-15
8.15773e-13
2.38276e-15
7.92622e-13
2.38939e-15
6.24603e-13
2.8641e-15
8.85612e-13
2.48649e-15
1.40245e-12
2.62539e-15
2.22882e-12
2.54092e-15
3.29978e-12
2.47839e-15
3.52802e-12
2.38156e-15
3.59201e-12
2.27781e-15
3.85546e-12
2.38471e-15
3.89318e-12
2.54212e-15
3.92565e-12
2.41353e-15
4.51203e-12
2.42262e-15
4.8042e-12
2.45878e-15
5.45072e-12
2.33525e-15
4.97948e-12
2.55946e-15
5.18473e-12
2.43875e-15
6.21148e-12
2.23602e-15
4.6501e-12
2.37836e-15
3.981e-12
2.36156e-15
4.76649e-12
2.27841e-15
3.96972e-12
2.54617e-15
4.3545e-12
2.57545e-15
6.10935e-12
2.59608e-15
6.06158e-12
2.31743e-15
5.20833e-12
2.31201e-15
4.50173e-12
2.27597e-15
4.16903e-12
2.25441e-15
4.32831e-12
2.26165e-15
4.62666e-12
2.30767e-15
5.18772e-12
2.26411e-15
5.75926e-12
2.21895e-15
5.52348e-12
2.26831e-15
5.53521e-12
2.21256e-15
6.71734e-12
2.16346e-15
6.99891e-12
2.24831e-15
6.41629e-12
2.73648e-15
5.38352e-12
2.34658e-15
5.87697e-12
2.18549e-15
6.08706e-12
2.3524e-15
4.83596e-12
2.49447e-15
4.36313e-12
2.27116e-15
4.7751e-12
2.20385e-15
4.82192e-12
2.28883e-15
4.61431e-12
2.4095e-15
3.65036e-12
2.28381e-15
3.95277e-12
2.2285e-15
4.2754e-12
2.25626e-15
3.89025e-12
2.16217e-15
3.10324e-12
2.29607e-15
2.27807e-12
2.19266e-15
2.33241e-12
2.14154e-15
2.45744e-12
2.26453e-15
2.39843e-12
2.17377e-15
2.45371e-12
2.18204e-15
2.04288e-12
2.2773e-15
1.7647e-12
2.28027e-15
1.69319e-12
2.35106e-15
1.36128e-12
2.43774e-15
1.02936e-12
2.15421e-15
8.79629e-13
2.16172e-15
1.02775e-12
2.19828e-15
9.84793e-13
2.10688e-15
8.18783e-13
2.11151e-15
6.55888e-13
2.24564e-15
4.37228e-13
2.196e-15
3.3758e-13
2.10169e-15
3.10844e-13
2.10629e-15
2.97368e-13
2.13333e-15
2.73694e-13
2.07134e-15
2.53112e-13
2.03984e-15
2.51501e-13
2.00357e-15
2.0042e-13
2.34717e-15
9.73578e-14
2.14284e-15
9.29655e-14
2.14991e-15
6.67997e-14
2.1578e-15
5.93334e-14
2.01591e-15
6.28032e-14
2.12615e-15
5.27911e-14
1.98316e-15
6.24017e-14
1.89962e-15
8.67548e-14
1.91722e-15
1.03505e-13
1.8812e-15
1.15643e-13
1.85331e-15
1.18214e-13
1.87513e-15
1.15855e-13
2.0103e-15
8.37183e-14
2.03144e-15
8.68036e-14
1.81015e-15
1.17603e-13
1.85694e-15
9.87838e-14
2.01394e-15
7.43647e-14
1.93575e-15
6.83509e-14
1.89871e-15
5.59693e-14
1.96212e-15
4.41569e-14
1.90113e-15
4.2425e-14
1.82859e-15
3.90014e-14
1.86096e-15
3.38459e-14
1.88169e-15
3.02667e-14
1.92253e-15
2.6185e-14
2.05127e-15
1.50128e-14
1.95977e-15
1.21862e-14
1.79131e-15
1.38252e-14
1.82734e-15
1.7516e-14
1.74367e-15
1.96103e-14
1.73036e-15
2.05288e-14
1.68629e-15
2.14358e-14
1.66178e-15
2.13259e-14
1.85737e-15
1.6925e-14
1.84109e-15
1.60066e-14
1.82779e-15
1.05677e-14
1.99285e-15
6.94849e-15
1.96069e-15
6.13543e-15
1.83749e-15
5.58778e-15
1.79504e-15
5.17607e-15
2.00268e-15
3.37665e-15
2.12079e-15
2.61657e-15
2.12596e-15
2.45525e-15
2.17484e-15
2.81162e-15
2.00008e-15
3.40687e-15
1.90959e-15
3.0238e-15
2.02924e-15
3.01449e-15
2.03255e-15
3.6811e-15
1.83847e-15
4.19071e-15
1.74965e-15
4.17398e-15
1.7474e-15
5.31252e-15
1.7029e-15
6.4526e-15
1.68172e-15
5.22466e-15
1.68794e-15
4.75296e-15
1.70924e-15
4.46314e-15
1.74407e-15
4.25229e-15
1.77413e-15
4.94069e-15
1.66346e-15
4.67714e-15
1.66268e-15
4.37095e-15
1.86168e-15
3.54656e-15
2.08692e-15
2.70438e-15
2.05901e-15
2.27174e-15
2.36475e-15
1.95325e-15
3.0191e-15
1.77971e-15
3.82215e-15
1.7052e-15
4.32448e-15
1.66772e-15
5.21616e-15
1.62819e-15
5.89383e-15
1.71124e-15
6.50176e-15
1.6237e-15
6.09041e-15
1.61296e-15
5.65977e-15
1.83113e-15
9.94346e-15
1.59056e-15
1.3958e-14
1.55721e-15
1.43701e-14
1.52767e-15
1.5405e-14
1.61514e-15
1.98505e-14
1.58217e-15
2.45044e-14
1.45473e-15
2.08943e-14
1.53601e-15
2.5829e-14
1.48733e-15
3.44618e-14
1.43053e-15
3.38424e-14
1.53145e-15
3.52581e-14
1.4149e-15
2.7334e-14
1.36616e-15
2.14323e-14
1.45474e-15
2.42175e-14
1.46507e-15
3.06673e-14
1.4265e-15
3.03416e-14
1.51381e-15
3.1635e-14
1.45266e-15
3.54497e-14
1.4041e-15
2.7966e-14
1.40426e-15
2.31646e-14
1.38745e-15
2.00331e-14
1.40534e-15
1.67429e-14
1.52302e-15
2.31282e-14
1.44547e-15
2.38598e-14
1.38575e-15
2.24894e-14
1.34995e-15
2.67996e-14
1.37185e-15
3.09019e-14
1.42656e-15
3.76652e-14
1.55114e-15
5.83987e-14
1.48569e-15
7.8985e-14
1.36467e-15
7.40138e-14
1.48488e-15
1.05682e-13
1.41595e-15
1.35103e-13
1.37743e-15
1.3486e-13
1.36773e-15
1.58665e-13
1.37017e-15
1.60462e-13
1.60443e-15
3.01919e-13
1.3545e-15
4.33732e-13
1.31699e-15
4.23151e-13
1.34675e-15
4.06323e-13
1.29373e-15
3.82179e-13
1.27743e-15
2.66527e-13
1.33607e-15
2.27757e-13
1.3663e-15
2.39856e-13
1.37102e-15
3.19762e-13
1.29097e-15
3.85484e-13
1.2607e-15
3.37753e-13
1.39008e-15
4.1681e-13
1.28681e-15
4.23896e-13
1.30762e-15
4.02534e-13
1.27592e-15
4.56214e-13
1.2036e-15
4.12389e-13
1.21513e-15
3.91289e-13
1.34007e-15
5.00403e-13
1.28051e-15
6.21331e-13
1.21908e-15
5.15214e-13
1.36659e-15
5.34518e-13
1.25217e-15
6.37916e-13
1.26811e-15
7.40382e-13
1.22845e-15
6.87624e-13
1.18586e-15
4.79442e-13
1.21161e-15
4.21099e-13
1.23393e-15
4.08885e-13
1.28239e-15
3.41418e-13
1.25077e-15
4.12296e-13
1.41093e-15
7.42043e-13
1.26663e-15
1.08554e-12
1.28677e-15
1.07252e-12
1.31997e-15
1.39719e-12
1.2104e-15
1.7636e-12
1.26887e-15
2.20177e-12
1.36515e-15
3.01075e-12
1.2998e-15
3.43049e-12
1.20215e-15
3.69673e-12
1.1585e-15
3.64035e-12
1.20532e-15
3.50394e-12
1.21627e-15
3.44025e-12
1.26633e-15
3.36818e-12
1.24066e-15
3.37563e-12
1.21168e-15
3.08313e-12
1.15941e-15
2.93262e-12
1.19084e-15
2.57765e-12
1.23964e-15
2.57334e-12
1.17413e-15
3.1046e-12
1.14224e-15
3.38501e-12
1.11444e-15
3.60964e-12
1.10611e-15
3.68786e-12
1.10563e-15
3.51597e-12
1.20436e-15
3.17165e-12
1.24825e-15
3.11179e-12
1.13855e-15
3.16846e-12
1.08928e-15
3.26496e-12
1.10303e-15
3.12255e-12
1.28688e-15
2.62805e-12
1.17602e-15
2.53063e-12
1.16088e-15
2.0788e-12
1.14101e-15
1.94662e-12
1.1237e-15
2.08192e-12
1.13654e-15
2.21512e-12
1.13339e-15
2.28475e-12
1.17513e-15
2.19038e-12
1.21802e-15
1.49698e-12
1.30214e-15
9.87198e-13
1.17757e-15
1.1782e-12
1.11804e-15
1.25877e-12
1.19333e-15
1.04056e-12
1.20417e-15
1.04432e-12
1.15721e-15
8.45085e-13
1.21319e-15
4.67714e-13
1.26899e-15
2.63217e-13
1.17571e-15
2.46519e-13
1.13632e-15
2.77184e-13
1.07278e-15
3.16383e-13
1.03371e-15
3.42325e-13
1.0661e-15
3.78192e-13
1.14524e-15
3.71386e-13
1.14077e-15
3.03275e-13
1.10761e-15
2.67062e-13
1.09574e-15
2.96343e-13
1.07032e-15
3.08077e-13
1.10928e-15
2.72874e-13
1.10003e-15
2.4471e-13
1.06752e-15
2.75788e-13
1.08967e-15
3.12236e-13
1.04487e-15
3.82648e-13
1.0316e-15
4.3275e-13
1.06459e-15
4.92089e-13
1.06615e-15
6.03385e-13
1.04624e-15
8.50315e-13
1.0392e-15
7.21176e-13
1.09454e-15
5.09454e-13
1.08399e-15
4.23317e-13
1.07126e-15
3.25019e-13
1.17409e-15
1.96143e-13
1.07132e-15
1.70707e-13
1.05583e-15
1.35442e-13
1.25989e-15
6.51389e-14
1.07839e-15
5.24571e-14
1.04889e-15
5.00728e-14
1.0401e-15
4.88642e-14
1.09343e-15
4.19595e-14
1.05169e-15
4.26234e-14
1.04105e-15
4.22056e-14
1.09382e-15
3.707e-14
1.08029e-15
2.44934e-14
1.17541e-15
1.64462e-14
1.05741e-15
2.12695e-14
1.00718e-15
1.94933e-14
1.00883e-15
1.53224e-14
1.09286e-15
1.23037e-14
1.03452e-15
1.2001e-14
1.05729e-15
8.86316e-15
9.87316e-16
8.29876e-15
9.78587e-16
9.54049e-15
9.91291e-16
1.02785e-14
9.59975e-16
1.29039e-14
9.54953e-16
1.38912e-14
1.03686e-15
1.00717e-14
1.05488e-15
9.06394e-15
1.03459e-15
8.21694e-15
9.5823e-16
9.21927e-15
9.62418e-16
8.17754e-15
1.07951e-15
5.03437e-15
9.91898e-16
5.25302e-15
9.37454e-16
7.74995e-15
9.34811e-16
7.72014e-15
9.61505e-16
7.68758e-15
9.6928e-16
9.14829e-15
9.69208e-16
1.05348e-14
9.75078e-16
9.12426e-15
9.76012e-16
9.21182e-15
9.73937e-16
9.17567e-15
1.11703e-15
3.99757e-15
1.0165e-15
3.24833e-15
9.52361e-16
4.18405e-15
9.43772e-16
4.40844e-15
9.6724e-16
3.53313e-15
1.01515e-15
2.83024e-15
9.88582e-16
2.23333e-15
1.08785e-15
1.54375e-15
1.15775e-15
1.29686e-15
1.31807e-15
1.2039e-15
1.93438e-15
1.07459e-15
2.72084e-15
1.02572e-15
3.30948e-15
9.77439e-16
3.22517e-15
9.73703e-16
3.59208e-15
9.85632e-16
4.26986e-15
9.47807e-16
4.25919e-15
9.06565e-16
3.28212e-15
8.9719e-16
2.43579e-15
9.22533e-16
2.10115e-15
9.74512e-16
1.84765e-15
1.0392e-15
2.19047e-15
9.4747e-16
2.5532e-15
8.92592e-16
2.18658e-15
9.20586e-16
2.51155e-15
8.95968e-16
3.06596e-15
8.5898e-16
2.88438e-15
8.77842e-16
2.70506e-15
9.20223e-16
2.35568e-15
9.19364e-16
2.16648e-15
9.01693e-16
2.28168e-15
8.98112e-16
2.61941e-15
9.05358e-16
3.04903e-15
9.56847e-16
3.68045e-15
9.00558e-16
5.4748e-15
9.24408e-16
6.70513e-15
9.31381e-16
9.02555e-15
8.02717e-16
7.60575e-15
8.10246e-16
6.07552e-15
8.97319e-16
7.02176e-15
8.30088e-16
6.88076e-15
8.13099e-16
7.21616e-15
8.09239e-16
6.98308e-15
8.17797e-16
6.27278e-15
8.07509e-16
5.96679e-15
8.22152e-16
5.62077e-15
8.56838e-16
8.14925e-15
9.08929e-16
1.38505e-14
8.40334e-16
1.57295e-14
8.61003e-16
2.07324e-14
8.59543e-16
3.40547e-14
7.90819e-16
3.45098e-14
8.03644e-16
3.37475e-14
8.05467e-16
3.74933e-14
7.9629e-16
3.5938e-14
8.66905e-16
5.03154e-14
7.96412e-16
7.30826e-14
7.88061e-16
7.33264e-14
7.79032e-16
5.31255e-14
7.74984e-16
5.25701e-14
8.03197e-16
5.28009e-14
7.40494e-16
4.1512e-14
7.3018e-16
2.9733e-14
7.42127e-16
2.34993e-14
7.50222e-16
2.43952e-14
8.22314e-16
3.25636e-14
7.70159e-16
3.25356e-14
7.41857e-16
3.25364e-14
7.73312e-16
4.0547e-14
7.6179e-16
4.93575e-14
7.9989e-16
5.96316e-14
8.52083e-16
1.22952e-13
7.81642e-16
2.17737e-13
7.36662e-16
2.76392e-13
7.1392e-16
2.73934e-13
7.19622e-16
2.20263e-13
6.97001e-16
1.58963e-13
7.07679e-16
1.60513e-13
7.53299e-16
1.9282e-13
7.01831e-16
1.37583e-13
6.84273e-16
1.01453e-13
7.11115e-16
1.16936e-13
7.66089e-16
1.85472e-13
7.64644e-16
3.12424e-13
7.4e-16
3.76038e-13
8.20911e-16
5.45216e-13
7.04726e-16
5.83205e-13
6.95278e-16
6.08302e-13
7.47022e-16
8.3666e-13
7.22529e-16
1.02822e-12
6.98916e-16
1.02774e-12
6.70199e-16
1.00197e-12
6.55158e-16
8.37134e-13
6.64176e-16
7.43849e-13
6.97406e-16
7.13221e-13
7.14422e-16
8.50645e-13
7.033e-16
9.04987e-13
6.84601e-16
1.05119e-12
6.65969e-16
9.05511e-13
7.03586e-16
8.48695e-13
6.4662e-16
8.09629e-13
6.51353e-16
6.40505e-13
6.73448e-16
5.35761e-13
6.58289e-16
5.29329e-13
7.36807e-16
7.58584e-13
7.28483e-16
1.01774e-12
6.87087e-16
1.22089e-12
7.16259e-16
1.62967e-12
6.71657e-16
1.86695e-12
6.50245e-16
1.76543e-12
6.65501e-16
1.87756e-12
6.33476e-16
1.92072e-12
6.41263e-16
1.91298e-12
6.16889e-16
1.89204e-12
6.73024e-16
1.61087e-12
6.66055e-16
1.59179e-12
6.4586e-16
1.3858e-12
6.24005e-16
1.29134e-12
6.02064e-16
1.43348e-12
5.95316e-16
1.68622e-12
5.77159e-16
1.92954e-12
5.99507e-16
1.72632e-12
7.09963e-16
1.43647e-12
6.5316e-16
1.4224e-12
6.20977e-16
1.5169e-12
6.25106e-16
1.2697e-12
6.26067e-16
1.11745e-12
6.31931e-16
9.8466e-13
6.26077e-16
9.65291e-13
6.12891e-16
8.61633e-13
6.12494e-16
5.83367e-13
6.17303e-16
4.23839e-13
5.82976e-16
4.07791e-13
5.78968e-16
3.68554e-13
5.98553e-16
4.09844e-13
6.09133e-16
4.08428e-13
6.04034e-16
4.1262e-13
6.00337e-16
3.35215e-13
6.07534e-16
2.42512e-13
5.84723e-16
2.58184e-13
6.23802e-16
2.39816e-13
6.41797e-16
1.66718e-13
6.67577e-16
1.27456e-13
5.83214e-16
1.35887e-13
5.96681e-16
1.52716e-13
5.89611e-16
1.41362e-13
5.7484e-16
1.29912e-13
5.65084e-16
1.16804e-13
6.06498e-16
8.16296e-14
5.66721e-16
8.87629e-14
5.4061e-16
1.35453e-13
5.47486e-16
1.23147e-13
5.57312e-16
1.03896e-13
5.54124e-16
1.14367e-13
5.51214e-16
1.14182e-13
5.69494e-16
8.63056e-14
5.601e-16
8.26567e-14
5.77657e-16
7.53741e-14
5.93008e-16
5.94647e-14
5.85842e-16
4.71121e-14
6.24925e-16
2.67262e-14
5.99155e-16
2.52723e-14
5.47052e-16
3.25504e-14
5.60552e-16
2.88098e-14
5.44842e-16
2.80745e-14
5.79123e-16
2.25211e-14
5.61301e-16
2.23378e-14
5.60333e-16
1.89269e-14
5.58966e-16
1.86358e-14
5.20585e-16
2.34988e-14
5.21763e-16
2.4793e-14
5.16368e-16
2.41039e-14
5.3002e-16
1.96919e-14
5.80865e-16
1.41913e-14
5.52594e-16
1.27972e-14
5.5173e-16
1.00001e-14
5.57917e-16
6.28055e-15
6.14469e-16
3.28158e-15
5.52734e-16
3.5008e-15
5.11535e-16
4.34172e-15
5.23926e-16
4.54405e-15
5.31636e-16
3.82283e-15
5.37017e-16
3.12469e-15
5.3618e-16
3.37378e-15
5.71045e-16
2.81843e-15
5.15453e-16
3.48229e-15
5.14647e-16
3.9552e-15
5.50836e-16
2.65468e-15
5.44958e-16
2.02113e-15
5.10847e-16
2.47962e-15
5.05712e-16
2.64182e-15
5.2507e-16
2.61805e-15
4.97009e-16
2.82102e-15
5.05677e-16
2.96649e-15
5.04725e-16
3.66215e-15
4.85512e-16
3.34551e-15
5.44753e-16
1.94799e-15
5.29997e-16
1.82786e-15
4.88428e-16
1.6001e-15
5.9156e-16
8.6812e-16
6.90579e-16
7.02213e-16
7.2725e-16
6.49675e-16
7.0576e-16
7.13564e-16
6.2753e-16
8.5622e-16
6.73452e-16
6.96044e-16
7.26139e-16
7.26738e-16
6.48699e-16
7.99354e-16
6.49701e-16
6.66468e-16
7.14226e-16
5.8426e-16
7.24674e-16
6.12748e-16
7.07919e-16
6.30232e-16
7.9547e-16
6.36002e-16
9.35715e-16
5.78185e-16
1.31584e-15
4.77838e-16
1.20724e-15
4.94624e-16
1.0129e-15
5.05e-16
1.01815e-15
4.97985e-16
1.07024e-15
4.91507e-16
1.03303e-15
5.14929e-16
8.16617e-16
5.63817e-16
6.92477e-16
5.94097e-16
6.51799e-16
6.3821e-16
5.90362e-16
7.19626e-16
5.4351e-16
8.6402e-16
5.21429e-16
9.0653e-16
5.50778e-16
7.5894e-16
5.71e-16
7.46451e-16
5.44664e-16
9.73667e-16
4.78844e-16
1.00356e-15
5.00652e-16
7.39084e-16
5.90553e-16
5.81217e-16
7.76873e-16
5.0477e-16
8.63271e-16
5.13392e-16
7.66433e-16
5.37057e-16
1.00097e-15
4.99111e-16
1.53097e-15
4.66493e-16
2.24878e-15
4.38736e-16
2.14664e-15
4.30228e-16
1.94918e-15
4.13793e-16
1.88637e-15
4.43116e-16
2.06779e-15
4.61438e-16
2.49049e-15
4.22107e-16
3.06228e-15
4.27312e-16
3.69799e-15
4.22526e-16
4.44471e-15
4.61179e-16
6.34475e-15
4.56187e-16
8.13419e-15
4.26888e-16
8.40405e-15
4.23982e-16
8.87265e-15
4.01349e-16
8.1422e-15
4.32707e-16
9.48232e-15
4.17709e-16
1.03673e-14
4.21974e-16
1.33189e-14
4.18805e-16
1.85743e-14
4.18279e-16
2.75481e-14
3.97187e-16
2.35921e-14
4.04371e-16
2.18826e-14
4.19435e-16
3.17998e-14
3.9899e-16
3.51966e-14
3.92044e-16
3.3091e-14
3.85615e-16
3.01984e-14
3.75853e-16
2.64599e-14
3.88616e-16
2.94022e-14
3.93191e-16
2.92262e-14
3.86423e-16
3.0681e-14
3.84314e-16
3.63058e-14
3.83104e-16
3.31288e-14
3.81575e-16
3.15726e-14
3.70985e-16
2.78134e-14
3.71606e-16
2.15243e-14
3.71084e-16
2.18366e-14
3.9424e-16
1.96815e-14
3.7681e-16
1.99737e-14
3.8704e-16
2.49625e-14
3.85949e-16
4.12532e-14
3.95539e-16
6.59782e-14
4.11499e-16
1.3225e-13
3.68847e-16
1.87708e-13
3.66941e-16
2.23519e-13
3.92115e-16
2.56386e-13
3.62432e-16
2.81698e-13
3.65563e-16
3.41797e-13
3.68278e-16
4.68476e-13
4.01967e-16
7.02336e-13
3.91017e-16
8.13968e-13
3.64705e-16
9.4631e-13
3.35114e-16
9.86803e-13
3.44015e-16
8.82393e-13
3.51864e-16
7.55475e-13
3.35231e-16
6.12807e-13
3.45925e-16
6.12769e-13
3.43293e-16
6.54635e-13
3.48795e-16
7.52032e-13
3.59601e-16
9.08239e-13
3.38058e-16
8.86894e-13
3.49326e-16
8.79526e-13
3.56601e-16
1.00063e-12
3.22828e-16
9.91262e-13
3.23118e-16
9.03696e-13
3.30208e-16
8.15428e-13
3.23492e-16
7.79197e-13
3.32598e-16
7.92006e-13
3.46786e-16
8.34942e-13
3.49889e-16
9.52663e-13
3.17633e-16
9.98102e-13
3.19639e-16
9.24435e-13
3.24635e-16
9.56016e-13
3.14604e-16
9.0426e-13
3.17169e-16
8.41587e-13
3.14011e-16
8.58865e-13
3.0712e-16
7.32188e-13
3.01493e-16
5.58808e-13
3.50743e-16
5.8722e-13
3.44687e-16
8.63891e-13
3.02448e-16
8.26673e-13
3.21013e-16
8.0346e-13
3.19556e-16
8.06711e-13
3.63313e-16
7.38358e-13
3.07174e-16
7.67847e-13
3.11925e-16
6.94718e-13
3.28483e-16
5.86492e-13
3.17947e-16
5.18469e-13
3.04887e-16
4.69255e-13
2.87467e-16
4.59678e-13
3.15914e-16
3.44017e-13
2.96308e-16
2.92573e-13
2.96993e-16
1.90127e-13
3.29806e-16
1.22058e-13
2.96883e-16
1.48776e-13
3.06081e-16
1.5934e-13
3.00417e-16
1.66417e-13
2.82293e-16
2.13968e-13
2.83973e-16
2.66868e-13
2.91543e-16
2.60514e-13
2.94453e-16
2.45529e-13
3.06929e-16
2.48842e-13
2.8902e-16
2.50308e-13
2.8786e-16
2.21189e-13
3.10845e-16
1.55875e-13
2.85463e-16
1.7275e-13
2.72888e-16
2.26371e-13
2.76354e-16
2.72717e-13
2.79247e-16
2.75793e-13
2.82168e-16
2.6152e-13
2.97986e-16
2.132e-13
3.06336e-16
1.98128e-13
2.77193e-16
2.34264e-13
2.87104e-16
1.59943e-13
3.29692e-16
8.80272e-14
2.87584e-16
5.90048e-14
3.14394e-16
3.96215e-14
2.80697e-16
5.38167e-14
2.77974e-16
5.54059e-14
2.80166e-16
5.25412e-14
2.86326e-16
5.53381e-14
2.71974e-16
6.35293e-14
3.10256e-16
3.46678e-14
3.00115e-16
2.30485e-14
2.7531e-16
1.85793e-14
2.70073e-16
1.83044e-14
2.66778e-16
1.79289e-14
2.68339e-16
1.75345e-14
2.70136e-16
1.68292e-14
2.88639e-16
1.4747e-14
2.72755e-16
1.20906e-14
2.73854e-16
1.04041e-14
2.59426e-16
1.31149e-14
2.66399e-16
9.12085e-15
2.97897e-16
6.83484e-15
2.64438e-16
7.06387e-15
2.55081e-16
7.32554e-15
2.44633e-16
1.00475e-14
2.55926e-16
1.38565e-14
2.70223e-16
1.3431e-14
2.60917e-16
1.14205e-14
2.7085e-16
1.06521e-14
2.58874e-16
1.1654e-14
2.52695e-16
1.07989e-14
2.62748e-16
9.13545e-15
2.60582e-16
9.27119e-15
2.49558e-16
1.18345e-14
2.48355e-16
1.14625e-14
2.67686e-16
7.47942e-15
2.94494e-16
5.89714e-15
2.73216e-16
4.41082e-15
2.60041e-16
3.19998e-15
2.63692e-16
2.31319e-15
2.67327e-16
2.21301e-15
2.55526e-16
2.53707e-15
2.67121e-16
2.00734e-15
2.5068e-16
1.7726e-15
2.64631e-16
1.15147e-15
2.80029e-16
1.01864e-15
2.50786e-16
1.43583e-15
2.57701e-16
1.48194e-15
2.62832e-16
1.12579e-15
2.50346e-16
1.17326e-15
2.4955e-16
1.42673e-15
2.81662e-16
7.88968e-16
2.93985e-16
5.62669e-16
2.71527e-16
6.73549e-16
2.60141e-16
6.24246e-16
2.81879e-16
5.59951e-16
2.74662e-16
5.61408e-16
2.66156e-16
5.05187e-16
2.79754e-16
4.24852e-16
3.38907e-16
3.26837e-16
3.72596e-16
3.25293e-16
3.70834e-16
3.17847e-16
3.6192e-16
3.06829e-16
3.44816e-16
3.06847e-16
3.50284e-16
3.02151e-16
3.9219e-16
3.23413e-16
3.43552e-16
3.94216e-16
2.85236e-16
3.89628e-16
3.03421e-16
3.79787e-16
2.96262e-16
4.47004e-16
2.73745e-16
4.41344e-16
3.53251e-16
3.14225e-16
4.34262e-16
2.73827e-16
4.67061e-16
2.74806e-16
5.9905e-16
2.61266e-16
8.92753e-16
2.45248e-16
9.7632e-16
2.48126e-16
8.33806e-16
2.40482e-16
7.6424e-16
2.34839e-16
8.06448e-16
2.38442e-16
9.24017e-16
2.49259e-16
8.90075e-16
2.6044e-16
1.18985e-15
2.41609e-16
1.56314e-15
2.2482e-16
1.39351e-15
2.36033e-16
1.29644e-15
2.44377e-16
1.25532e-15
2.34084e-16
1.24317e-15
2.32925e-16
1.08374e-15
2.41287e-16
9.86875e-16
2.55071e-16
1.09013e-15
2.49428e-16
1.43587e-15
2.57233e-16
2.45583e-15
2.34047e-16
2.97391e-15
2.26418e-16
2.78661e-15
2.17993e-16
