1
1.96498
1.97493
3.91719
2.97811
8.12431
2.9022
13.3526
3.76621
23.949
3.07026
28.8439
2.92168
31.3454
3.31169
37.0833
3.62268
83.6743
3.64887
145.475
3.68519
203.824
3.70547
275.625
3.68641
363.549
3.62133
496.654
3.50676
639.671
3.40812
842.772
3.39905
1076.38
3.38708
1770.29
2.89379
1565.07
3.29805
1917.8
3.32735
2760.33
3.31114
1420.91
3.62277
1720.55
3.71797
2304.77
3.96101
3478.73
4.21402
4586.27
4.64621
6377.66
4.7213
8571.26
6.333
7751.47
5.08041
9572.16
4.70893
9934.53
5.01901
7476.15
4.95587
6127.1
5.05404
4945.68
5.13405
5305.07
4.94064
8317.5
5.18969
10515.5
5.39327
7806.43
5.49629
5102.78
5.33418
3572.63
5.50511
2295.39
5.69287
1369.8
5.59228
1104.22
5.71188
912.893
6.16175
581.385
6.34148
292.426
7.06104
172.267
6.81382
123.359
7.01218
138.87
6.9269
159.28
7.52874
79.552
8.74877
44.1281
6.42865
63.2724
6.96143
50.8364
7.37408
26.8676
8.29809
14.5378
8.23989
10.6148
9.2104
8.92956
12.4734
8.06347
16.7339
7.84111
15.7415
7.95278
15.3406
8.15496
27.2279
7.14546
33.7673
7.11239
20.4045
9.01021
11.7025
8.32761
13.4222
7.65392
17.2936
7.32328
22.8344
7.29203
35.9474
7.37941
52.6089
7.66205
85.3167
8.79299
177.379
8.76257
511.046
7.97445
1039.76
6.89654
720.154
7.01716
805.619
7.43735
1249.54
7.13862
1483.32
6.91717
908.329
7.30529
505.512
7.19941
530.239
7.26525
661.445
7.45662
737.284
7.28495
679.692
8.50274
986.402
8.43276
2386.73
7.31589
2726.86
7.24584
2610.63
7.29442
2672.55
7.80909
4109.82
7.61941
7512.46
8.89855
13168.3
7.77992
11479.3
7.7788
8998.29
10.6713
16050.8
7.70362
17771.9
7.94738
16812.1
7.98601
15723.8
7.38417
11994.7
7.55198
7134.53
7.24645
4902.36
7.03023
3328.85
7.48974
1545.64
8.0278
818.045
7.21481
964.153
6.84218
889.879
7.33712
1011.32
7.31869
1546.88
7.59824
1316.03
7.11746
987.064
6.91895
694.702
6.67738
665.206
6.52406
1220.34
6.6046
1223.33
7.56641
627.053
8.82587
207.926
8.27771
103.783
6.99472
109.161
6.50001
89.6709
6.40857
70.5617
6.64129
57.9193
8.36437
59.4096
7.02714
48.4289
7.26851
28.5161
7.85988
18.1175
6.96002
19.2243
7.37798
13.8365
9.26354
8.4317
9.59367
7.66696
10.1621
7.62425
10.8312
8.39752
9.42264
9.62683
8.75393
12.0395
9.36108
8.86435
13.467
7.86547
10.0102
12.3494
8.05473
9.90501
26.2244
6.62277
40.438
6.68029
46.1531
6.82311
62.002
6.46244
80.4777
5.90478
77.3241
5.8613
87.5518
5.90823
93.0999
6.47708
100.166
6.48686
154.276
5.9369
135.008
5.97369
96.4208
5.83018
43.618
5.63974
35.5427
6.06367
30.7651
6.49556
41.6677
6.17105
55.8184
7.30964
103.821
5.94604
109.389
5.61079
83.6474
5.79935
77.246
6.84331
106.591
7.57955
503.12
6.07479
1059.64
6.22095
2201.31
5.48662
1747.59
5.56939
697.683
6.46418
745.773
6.04067
1347.07
6.12597
2122.49
6.53193
4217.75
5.86793
5428.39
6.35571
7929.93
7.11619
14625.8
6.09143
13593.6
7.1851
7663.36
6.5079
10445.3
6.36503
9165.97
7.05178
10342.5
6.20404
14759.2
7.31576
11578.6
6.37294
12095.4
5.96314
14234.8
7.34551
6102.64
8.62301
2046.68
7.65464
1456.73
6.42211
1757.85
6.5189
1531.33
7.65665
647.525
6.7068
430.938
6.351
488.618
6.53471
761.842
7.29678
1118.41
6.90344
1289.51
8.20597
494.345
7.48979
281.341
7.34209
130.539
7.88444
76.0865
6.86426
84.7076
7.00086
108.596
6.82408
142.18
7.1506
83.2779
7.74736
62.1781
6.89499
54.4031
7.65356
30.5204
7.30771
30.6481
11.0289
16.5945
7.51909
19.2347
6.97917
16.2484
8.04884
11.7049
8.40006
11.7628
7.78214
10.6267
8.2923
8.8185
11.9906
7.42916
14.8974
8.50222
15.7211
7.73327
41.4912
6.38318
54.3506
6.81873
39.622
7.24414
26.6214
6.60026
20.5457
7.06463
13.0955
7.81329
13.0751
8.39843
11.8106
8.04016
10.7225
8.61506
18.4556
7.25747
40.3084
9.83496
149.881
6.56407
296.907
7.46277
619.047
7.44477
1979.78
6.27739
1083.1
6.85639
682.594
6.69758
565.132
6.16499
624.051
6.27392
759.578
6.91417
1173.87
6.3646
1146.79
6.18788
1019.49
6.48588
1187.57
6.75723
1424.42
6.80894
1312.95
7.53388
1669.99
6.34804
1515.3
6.31747
1323.77
6.72826
572.827
7.54892
886.452
8.92787
3435.04
7.76068
10811.5
7.40006
14030.6
7.04029
17534.9
6.72624
16848.9
7.35443
14171.7
7.03024
15116.2
6.84448
10592.7
8.56387
7037.28
6.6597
8533.14
7.39372
11661.3
6.63386
15916.5
7.26482
10293.8
7.61678
6098.88
6.51375
5426.17
6.84276
4197.51
8.15442
3197.68
7.65764
2257.97
7.33869
1487.64
7.26759
854.396
7.1702
732.525
6.82442
570.758
8.75564
217.23
8.55192
187.584
7.62
190.281
6.51251
222.262
6.35388
222.495
7.79117
108.749
6.99493
117.68
6.2391
133.235
6.18779
178.595
6.58634
147.596
8.07532
57.5347
6.75599
42.3805
7.53602
24.7871
7.1416
39.3544
6.25193
81.7675
6.23989
83.7509
6.44559
122.883
7.37103
88.5699
6.46094
75.0345
6.34659
37.3576
10.6343
10.2795
8.43722
10.18
10.614
8.06899
10.0981
8.69271
8.39574
10.0499
8.71302
8.30167
12.3917
7.90036
23.4229
8.05876
20.0539
7.24751
25.227
6.69596
37.4029
6.93854
42.3785
7.87244
103.599
5.98197
92.4155
5.97979
79.9134
6.27574
87.1111
6.44554
52.6925
6.11822
49.1437
6.22921
46.2333
7.25675
62.3241
8.22284
149.625
7.78413
431.014
6.07307
272.397
6.11579
111.975
6.59373
129.792
6.89012
160.021
7.10899
255.184
6.14566
340.932
6.01792
338.052
6.39789
334.823
7.096
636.744
6.70405
1386.55
6.3121
2227.23
6.45654
3070.12
7.3946
3520.42
6.03489
2845.83
6.80514
1701.79
6.34112
1928.58
6.13674
1481.62
7.34564
3176.85
6.18896
4089.67
9.33118
11536
6.33722
14245.3
7.32861
9595.31
6.86787
6614.41
6.39029
4717.27
6.01231
4424.97
5.91175
5548.1
6.08434
4363.45
6.48556
3051.32
6.38124
5752.44
5.64253
4656.21
6.64348
1475.71
6.67926
696.758
6.23058
625.557
6.15157
683.965
6.65431
424.62
5.83759
451.081
6.18529
333.354
6.04429
334.068
5.51346
382.961
5.52191
345.623
6.59216
118.807
8.13278
83.6523
6.18214
101.023
5.81886
71.8056
6.09636
61.06
5.64715
80.3226
5.52467
71.3857
5.88177
48.3576
6.23994
40.3909
6.16796
25.2478
6.30398
20.3438
5.98405
26.4942
6.10105
24.3606
6.44932
29.5363
7.20649
14.7453
7.14419
26.0545
5.60992
39.9539
5.81384
40.7506
6.3782
34.8247
6.10485
31.5631
7.18345
11.9632
10.4028
7.11762
19.4472
6.59495
33.2252
6.47876
65.4558
6.01243
86.5474
6.06845
121.739
5.71063
132.125
6.23442
70.449
7.14504
111.518
5.90862
148.498
6.12364
209.84
6.06871
270.706
5.99635
281.464
5.95105
252.721
6.24526
206.201
6.78055
275.414
6.16038
337.288
6.41895
404.515
6.05765
489.458
6.31218
722.726
6.47303
892.761
8.67523
2755.81
6.65357
3369.72
6.30275
2438.61
5.85691
2148.42
6.40595
2709.2
6.75407
4899.36
5.90709
5056.63
6.49683
7401.1
6.33884
7242.27
6.4852
10918.7
7.02439
11476.1
6.69741
7674.66
5.60455
7573.63
5.99196
7822.42
6.90107
6693.52
5.89195
6579.2
6.23702
10287.2
5.92646
12244.2
5.50364
12744.9
6.02753
8900.71
6.82639
5128.56
8.1094
1430.66
6.26287
999.392
6.2165
428.424
6.33217
286.439
5.40592
431.538
5.4142
445.559
6.00197
279.67
6.20608
255.321
6.07591
371.159
6.91837
209.098
6.06628
121.593
6.17934
98.9928
5.85058
108.642
6.447
63.9078
5.90307
82.5285
6.12166
68.4554
6.29073
35.3782
6.62045
24.7685
6.16436
21.2281
5.98836
23.2945
6.00259
16.6734
10.4944
6.24674
15.6542
7.50179
8.17975
9.10953
7.62809
7.15217
9.56639
7.16024
9.48629
8.32
23.9494
5.58581
30.4477
5.48258
27.9808
5.6535
30.0979
6.19073
29.4712
5.72524
25.0594
6.01854
14.4318
6.7377
20.3153
5.87969
31.4194
5.74401
18.8253
6.77711
10.1424
8.47777
8.34987
8.96974
28.2945
6.59293
46.0854
6.53502
102.875
5.38502
102.224
5.33875
59.7077
5.6008
51.2619
6.53593
90.7848
5.77678
114.297
7.29696
238.857
5.69963
533.137
5.23223
449.04
5.79514
169.822
6.66544
286.02
5.87494
253.181
5.91204
267.888
5.45007
156.579
5.91756
163.718
6.3673
285.206
5.48
311.478
7.49448
695.008
6.44802
2169.48
7.89054
7896.32
5.87843
8976.6
6.8521
13323.3
5.50164
11121.8
6.12829
7462
6.13207
11849.1
6.27842
12499.5
5.95831
15463.2
5.19941
15307.9
5.70099
12861.5
6.26728
11015.4
5.27133
12208.9
5.8921
11505.1
6.19935
10189.2
5.70779
9181.65
6.05907
8406.48
5.64372
9684.35
5.35583
14788.8
5.32424
14298.9
6.94984
6384.86
6.59102
3494.06
6.15786
1581.69
5.51894
1117.62
5.66123
648.208
6.26301
379.528
5.15553
323.009
5.42069
224.39
6.34859
197.005
5.45676
366.053
6.9692
134.526
5.50025
177.492
5.10843
255.774
5.77864
250.032
5.94636
223.324
5.22609
210.303
5.27499
240.591
5.55729
167.546
6.94447
62.6802
5.80821
40.4955
6.17571
27.0776
8.12096
10.3827
7.07279
16.3963
5.396
34.2433
5.22426
37.5417
5.97109
20.2152
5.79
22.3659
5.54191
20.5228
6.4517
12.0391
6.0984
11.1462
7.73926
7.82861
8.0704
7.61597
8.03038
6.87504
9.22562
7.12619
9.71775
7.39021
12.8107
7.22256
8.10203
8.29196
8.90624
7.96422
7.41659
8.50611
6.71723
8.82574
12.2083
6.9228
39.5786
5.54076
60.8699
5.20069
63.9103
5.30791
59.8401
6.09034
83.4571
5.73002
156.356
5.13989
156.731
6.0617
177.072
5.8926
143.747
5.99916
234.616
5.12527
301.081
5.51819
392.827
5.18861
529.545
4.88479
442.933
6.74463
605.434
5.29007
1239.44
5.86337
2293.01
5.52523
2205.7
5.3617
2574.85
5.3036
3963.66
6.14574
4032.29
6.49365
7153.58
5.21771
7270.12
5.01724
9111.42
4.89133
10835.2
5.72872
11071.2
5.48947
8414.77
5.14437
10231.6
4.74638
10665.5
5.14404
8977.09
5.2065
8195.21
4.91912
8705.21
5.08494
12635.6
4.84948
13516.8
5.12814
11358.9
5.67922
11186.4
4.74856
10143.7
4.78655
9455.46
4.9798
8627.04
7.24926
3451.26
5.17307
2751.5
5.20612
2269.32
4.8582
1689.07
5.04374
1400.3
5.39963
918.535
5.12596
851.223
4.65845
1854.14
5.10827
933.297
5.65201
576.907
4.84585
460.656
4.76116
249.188
5.21656
115.176
4.90529
71.5968
5.61802
25.0567
4.49938
19.3238
4.57653
21.0203
4.64733
24.0186
4.29304
52.7592
4.91181
43.1142
4.81461
33.5192
5.01865
21.0541
6.08432
9.98879
6.01687
5.97595
6.99318
5.41199
7.38996
5.17142
8.33916
5.04683
11.1656
4.67299
15.4608
4.37508
17.8623
4.33508
21.2482
4.34871
11.8818
5.15235
7.04291
6.30039
6.91598
5.30179
8.91637
4.62418
14.4278
4.35999
17.1138
4.74176
21.494
3.99376
23.019
4.05617
25.6526
4.49227
29.8393
5.90692
67.6103
4.33667
105.122
4.44459
170.548
4.49202
240.577
4.78396
209.578
4.20512
275.219
3.85475
321.12
3.69809
337.012
4.37894
475.361
4.19708
762.464
3.65276
702.253
3.72337
633.941
4.19309
899.793
4.16113
1675.86
4.53765
3725.58
3.9254
2243.76
3.81972
1730.44
3.7392
1558.3
4.37524
3362.67
3.94198
5894.62
3.79861
4920.51
4.59359
6185.1
4.76699
7813.17
4.16598
7141.15
3.86525
6073.25
3.82749
5061.9
3.66025
5625.06
3.49834
5383.58
3.516
6172.88
3.58465
8651.25
3.6993
8209.65
3.55365
6921.19
3.35406
5655
3.66553
4808.49
3.48466
4482.02
3.46233
3569.94
3.55216
2333.84
3.87094
1207.07
3.50919
656.86
4.2767
297.197
3.31628
561.665
3.48789
607.364
4.39305
152.888
3.87556
123.806
3.49979
110.678
3.36134
140.229
3.11798
176.13
3.20321
152.069
3.04522
136.279
3.3864
48.5233
3.62797
25.8237
2.91642
33.5788
2.8369
64.4854
2.93263
126.362
4.16332
73.176
3.05418
98.1989
2.99105
117.03
3.0625
80.1315
3.25856
41.7923
3.0497
31.599
3.18406
14.916
4.58243
6.31398
4.38319
4.38559
4.97596
4.65227
3.70738
5.49174
4.09009
4.6643
3.93614
8.80442
2.99081
12.321
3.69289
6.90506
3.49316
5.21733
4.02711
3.70588
5.02465
3.50359
7.66202
3.69099
16.8411
2.97161
21.3126
2.7559
24.2632
2.97993
30.5483
3.07908
35.1469
2.98505
26.3687
3.27751
19.4218
2.92173
23.3064
3.24013
42.88
3.8474
100.616
3.33952
251.772
3.01548
372.7
2.90497
429.221
2.68243
265.429
2.79199
213.036
2.73708
150.231
2.88917
139.346
3.14648
245.164
2.72549
278.235
3.32466
211.152
2.92669
231.674
3.24929
327.171
3.02701
564.981
2.68121
640.198
2.93267
730.403
2.90789
1089.54
2.76547
1641.43
2.7643
2564.44
3.03458
4285.59
3.67897
4906.17
3.1019
7598.75
2.60379
6470.54
3.0901
6207.61
2.80579
5612.73
2.87133
3278.24
3.44456
3458.99
2.5822
3173.38
3.19579
1610.9
2.76362
1694.44
2.58496
1894.5
3.11942
1405.85
2.70936
1147.49
2.84181
1514
2.79757
2457.83
2.81069
2225.12
2.67296
2533.93
2.72954
1921.74
3.29288
930.458
2.75147
702.828
3.19959
258.27
3.71419
106.254
2.88912
76.2472
2.91673
45.9643
2.88843
37.1352
2.93523
28.6443
2.9091
55.4547
2.55293
73.0792
2.53315
93.4363
2.50376
148.878
2.82784
105.209
3.20612
81.7844
2.42962
86.2104
2.45631
71.3329
3.23965
38.0185
2.61328
43.2231
2.5475
37.7088
2.90148
23.5262
2.63544
27.5351
3.35416
24.5904
2.98251
13.1953
3.60832
4.6228
5.013
2.88939
5.67227
2.86534
4.30507
3.18287
4.22091
3.61427
5.38157
2.82788
5.11017
3.10837
4.96579
3.18395
4.75239
3.19555
4.54499
3.76029
4.53327
3.33348
4.4815
4.18505
4.05708
3.95401
3.29879
4.087
3.01749
3.70326
3.12441
3.32485
3.96125
3.03933
7.18229
2.88971
10.5822
3.49583
46.3623
2.37809
58.8134
2.56991
77.2516
2.79068
71.08
2.70135
50.1329
2.80242
53.7038
2.50501
64.5575
3.0086
151.617
2.60923
249.124
2.80747
268.419
2.52961
221.41
3.24385
549.947
2.54878
774.253
2.48315
656.351
3.25828
1574.4
2.634
2909.88
2.48744
1706.73
2.58909
950.222
2.81217
1128.2
2.74905
1601.66
2.54401
1414.31
3.95341
3964.07
2.55636
6819.68
2.51612
6606.03
2.55192
6834.56
2.43541
6788.35
2.69897
5571.91
2.77145
5409.62
2.48792
6546.87
2.73291
6046.14
2.8128
6007.52
2.8305
5779.22
2.42763
7257.4
2.41637
6892.52
2.61509
6426.09
2.72879
5392.4
2.75322
3606.74
2.67909
3296.51
2.50132
3642.34
3.16089
1190.89
3.40638
561.727
2.87689
952.604
2.62817
998.769
2.94126
482.198
2.82783
319.074
2.68832
205.689
3.33029
117.787
2.68208
83.7554
2.88958
69.3963
2.51904
72.6761
2.71838
62.4879
2.83247
65.9627
2.71345
53.7537
3.23944
40.5413
2.73196
52.6332
2.7014
99.438
2.45719
143.679
2.78905
75.2888
2.91815
43.5443
2.82721
19.9273
2.97217
12.3303
3.12297
5.22613
4.83695
3.12847
8.29202
2.72341
10.6052
2.71485
11.8793
2.80944
6.9935
3.25577
4.80403
3.34121
5.89988
3.02399
9.30015
2.71724
8.76333
2.95692
10.9362
2.6625
11.1556
2.80525
6.04193
3.05075
10.7101
2.65892
15.7383
2.76763
15.7679
2.74001
20.8443
2.56303
14.0307
3.6033
15.3862
2.78937
14.6746
3.63452
27.5159
2.90999
62.3799
2.70415
65.4442
3.12931
116.454
2.74556
124.825
2.71715
179.44
2.90616
337.75
2.73716
438.863
2.66845
515.803
2.652
519.085
2.83598
320.734
3.1174
326.317
3.01671
354.234
2.9752
466.693
2.90598
428.045
2.87905
651.627
2.67349
964.132
2.88926
1891.45
2.78192
2286.24
2.81798
2780.66
2.93801
3471.78
3.70745
6891.71
2.66931
5751.55
3.19953
5946.63
2.7507
6906.75
2.76387
6827.67
2.68928
5686.11
2.95375
3786.24
2.76722
2314.87
3.07321
1318.35
2.85451
1442.24
2.72834
1216.74
2.63399
1895.78
2.7839
1444.42
2.67414
966.562
2.97943
477.273
3.00882
816.243
2.4466
1169.1
2.52946
1012.56
2.98502
374.996
2.72468
297.604
3.02815
94.3581
3.13469
46.2868
2.45213
35.7978
2.639
34.2856
2.34021
40.7508
2.23919
55.2793
2.27309
125.91
2.54152
169.429
2.62407
161.133
2.54375
128.932
3.0526
74.1151
2.45959
115.813
2.31562
106.995
2.53448
72.1464
2.71593
54.5947
2.33866
46.5038
2.45275
34.7951
2.59762
29.0459
2.36295
17.4044
3.58782
4.6863
2.94872
7.49812
2.75356
5.10359
2.53821
7.66857
2.20312
8.92829
2.13918
8.36472
2.59211
4.8986
2.91285
3.67281
4.40323
2.4195
6.96646
2.51695
6.3026
2.62354
5.59868
2.41465
6.21849
2.44512
8.7298
2.82712
9.07805
2.33899
5.93225
2.40037
4.33339
2.74336
5.10532
2.56474
9.45716
2.2792
14.5038
3.13172
38.0277
2.46099
127.565
2.48747
249.059
2.14622
297.04
2.21793
436.348
2.18522
385.957
2.19024
192.393
2.43534
305.404
2.19719
304.821
2.10248
235.42
2.3312
241.809
2.4325
383.6
2.12807
403.852
2.56827
942.163
1.96638
1037.28
2.2041
946.748
2.21779
1658.88
2.01298
1914.02
2.15102
2024.49
1.93232
1119.83
2.71229
973.514
2.17684
2350.97
1.89069
1978.03
2.18826
2451.39
2.47394
4876.39
2.14016
4875.16
2.18013
4845.29
1.96456
4853.86
1.91157
5474.47
1.99147
5212.62
2.04495
4965.96
2.00326
5067.41
1.99502
4734.75
2.0578
3105.51
2.117
3036.76
2.05223
3318.63
2.2676
4777.82
1.96021
4849.39
2.18147
3199.68
2.10951
1384.07
2.95266
437.032
1.90277
455.75
2.04109
327.647
2.31288
230.105
1.95692
265.217
2.10716
381.696
2.02017
446.643
1.85785
434.334
2.11782
250.226
2.13092
214.572
2.18859
179.019
2.09333
95.4568
2.10227
46.6398
2.03359
33.9143
1.9108
40.5197
1.84465
26.627
2.12473
13.6275
1.85944
21.819
2.20128
17.6071
2.13286
13.4394
1.99815
8.16486
2.29979
3.09572
3.96019
2.13127
3.55945
2.23407
3.69668
1.97916
4.44426
1.88524
4.86751
2.01943
4.10643
2.36654
3.44436
2.11215
4.31376
1.917
4.64922
2.12502
3.28291
3.05088
2.29777
3.38597
2.36897
2.84131
2.98354
2.11795
3.22843
2.07005
3.06602
2.60779
2.90214
2.1843
5.26719
1.75741
6.6665
2.80863
20.2591
1.84579
32.6162
2.09738
69.4653
1.83829
103.113
1.83606
54.777
1.82147
39.4486
1.81425
39.149
1.65634
43.4159
1.77472
29.8152
2.18041
47.1474
1.88123
81.5685
2.02268
164.857
1.75417
211.855
2.20657
725.43
1.79594
1652.01
1.94398
3032.2
1.82775
2274.99
2.02226
2483.83
1.77451
3263.57
1.66384
3160.62
1.67064
3308.59
2.15407
3032.27
2.15678
2932.5
1.88107
2003.73
1.81162
2160.32
1.73587
2613.9
1.66964
3407.65
1.64329
3962.55
1.68163
3643.15
1.80397
3146.89
1.69514
3955.44
1.70733
4210.73
1.78117
4114.69
1.85212
3784.46
1.7693
3530.97
1.72374
2811.81
1.83774
2007.49
1.57647
1416.62
1.68444
952.676
1.5981
1033.39
1.99976
212.714
1.98059
112.906
1.92837
105.552
1.69278
178.272
1.63339
197.107
1.76845
187.747
1.82408
129.173
1.93738
75.7361
1.67491
62.6642
1.61359
41.78
1.7827
23.3939
1.5927
22.4286
1.5994
23.2147
1.76138
10.9887
1.946
5.45358
1.62946
6.5568
1.5225
13.555
1.48922
31.6145
1.50459
43.7449
1.68101
34.0302
1.58081
20.7187
2.30941
5.08824
1.82061
3.39366
2.12936
2.29379
2.3882
2.16842
2.24442
2.51217
1.65139
2.44536
1.76895
2.23912
3.02928
1.66278
3.90002
1.60305
3.64926
2.07499
2.01951
2.46149
1.84887
2.43113
2.26784
1.97795
2.39007
1.74762
2.67889
1.7333
3.64759
1.57418
5.36785
1.44889
6.56082
1.66179
11.6808
1.527
23.7122
1.92064
46.3081
1.66474
85.9394
1.65372
160.574
1.64119
168.251
1.42976
139.36
1.40367
131.23
1.50865
144.261
1.43095
278.712
1.28124
164.503
1.29373
133.212
1.40379
201.182
1.54595
410.061
1.5836
866.908
1.55312
1504.41
1.38554
1683.6
1.29661
1111.25
1.37435
502.112
1.4281
492.695
1.41195
750.333
1.43115
812.677
1.83819
1128.44
1.50276
2547.84
1.34065
2456.69
1.51537
2819.3
1.49053
3235.68
1.44614
3484.19
1.29517
3633.36
1.30852
3545.45
1.36909
3054.28
1.56023
3231.25
1.44616
3267.35
1.48751
3275.02
1.3977
2407.59
1.58513
1872.41
1.36477
1661.92
1.48434
1162.82
1.53851
550.417
1.56148
432.921
1.28968
566.934
1.44996
593.764
1.46675
309.281
1.89042
83.4575
1.50532
84.9848
1.31287
119.742
1.46051
161.944
1.3826
152.029
1.24038
161.14
1.38896
113.052
1.38942
89.2222
1.26829
71.5484
1.34096
35.7894
1.49799
15.5166
1.38286
9.95112
1.63744
4.78477
1.44986
5.58872
1.33441
8.01176
1.42775
7.14189
1.31836
16.2747
1.34674
14.5349
1.55781
7.69901
1.43306
4.89609
2.15191
1.78343
1.91215
1.65323
2.08134
1.54251
2.68314
1.49656
3.81018
1.43552
4.13145
1.34958
3.83353
1.38979
4.09836
1.47597
5.65914
1.50258
8.52279
1.40639
11.9783
1.56863
12.8267
1.19575
9.50572
1.2526
8.55606
1.50841
10.8961
1.2916
10.4746
1.3366
9.01992
1.28198
8.91316
1.24921
9.28477
1.5817
18.0254
1.65604
65.5602
1.40094
127.846
1.19569
117.455
1.39411
181.221
1.36794
371.957
1.36667
311.813
1.30205
227.086
1.13552
146.32
1.12693
126.357
1.32874
137.756
1.26222
212.762
1.15727
229.641
1.69735
449.213
1.15252
344.631
1.13729
210.752
1.22283
232.716
1.45249
529.975
1.23345
1000.16
1.32176
1054.02
1.66817
1918.14
1.45149
2508.18
1.15063
1981.26
1.23198
2082.15
1.3866
3000.2
1.33261
2316.57
1.37641
1566.81
1.3765
910.823
1.25099
667.914
1.18153
533.829
1.17454
891.555
1.11643
1282.46
1.18692
1316.49
1.36233
1086.7
1.12192
1068.08
1.0815
1331.02
1.11929
2680.98
1.2957
2472.26
1.25611
2407.37
1.61234
488.984
1.31534
292.737
1.17206
224.883
1.21712
210.748
1.14088
220.452
1.25904
139.318
1.2159
122.552
1.31285
48.5356
1.21873
44.7068
1.08207
84.0359
1.29828
50.5117
1.28766
59.8828
1.1985
95.3754
1.17014
105.458
1.39894
51.4113
1.21873
48.6062
1.06139
66.1461
1.06956
56.1092
1.54706
22.8001
1.10268
21.4748
1.46786
5.38051
1.42169
2.14997
1.78652
1.47116
1.69337
1.40952
1.83264
1.43424
1.98073
1.64433
1.79128
1.85594
1.34103
1.7415
1.89281
1.2064
2.46308
1.40657
1.74552
1.50965
2.2108
1.15374
2.68516
1.13614
3.04038
1.21304
4.21663
1.15363
4.60717
1.04522
4.25774
1.07074
3.90729
1.12582
4.32281
1.23298
6.31775
1.45655
10.2818
1.16065
14.5215
1.10886
26.3044
1.01555
28.4552
1.00018
18.5722
1.17915
26.5873
1.10547
59.3593
1.04391
52.7282
1.05126
40.8439
1.10157
50.3378
1.10184
56.0417
1.2661
148.864
1.06498
257.252
1.06577
354.984
1.02179
247.29
1.19398
250.202
1.04918
369.467
1.2182
669.068
1.03485
1039.39
1.1312
1542.53
0.994168
1659.1
1.40936
1809.28
1.14681
1064.88
1.09064
892.655
0.935028
991.936
1.05459
1093.18
0.957891
1534.5
1.02712
882.703
1.14351
548.324
1.03285
757.439
0.973432
1408.64
0.935579
1637.97
1.08683
1098.83
1.00335
875.92
0.955107
893.862
1.03025
733.303
0.973913
898.059
0.944387
878.245
1.00671
752.346
0.949892
635.732
1.53851
145.272
0.98601
120.899
1.11761
84.282
1.03189
83.0173
1.03857
151.768
0.954886
144.936
1.09128
77.9645
1.11555
76.6718
1.05358
61.2579
0.941809
58.7847
0.882463
46.5258
0.936691
30.1787
0.986886
17.4839
1.11523
8.61895
0.974132
7.29427
0.974427
5.17895
1.10381
7.454
1.08694
4.92849
1.09224
3.98414
0.916916
5.2352
1.12302
1.84402
1.68334
1.12859
1.94778
1.27582
1.48883
1.27061
2.07404
1.00879
2.25381
1.05247
1.90626
1.17462
2.40119
1.00326
2.4916
1.0136
2.82293
0.944922
4.35465
0.888581
3.37489
1.01106
2.62098
1.20538
2.00295
1.1282
2.0989
1.10733
2.6481
1.02604
3.95507
0.975464
5.71189
1.09214
9.75742
0.961416
11.3858
1.23944
28.7059
1.13092
93.7359
1.06262
124.819
1.11788
203.14
0.94635
478.992
0.90978
550.075
0.951903
553.544
0.866631
394.252
0.909595
171.558
1.04558
373.029
0.942862
486.897
0.959473
542.542
0.940369
789.862
0.911772
1029.25
0.913285
1215.84
0.904358
1376.96
0.84698
1190.86
0.983975
1080.9
1.05526
1922.79
0.948643
2104.02
0.945497
1591.75
1.36387
2104.91
0.828444
2332.42
0.943687
1760.17
0.962873
2392.81
0.871384
2292.59
0.927375
2114.25
0.922778
1759.8
0.837817
1564.72
0.848096
1064.6
1.08665
598.293
0.887545
677.7
0.933754
382.393
0.950031
242.849
1.06256
297.545
1.00394
218.388
0.949826
209.913
0.875305
207.038
0.894779
249.982
0.840581
333.879
1.29945
85.1811
0.967184
43.6461
0.961902
33.5994
0.821625
32.5468
0.934573
14.9867
0.948136
11.8635
0.868703
11.5317
1.03227
6.88457
0.832784
16.4753
0.881724
17.3951
1.02174
15.3602
0.896298
11.4549
0.976816
5.89601
0.8942
4.37446
0.838402
4.47655
0.818033
5.39372
0.988254
3.85247
1.03281
3.266
0.934391
2.59112
0.970317
1.88747
1.42929
1.19641
2.93498
0.886654
3.73038
1.06944
2.23575
0.935168
2.81944
0.84055
2.99893
0.947732
3.27671
0.958591
4.59547
0.887054
6.03253
0.896601
7.47203
1.04205
20.6827
0.897874
34.9301
1.03876
88.1475
0.826102
64.2408
0.853706
52.5553
0.899799
44.3414
0.869951
33.646
0.881225
19.2894
0.838741
16.5583
0.794465
15.665
1.23078
36.5438
0.896006
89.6128
0.945433
95.2948
0.915484
186.126
0.794858
203.264
0.766277
165.084
0.787242
156.092
0.818119
147.579
0.859682
154.687
0.845171
145.711
0.767361
56.5539
0.779738
33.3105
1.06864
91.6323
0.827648
152.816
0.789856
90.1073
0.878896
82.1873
0.883768
128.805
0.910789
266.371
0.883269
568.749
1.12143
1279.79
0.914665
2034.27
0.890419
1680.44
0.900921
1462.36
0.831381
1850.03
0.967343
1281.26
0.8775
794.936
0.955462
494.841
0.754129
485.043
0.76191
467.369
0.880917
458.204
0.761809
555.603
0.77384
659.104
0.860691
706.015
0.780997
662.55
0.798805
567.029
0.829611
466.63
0.796756
429.97
0.817935
684.044
0.888873
535.285
0.902119
237.63
1.06387
100.526
0.817207
62.8252
0.789636
57.3824
0.721272
67.4421
0.735875
55.2157
0.783709
33.8465
0.729261
32.0963
0.727766
46.5687
0.824128
28.0553
0.869125
33.0307
0.787183
30.6893
0.942114
33.1321
0.780611
36.0589
0.807735
23.0692
0.854731
11.9025
0.76465
7.76673
0.828955
3.87152
0.908011
2.92992
0.892618
1.48128
1.0451
1.10793
1.96935
0.881168
6.98947
0.719424
4.26734
0.743731
4.07049
0.857455
2.81846
0.772328
2.11535
0.753777
1.91681
0.849581
2.84659
0.808835
2.53404
0.793628
2.29608
0.82291
3.04067
0.806067
4.68588
0.775834
5.45369
0.820065
8.91071
0.723546
12.6409
0.867843
19.3847
0.731995
33.1707
0.697888
27.446
0.75987
25.0308
0.8437
19.3626
0.911977
54.9561
0.757431
87.3462
0.756071
152.949
0.678907
155.153
0.690325
141.008
0.705206
154.988
0.677307
94.0734
0.661585
68.9594
0.827583
101.783
0.736668
215.714
0.78971
377.958
0.767545
855.295
0.701811
738.755
0.809937
591.386
0.74889
851.794
0.708282
965.846
0.700182
963.817
0.700797
1245.35
0.677118
1673.84
0.67645
1253.67
0.984658
765.071
0.710152
497.547
0.713808
424.223
0.641399
500.128
0.644347
703.906
0.613725
1032.98
0.645526
898.748
0.647068
1470.61
0.665142
1496.4
0.635536
1482.53
0.747276
741.513
0.614263
640.089
0.621558
540.636
0.672032
371.658
0.593306
459.557
0.624535
390.016
0.614577
254.797
0.636453
150.19
0.885398
48.915
0.657209
47.302
0.673656
68.1188
0.640969
48.6442
0.681957
37.4858
0.601419
43.5801
0.72567
26.6179
0.642479
13.4647
0.664401
4.54785
0.686044
3.52907
0.589248
4.1381
0.576626
3.88416
0.625739
2.98943
0.715254
1.75573
0.673273
1.11264
0.790535
0.773449
0.919781
1.27615
0.683188
1.11638
0.778278
0.89706
0.774496
0.774149
0.808796
0.771642
0.957191
0.81658
3.1695
0.564574
2.0442
0.626376
1.8789
0.615619
2.17827
0.601491
3.58895
0.550489
4.88286
0.614123
8.76353
0.60318
15.6541
0.602962
9.79852
0.516288
7.27431
0.506145
5.27287
0.574937
4.4699
0.571891
6.98762
0.577243
10.2107
0.557107
13.9899
0.523752
10.6448
0.636529
13.6793
0.594833
20.9997
0.668524
25.7747
0.68134
79.8208
0.676739
181.004
0.584427
285.703
0.545277
270.415
0.542295
247.593
0.534832
104.707
0.561945
144.8
0.517088
197.674
0.603413
250.694
0.601421
541.842
0.592959
920.52
0.574452
1250.15
0.512101
1201.38
0.553878
1217.96
0.552592
1475.9
0.482374
1445.73
0.516164
1116.53
0.615409
1087.34
0.572241
1321.79
0.529083
826.272
0.785168
1011.7
0.578472
803.929
0.542159
681.487
0.563501
537.782
0.515304
506.453
0.536035
285.738
0.549701
206.439
0.549899
98.1364
0.568258
78.4664
0.501827
76.4771
0.511532
79.6894
0.518999
90.2355
0.522935
82.0193
0.57463
110.586
0.549287
93.5522
0.652654
52.0155
0.503153
68.2116
0.604944
44.9091
0.507742
41.3041
0.536222
22.3194
0.561907
8.69178
0.781213
3.10669
0.477729
4.47572
0.497139
3.83226
0.520101
3.28393
0.490741
3.03401
0.498937
2.50481
0.65861
2.00343
0.525317
3.1303
0.58405
1.84312
0.547208
1.92975
0.476653
1.76811
0.537929
1.39586
0.581935
1.48073
0.515479
2.33598
0.50539
1.72331
0.606895
0.837669
0.573055
0.816375
0.544755
0.973316
1.27517
0.55038
2.29599
0.594052
3.26698
0.48926
1.5551
0.576388
1.63548
0.504057
1.37634
0.509768
1.81045
0.541479
2.54971
0.543439
3.01225
0.571673
6.92515
0.524383
13.2176
0.596946
26.5878
0.49489
25.4211
0.524656
22.9206
0.534051
40.1926
0.514909
55.5628
0.521436
44.7399
0.491188
31.322
0.445101
25.1547
0.453325
17.5285
0.504904
24.1434
0.717861
136.248
0.445054
146.837
0.438854
97.8776
0.478896
101.112
0.509168
125.689
0.578946
402.025
0.456446
444.841
0.490635
453.718
0.455304
305.985
0.500612
172.73
0.467617
216.114
0.414795
87.2308
0.493446
86.2501
0.495943
240.938
0.444152
243.18
0.563632
386.16
0.430327
333.007
0.488687
390.53
0.55917
670.342
0.588766
1165.6
0.440538
1020.44
0.554005
738.372
0.472523
770.528
0.558472
758.013
0.477469
570.354
0.489991
268.005
0.477454
254.826
0.412547
297.62
0.441239
293.65
0.478188
385.351
0.425542
367.222
0.44732
254.179
0.475719
158.047
0.432712
136.016
0.409225
100.7
0.493976
56.6882
0.468327
61.5484
0.482172
82.7609
0.499177
42.1517
0.588188
10.4633
0.489809
7.61462
0.45324
5.79543
0.484746
3.84927
0.429161
2.55912
0.562589
1.49108
0.443615
1.54741
0.50244
1.44486
0.461326
1.34725
0.462562
1.73419
0.424357
1.54423
0.412954
1.57958
0.394226
3.56779
0.484863
3.27568
0.421023
3.26991
0.406536
2.15818
0.519754
1.16856
0.457853
1.0582
0.57907
0.569814
0.771431
0.481149
0.989496
0.625066
3.57147
0.415433
4.77455
0.485963
10.6855
0.42597
14.4536
0.404143
9.45395
0.442605
6.26918
0.422746
4.9996
0.3971
2.72786
0.462223
4.29146
0.406461
5.90303
0.400829
6.02088
0.385291
4.3425
0.407414
5.01668
0.421344
8.30521
0.408119
10.368
0.385809
8.77407
0.399117
6.73681
0.455928
9.26472
0.555998
31.7661
0.477551
30.2603
0.472338
69.742
0.35612
65.6513
0.38409
59.0685
0.454732
70.6268
0.400914
57.9021
0.397305
57.0293
0.43012
88.8526
0.431031
144.37
0.418501
167.472
0.412772
218.412
0.479338
424.624
0.429418
721.263
0.420356
929.326
0.429394
800.477
0.434282
899.231
0.356489
629.938
0.39059
589.086
0.407205
829.521
0.426585
825.02
0.477225
395.165
0.522753
183.328
0.401304
208.317
0.379523
292.285
0.399812
216.131
0.369733
184.708
0.362589
215.341
0.370211
315.284
0.358533
301.086
0.387347
228.28
0.407826
417.92
0.364965
595.912
0.399898
462.757
0.427028
281.613
0.371017
308.715
0.363353
283.144
0.436079
119.856
0.430832
78.3395
0.375947
62.3525
0.493263
13.4937
0.412943
13.8866
0.397259
13.0702
0.385116
11.9711
0.363866
10.002
0.42024
7.6233
0.394309
12.0899
0.404973
6.67259
0.436558
4.17651
0.371613
3.78155
0.374012
2.77769
0.348671
1.92244
0.420679
0.932194
0.379032
1.09865
0.394886
0.875945
0.449425
0.631717
0.43197
0.483377
0.699722
0.430289
0.557271
0.515952
0.488794
0.560968
0.554684
0.57682
1.13997
0.379005
1.0026
0.463461
0.622536
0.431091
0.792727
0.372185
0.895768
0.42661
1.39936
0.37836
2.90765
0.358625
3.29156
0.336312
3.12128
0.349941
3.02796
0.367594
3.92863
0.375545
6.59583
0.343262
9.96842
0.345561
13.8007
0.374419
11.9096
0.359794
8.80873
0.41388
13.8764
0.368931
14.4534
0.347447
19.0535
0.415089
36.4598
0.430285
97.8816
0.411304
281.336
0.394104
432.263
0.378186
632.482
0.393388
893.115
0.308698
904.437
0.363268
740.133
0.348261
931.834
0.306567
913.358
0.33435
861.406
0.325288
651.302
0.319678
421.245
0.330112
473.645
0.362677
645.848
0.31911
619.187
0.329288
502.908
0.324535
420.737
0.342965
392.846
0.343186
542.062
0.358234
559.604
0.439019
540.252
0.359869
257.565
0.350873
113.433
0.320095
97.1346
0.292765
230.603
0.318503
332.193
0.320341
383.374
0.310516
270.693
0.312615
208.347
0.334019
126.335
0.330983
65.0811
0.33272
49.475
0.344874
37.207
0.35652
26.7282
0.303347
24.4979
0.327187
15.0697
0.330583
11.1589
0.349695
7.96978
0.315976
11.9457
0.339964
9.10585
0.336201
5.96911
0.345746
2.05413
0.393186
1.09683
0.317009
0.7017
0.399609
0.431264
0.402154
0.382861
0.433545
0.364481
0.672169
0.305254
0.986684
0.322713
1.14189
0.290204
1.03409
0.30346
0.559451
0.353047
0.627315
0.386436
0.451548
0.411769
0.453703
0.372403
0.51468
0.333525
0.528616
0.284137
0.507371
0.280326
0.492187
0.341897
0.370186
0.4822
0.821279
0.269713
2.0762
0.245053
2.09865
0.276352
2.09057
0.283084
2.83331
0.292153
4.25663
0.283618
5.32802
0.279668
5.3211
0.322388
5.3931
0.275615
5.85438
0.263561
4.94456
0.254347
3.66767
0.240122
2.28685
0.257552
3.15891
0.326817
9.67301
0.255448
16.9376
0.238146
20.3308
0.258293
23.3067
0.276698
36.7644
0.249743
43.618
0.389461
182.003
0.262002
262.931
0.274403
242.07
0.242359
121.709
0.235115
101.323
0.254274
104.04
0.270128
112.491
0.267968
114.238
0.275746
133.437
0.268312
298.481
0.227696
272.337
0.266477
317.111
0.250252
375.92
0.271413
383.692
0.26091
621.058
0.249118
580.021
0.260915
609.881
0.25497
567.351
0.255339
429.156
0.256424
416.666
0.358967
337.291
0.264645
208.096
0.290655
114.788
0.277529
59.003
0.25326
59.2684
0.25003
53.8897
0.239655
85.63
0.253791
36.851
0.264316
19.9083
0.234031
15.3317
0.268489
11.603
0.241619
14.9732
0.255624
20.5614
0.263435
16.5265
0.239262
9.4851
0.305799
3.76461
0.229314
3.23063
0.243315
2.05051
0.266964
1.5465
0.233605
1.55878
0.222989
1.57134
0.276074
0.748384
0.329151
0.550133
0.249006
0.622109
0.287966
0.559869
0.28517
0.857157
0.246385
1.10948
0.245292
1.31033
0.221538
1.56208
0.263693
0.726043
0.247374
0.585142
0.242012
0.536517
0.293041
0.378887
0.34743
0.336309
0.368244
0.331498
0.497823
0.266382
0.737573
0.314918
1.14631
0.25354
0.795743
0.277457
0.744618
0.258175
0.87796
0.252026
0.867897
0.37666
3.09027
0.23069
2.44923
0.223787
1.98831
0.266283
3.21807
0.270269
9.49913
0.2275
11.4057
0.25018
13.6329
0.255068
20.4222
0.226394
12.5386
0.258256
7.09245
0.283746
11.1331
0.253257
15.9238
0.241076
21.3781
0.259549
25.5693
0.243529
29.72
0.22539
29.4846
0.218659
22.7344
0.235572
26.3744
0.230267
16.9928
0.333416
34.3224
0.250054
104.501
0.237868
113.248
0.225702
79.9133
0.219225
30.574
0.220681
27.0907
0.255567
53.871
0.240997
98.9561
0.27633
177.593
0.250788
252.377
0.261737
449.769
0.245208
577.193
0.220729
631.359
0.217456
588.302
0.234358
561.615
0.244728
505.645
0.243479
496.245
0.243885
471.477
0.223667
431.448
0.237799
432.127
0.27522
427.02
0.307274
229.355
0.243468
194.272
0.235706
137.482
0.22281
118.605
0.222055
142.2
0.234397
108.96
0.236579
83.9294
0.281451
32.5924
0.220097
74.2535
0.209024
121.766
0.237009
56.4954
0.255219
42.254
0.206626
61.5465
0.241957
25.3526
0.248088
19.9128
0.229457
26.3892
0.223124
28.0702
0.20933
28.1896
0.253934
13.7492
0.235007
4.67955
0.327319
1.43195
0.252113
1.8622
0.238681
2.22307
0.248889
1.57553
0.235143
1.39114
0.236833
0.699782
0.305959
0.361809
0.263837
0.333282
0.391688
0.235016
0.58686
0.246129
0.367642
0.281993
0.375637
0.288754
0.388951
0.292947
0.365643
0.286422
0.321111
0.337134
0.339585
0.468861
0.229231
0.586929
0.249333
0.399726
0.26264
0.32231
0.368665
0.300406
0.894335
0.262846
2.25199
0.213374
2.16734
0.213108
2.34842
0.213953
2.81206
0.265386
5.08685
0.228842
9.25922
0.206331
6.35159
0.213742
2.75309
0.211041
2.78472
0.229653
4.0361
0.214452
3.22542
0.19662
2.17897
0.220703
2.02626
0.212893
2.59613
0.222461
4.00909
0.255545
7.50617
0.228419
13.0624
0.207432
20.6041
0.226277
31.5061
0.304943
59.1211
0.222995
60.3409
0.254827
91.8549
0.193932
85.4988
0.23138
115.018
0.219072
208.352
0.205416
177.261
0.233397
314.927
0.2005
357.332
0.20855
308.065
0.225472
309.231
0.213283
383.99
0.225932
550.962
0.194791
516.579
0.221827
449.173
0.197578
383.105
0.228688
402.944
0.2025
492.334
0.230057
482.135
0.195822
533.581
0.223802
191.458
0.262479
87.5273
0.200724
62.086
0.218017
46.2855
0.221723
32.05
0.230605
17.3066
0.223766
20.2094
0.208615
29.4725
0.186301
64.6809
0.218047
46.1196
0.219737
36.6434
0.189173
29.1815
0.194496
25.5038
0.235245
16.5291
0.215983
9.53743
0.234841
5.25354
0.210322
3.18961
0.21855
1.57373
0.20656
1.01765
0.186076
1.92052
0.182692
4.19332
0.243661
1.4985
0.237003
0.800433
0.192408
0.668778
0.219093
0.567929
0.210658
0.766628
0.184979
1.17592
0.200573
0.680585
0.210892
0.551273
0.194813
0.725801
0.195735
0.554068
0.20676
0.412189
0.193113
0.698664
0.202409
0.94872
0.227293
0.569466
0.21675
0.465648
0.190714
0.552871
0.177727
0.884049
0.202011
0.415291
0.287676
0.292962
0.42867
0.214606
0.837521
0.182793
0.65147
0.201621
0.649574
0.208742
0.571832
0.208695
0.766142
0.228247
1.53579
0.180946
1.98308
0.199756
1.32657
0.191254
1.17996
0.176097
0.85767
0.178383
0.710796
0.178813
0.75691
0.206735
1.39926
0.176975
2.00853
0.198209
3.11732
0.18477
4.81378
0.188364
7.57592
0.17415
8.4945
0.186065
8.89456
0.224889
14.8729
0.228333
22.9907
0.180147
26.5835
0.178227
19.9596
0.196005
27.0348
0.158388
28.8635
0.171561
38.4295
0.193647
106.848
0.174084
184.97
0.177604
231.267
0.177858
268.468
0.160704
213.495
0.173493
222.342
0.187737
277.138
0.178759
184.651
0.174507
241.51
0.182087
312.905
0.165721
320.482
0.20579
375.692
0.181781
380.182
0.180313
374.668
0.183505
159.791
0.222913
80.9627
0.186456
34.7044
0.196392
16.1612
0.153422
21.3224
0.15292
28.4432
0.163122
35.3518
0.178832
42.7274
0.17406
32.6345
0.155219
29.9846
0.171964
16.2252
0.182962
9.57139
0.166537
8.1008
0.161726
8.4165
0.145807
9.97114
0.148308
13.8229
0.172971
14.5733
0.155408
15.0918
0.170141
8.04339
0.156573
8.1454
0.174649
6.66083
0.21018
3.36813
0.166078
2.09375
0.163376
2.4931
0.146485
2.84078
0.174167
1.25722
0.149257
1.16755
0.144372
1.42176
0.159794
0.834113
0.170586
0.479132
0.167395
0.40298
0.204189
0.258828
0.22479
0.317006
0.177891
0.40071
0.151361
0.948578
0.143269
0.789266
0.184612
0.362722
0.191843
0.307468
0.160212
0.318802
0.16044
0.285376
0.272515
0.196712
0.708385
0.152276
0.813706
0.157922
0.970882
0.146267
0.884751
0.154178
1.23211
0.155478
1.0986
0.173283
0.846185
0.149382
1.033
0.148963
1.29191
0.149851
1.6909
0.151448
1.41957
0.161913
1.44749
0.163888
2.14697
0.151435
2.75635
0.154462
2.96487
0.16473
5.76067
0.142298
4.56156
0.151657
6.1075
0.164973
9.65829
0.156697
7.12105
0.208485
13.9627
0.164167
25.2418
0.144501
36.1558
0.141706
48.2051
0.157792
73.61
0.159996
111.988
0.159655
172.242
0.16766
280.67
0.154471
360.579
0.139136
340.451
0.157206
300.999
0.139334
380.98
0.125715
195.738
0.127781
94.4121
0.146223
106.806
0.158253
208.344
0.162751
300.63
0.147125
357.975
0.136879
270.389
0.149731
188.441
0.158137
90.6256
0.185791
35.8884
0.157732
19.8589
0.137483
29.2286
0.148764
38.5289
0.150792
29.848
0.14381
35.4324
0.129479
51.913
0.130795
71.0088
0.135889
89.9232
0.151921
51.9562
0.138048
37.2022
0.134222
26.5948
0.13288
20.9587
0.131442
17.176
0.148585
15.4939
0.133816
25.6866
0.150804
23.9606
0.161785
12.8592
0.143727
8.99237
0.160677
2.61226
0.17334
1.12107
0.148563
0.678881
0.129531
0.761775
0.128875
0.984276
0.170744
0.568231
0.127835
0.805327
0.123009
0.983216
0.13604
0.705493
0.138794
1.32358
0.130197
1.80417
0.132185
1.62067
0.143368
0.8267
0.149748
0.404406
0.151797
0.31344
0.14728
0.223817
0.162603
0.200315
0.154134
0.247266
0.147453
0.212446
0.21754
0.157232
0.250213
0.196234
0.721778
0.122643
0.520505
0.136011
0.256688
0.135552
0.264188
0.149345
0.264636
0.161237
0.282674
0.14076
0.328809
0.127839
0.342669
0.144966
0.460701
0.13107
0.564729
0.121616
0.635408
0.141883
1.46498
0.132511
2.37209
0.148801
5.03447
0.124329
3.07253
0.124089
2.86398
0.11742
3.82177
0.118929
4.60971
0.136515
10.7903
0.119255
15.824
0.185953
41.695
0.117543
46.523
0.130123
76.6297
0.127582
117.777
0.120296
150.91
0.126651
180.48
0.111844
87.9772
0.108437
61.4614
0.107934
35.6092
0.120094
46.0029
0.135029
82.9577
0.128153
126.376
0.118164
156.002
0.122494
245.477
0.121149
263.995
0.124508
263.884
0.12126
187.851
0.117592
209.456
0.127139
199.606
0.115368
267.612
0.126219
180.369
0.152996
98.5547
0.121642
74.1461
0.105557
92.0369
0.1051
92.3897
0.102624
113.579
0.112225
96.0123
0.119957
35.3104
0.13159
23.0951
0.0982576
34.634
0.103133
24.4028
0.117294
39.5072
0.10191
60.495
0.10025
53.1473
0.100214
61.6228
0.106134
58.8322
0.117459
35.9822
0.107405
45.4669
0.101222
53.8173
0.157468
15.5149
0.118581
8.36683
0.112944
6.42843
0.0944605
7.18626
0.124062
5.06668
0.10368
10.8275
0.102847
14.5209
0.111105
12.9113
0.112474
5.38404
0.12117
2.86701
0.103515
1.92929
0.117347
0.945549
0.101315
0.744022
0.0997135
0.699431
0.10796
0.486651
0.115842
0.497776
0.107892
0.644644
0.117207
0.717805
0.104909
0.926629
0.100376
0.653943
0.135398
0.359077
0.125135
0.180037
0.187492
0.131348
0.382128
0.101251
0.451744
0.122543
0.83893
0.0984183
1.06278
0.108949
1.07459
0.114007
2.26642
0.100764
1.94593
0.104647
1.03441
0.0995717
1.00812
0.101154
1.37251
0.10516
2.37688
0.0965745
2.07895
0.106559
1.98361
0.0983367
1.81629
0.0952673
1.21756
0.120091
2.26182
0.0933592
2.43934
0.0898835
1.42711
0.105645
1.81694
0.137073
6.93021
0.0956436
3.34463
0.103181
3.64876
0.0986493
4.7189
0.103611
5.8899
0.102501
10.3058
0.10536
13.6934
0.10757
28.6342
0.106921
59.018
0.109054
140.287
0.0951358
150.923
0.102032
104.553
0.0982572
103.541
0.0934436
50.2152
0.109617
62.4863
0.107518
134.231
0.0906852
126.647
0.096889
132.809
0.0877463
158.142
0.0910446
158.075
0.122871
177.29
0.117828
151.019
0.097055
111.224
0.0995599
91.0368
0.0899235
150.253
0.100152
175.522
0.091715
189.92
0.0832826
223.278
0.0849596
240.043
0.103229
174.388
0.0998782
135.256
0.0958855
146.686
0.0969172
134.569
0.0939738
109.809
0.0914178
97.3294
0.101121
48.6381
0.0923231
36.7502
0.102183
56.0831
0.0906696
59.9488
0.0896411
62.3928
0.126525
11.4159
0.0947666
7.38329
0.0868796
4.97332
0.0880561
3.86006
0.0934788
2.4209
0.110396
1.29191
0.089596
1.14033
0.106256
0.76453
0.0937473
1.10179
0.0983075
0.939985
0.10278
1.05167
0.0869276
1.07342
0.082487
1.02792
0.0861235
0.686196
0.0983287
0.410236
0.0950677
0.3282
0.084661
0.345124
0.0842882
0.453026
0.096219
0.271166
0.0921909
0.284044
0.0992941
0.182802
0.164395
0.147979
0.0985601
0.175633
0.0899248
0.21865
0.0972683
0.174222
0.107618
0.124217
0.117003
0.108216
0.194051
0.0978792
0.161155
0.110111
0.165308
0.0896539
0.226475
0.0888634
0.25928
0.086215
0.354499
0.0814348
0.296367
0.0952965
0.129045
0.12623
0.146119
0.0884497
0.237741
0.0885574
0.263049
0.101804
0.590452
0.0833307
0.742638
0.0960326
1.55252
0.110719
5.99801
0.0881632
18.1663
0.0859392
25.8813
0.0852832
22.8746
0.0915436
26.7777
0.0766729
16.2656
0.0741555
8.28778
0.0968552
13.5003
0.082885
22.263
0.0837527
27.5323
0.0753069
35.2684
0.0752348
29.0352
0.0780495
26.4834
0.0757702
34.4377
0.0794714
41.4365
0.0816259
72.2797
0.0722052
60.0781
0.0785919
28.7423
0.0772522
25.0434
0.0887614
32.217
0.102928
111.99
0.0778654
156.847
0.0774936
159.749
0.0813095
170.066
0.0845286
181.147
0.076549
182.469
0.079928
184.586
0.0751614
194.732
0.075778
200.301
0.0711646
203.478
0.0792917
144.369
0.0872116
165.204
0.08758
153.865
0.0774834
120.911
0.0740959
64.2156
0.0898454
38.6404
0.0696155
52.0193
0.0690251
53.2923
0.0745402
31.0497
0.0854065
13.2161
0.102271
7.0881
0.0823734
7.80983
0.0755606
12.8442
0.0802714
9.23669
0.0862733
8.43432
0.0732603
8.16662
0.0823391
4.63611
0.0764793
3.03947
0.0758879
2.12742
0.0711742
2.19565
0.0715277
1.24876
0.0837542
0.592569
0.070798
0.656033
0.0877718
0.520355
0.0736614
1.00081
0.0756079
0.787469
0.0730818
0.590514
0.0708266
0.55097
0.0686367
0.745621
0.0711301
0.680109
0.102065
0.199654
0.0865889
0.216021
0.0869189
0.111642
0.105267
0.0831022
0.13793
0.0787992
0.150007
0.0951531
0.145741
0.103752
0.137495
0.0918367
0.169198
0.0774862
0.224311
0.0745568
0.302938
0.0799789
0.415458
0.0703782
0.52342
0.075735
0.524516
0.0791693
0.744234
0.0728158
0.963476
0.0734588
1.45834
0.0679636
1.13046
0.075629
0.965942
0.0721455
0.560805
0.0766582
0.466228
0.103095
1.15956
0.0778576
1.50497
0.0875011
4.38633
0.0706932
6.86648
0.0734143
9.12019
0.0673822
9.77365
0.0696109
12.697
0.0764247
17.7694
0.0664925
18.6376
0.0637041
15.3108
0.0668933
5.58324
0.076793
5.4696
0.0749679
8.57071
0.0686541
14.0852
0.0761179
21.6531
0.0703712
23.4813
0.0643982
16.0165
0.0726735
13.6326
0.0827814
28.6344
0.0718032
44.1054
0.0915834
94.8535
0.0803544
152.366
0.078642
123.932
0.0701687
184.122
0.0618954
176.068
0.0729306
152.11
0.0715637
160.147
0.0714607
137.514
0.0687329
116.441
0.065296
99.4931
0.0705455
80.9004
0.0654074
78.8245
0.073294
46.745
0.0620467
44.0076
0.0627903
69.2125
0.0695538
96.6616
0.0649788
115.164
0.0726445
113.882
0.0716202
59.9829
0.0749419
22.321
0.0697469
11.3483
0.0906779
3.34323
0.0713251
2.01306
0.0748049
0.984863
0.0603498
1.06908
0.0571765
1.25362
0.05677
3.01124
0.0559381
8.48854
0.0591687
7.67867
0.0649594
4.53743
0.067095
3.61024
0.0639137
3.25966
0.078686
1.82811
0.0622855
2.15197
0.057392
3.23207
0.0655377
1.88039
0.0678953
1.13934
0.0586869
1.48938
0.0634584
1.04546
0.0637717
1.11079
0.0862859
0.53253
0.0631134
0.629045
0.0575971
0.387562
0.0726496
0.176912
0.0614768
0.217545
0.0560062
0.268778
0.0569683
0.230276
0.0654847
0.148059
0.0737392
0.113532
0.0697514
0.0850869
0.102233
0.0783034
0.0829493
0.101829
0.0772845
0.128326
0.0608814
0.208291
0.0762996
0.101889
0.0725712
0.079718
0.110764
0.061148
0.151317
0.0573165
0.153835
0.0665401
0.188612
0.0690976
0.339664
0.0741769
1.57107
0.0532089
1.96448
0.0609353
2.68686
0.0577156
1.67691
0.0599308
1.39337
0.0625893
2.21005
0.057121
2.82104
0.0711012
5.11817
0.0536375
7.02697
0.0615709
8.54379
0.0536423
6.36969
0.0521112
5.36493
0.0545318
5.89825
0.0612522
9.51768
0.0567246
15.0247
0.0580363
20.0427
0.0533687
12.7673
0.0508712
5.65387
0.0505068
4.6671
0.0552311
7.09726
0.0781353
24.8226
0.0521868
32.3392
0.051586
43.9109
0.0539508
71.7472
0.0573447
117.916
0.0514352
128.252
0.0536705
107.404
0.0567194
116.872
0.0501942
90.1126
0.0522582
56.6587
0.0553046
68.284
0.0586328
138.266
0.0451613
143.534
0.0470701
121.355
0.0542285
124.399
0.0507029
117.736
0.0555075
102.679
0.0545955
69.0018
0.0574891
44.6137
0.0550926
33.8393
0.0596868
29.7454
0.0643974
13.2231
0.0607262
5.07546
0.0523121
4.13935
0.0493188
4.48061
0.0489499
4.04455
0.0488904
5.26547
0.0497934
6.21983
0.0505131
5.6823
0.0482949
4.52205
0.0498754
2.51401
0.0550071
1.45427
0.0501198
3.17551
0.0442442
5.66293
0.047191
5.01083
0.0551213
3.83364
0.0461273
3.4538
0.0444528
3.26404
0.05148
1.8358
0.0530768
1.14056
0.0602624
0.348899
0.0601547
0.168384
0.0507285
0.125978
0.0539965
0.181372
0.0473661
0.294598
0.0484171
0.434315
0.0469049
0.575842
0.0471124
0.485866
0.0566661
0.183097
0.0516006
0.12855
0.0543296
0.114261
0.0487204
0.122173
0.056695
0.069161
0.0771123
0.0667641
0.0738294
0.0554596
0.133064
0.0477127
0.153774
0.0489418
0.104948
0.0620627
0.0605159
0.0606794
0.0729242
0.0579051
0.0920348
0.0559621
0.187601
0.0595204
0.861143
0.04666
1.14066
0.0505871
1.5759
0.0429913
1.09691
0.0442026
1.49146
0.0435186
2.08024
0.0453165
2.37397
0.0447619
1.20753
0.0494548
1.47141
0.0456168
2.12559
0.0497981
4.35997
0.040868
3.42667
0.0425207
3.5384
0.0431314
5.0453
0.0427608
4.26784
0.0432574
5.63569
0.0461984
9.93149
0.0433855
8.50235
0.0489527
10.5663
0.0469027
7.04779
0.0565405
27.0547
0.0407029
18.8477
0.0455015
16.5877
0.0462906
24.8877
0.0480936
33.8431
0.0488625
56.0359
0.0425567
77.4784
0.038973
81.7365
0.0486179
80.5122
0.0451112
106.926
0.0417173
95.9056
0.0417491
110.786
0.0394936
90.2852
0.0406991
106.388
0.0389885
106.775
0.0414288
89.0902
0.0462953
106.544
0.0390209
113.068
0.0420819
91.5571
0.0492826
74.2655
0.0579448
22.2405
0.0437725
10.6995
0.0456691
14.2889
0.0372943
35.1526
0.0386578
35.8786
0.0441158
24.8332
0.0416275
21.5652
0.0386673
28.855
0.0395639
18.0126
0.0447875
10.1703
0.0426599
9.97082
0.0427451
6.59684
0.041423
4.72935
0.0418886
4.56675
0.0457421
4.60339
0.0429112
5.91108
0.0436848
3.17242
0.0469034
2.27146
0.0403266
2.06512
0.0421889
2.34803
0.0418964
1.37367
0.0534494
0.261783
0.045399
0.168793
0.0401706
0.147342
0.0452865
0.0776495
0.0490608
0.0578269
0.0527431
0.0917549
0.0453607
0.0901143
0.0491016
0.0732002
0.0548159
0.0502882
0.0725717
0.0423109
0.091116
0.0425028
0.10301
0.0419076
0.129438
0.0397318
0.212987
0.039969
0.263791
0.0424674
0.305865
0.0362123
0.249935
0.0354357
0.207012
0.0368103
0.114714
0.0442639
0.0696116
0.0419619
0.0934579
0.0486084
0.186467
0.0413076
0.696797
0.0328809
0.457906
0.0362117
0.375974
0.0385565
0.574188
0.0367942
0.839385
0.03604
1.21598
0.0353617
1.20941
0.036832
0.969937
0.0436388
1.07318
0.036556
1.13839
0.0393906
2.27352
0.0354833
3.06142
0.0372962
4.08151
0.0324519
2.40467
0.0318977
1.92715
0.031707
1.15893
0.0329653
1.06113
0.0342483
1.53142
0.0381613
2.82065
0.0454833
8.91497
0.0369974
6.22558
0.0382198
14.2088
0.0381429
26.7101
0.0352325
43.4573
0.0369483
58.8426
0.0377771
83.1905
0.0317573
87.0274
0.031831
86.1267
0.0335364
83.9829
0.0317247
72.3851
0.0331461
52.6859
0.037219
56.6999
0.0319433
33.6797
0.0384022
41.278
0.0320691
42.5444
0.0321051
36.6116
0.0334764
51.4125
0.0329869
65.4286
0.0306256
57.5578
0.0505254
56.261
0.0322364
56.9442
0.0419074
22.832
0.0332745
16.8965
0.037282
21.123
0.033322
24.0235
0.0331829
20.2877
0.0360135
11.2652
0.0324997
8.5904
0.0310746
8.25544
0.0350719
7.86038
0.0331138
8.89876
0.0337397
5.0633
0.0348438
4.0506
0.02923
6.1636
0.0315587
4.89359
0.0348903
6.06268
0.0318882
9.86602
0.0347844
6.48062
0.0337964
4.75116
0.0298762
4.00331
0.0383154
0.746372
0.0356232
0.509285
0.0286179
0.678822
0.0343509
0.402077
0.0335925
0.216997
0.0378093
0.158848
0.0304499
0.230111
0.0291751
0.574673
0.0283412
0.968748
0.0283399
1.35304
0.0335403
1.19244
0.031345
1.11379
0.0322775
0.565487
0.03412
0.303511
0.0292664
0.219459
0.0330284
0.092106
0.0377195
0.0460417
0.0460083
0.0373826
0.0492038
0.0480911
0.0461874
0.0474652
0.0368048
0.0470153
0.0527977
0.038286
0.175585
0.0311515
0.311763
0.0284963
0.269092
0.0294632
0.326773
0.0308453
0.315032
0.0289089
0.28786
0.0263862
0.299684
0.0258543
0.29594
0.0266383
0.188657
0.0285614
0.13099
0.0319746
0.0816614
0.0295196
0.0949526
0.0294465
0.0917049
0.0286222
0.122433
0.0272787
0.131693
0.031111
0.139831
0.0266936
0.164984
0.0290211
0.215371
0.0344253
0.387256
0.0335098
1.3685
0.0323436
3.15899
0.0286962
2.76218
0.025721
1.68456
0.031483
2.22794
0.026893
2.83491
0.0272331
1.95906
0.0253998
2.21475
0.0329878
6.37418
0.0272306
15.0562
0.0316003
35.2514
0.0246602
43.3806
0.0242879
30.8037
0.0291474
32.5977
0.0279529
25.894
0.0251207
21.0576
0.0259324
24.355
0.0274067
39.8665
0.0238184
36.551
0.0279152
44.5838
0.0274067
62.2995
0.0323956
42.0397
0.0295324
38.1873
0.0282727
25.3783
0.0254621
20.9859
0.0298216
16.4591
0.0245768
25.4153
0.0266514
34.8434
0.0249443
34.3032
0.026834
19.6724
0.0269652
10.8193
0.0252145
11.5328
0.0226986
15.5155
0.0220504
19.9916
0.0229918
19.6418
0.0247579
13.0726
0.0227728
11.1695
0.0236102
17.2117
0.0248154
24.1977
0.0248393
16.5929
0.0293568
9.78544
0.0245092
9.01942
0.0332477
2.90512
0.0257001
2.52401
0.0263187
0.99064
0.0271548
0.399208
0.0235329
0.251031
0.0246126
0.123248
0.0250225
0.114629
0.023589
0.183571
0.0254193
0.19967
0.0242137
0.138534
0.0228626
0.173142
0.0218701
0.159825
0.0248511
0.119625
0.0234045
0.120412
0.0240491
0.0962993
0.0238571
0.0845483
0.0237079
0.101114
0.0214515
0.1679
0.0220819
0.189457
0.0233376
0.164267
0.0252025
0.117159
0.032592
0.0833798
0.0238373
0.0636935
0.0222805
0.0537332
0.0233388
0.0480434
0.0299934
0.0314685
0.0379297
0.0257461
0.0448741
0.0247608
0.0349873
0.0263757
0.0318221
0.0302485
0.0350277
0.0288636
0.0589726
0.0276239
0.0549712
0.0270033
0.0501608
0.0266466
0.0561363
0.0231337
0.0821471
0.0239733
0.0856174
0.0234267
0.0946902
0.0215755
0.0526648
0.0267499
0.0862156
0.0225181
0.209556
0.026847
0.499116
0.0256817
1.81289
0.029009
5.10751
0.022549
3.16588
0.0250557
3.84435
0.0213587
3.31608
0.0234088
4.82797
0.0211446
5.10821
0.020521
5.17427
0.0245646
10.7008
0.0223298
14.0133
0.0239279
19.2986
0.0205392
17.0915
0.0242391
15.1893
0.0210916
16.3115
0.0201415
9.746
0.0218879
4.72363
0.0246584
6.53563
0.0204092
7.66167
0.0246028
17.0967
0.0200326
26.7014
0.0223768
29.7806
0.0290957
43.9739
0.0209088
47.5706
0.0202748
55.447
0.0202095
43.9556
0.027721
39.2501
0.0215297
45.9645
0.0222576
41.0671
0.0217205
34.7737
0.0225351
33.1273
0.0198026
51.3177
0.0198362
50.3754
0.0232377
35.6975
0.021327
36.8255
0.0226921
26.1675
0.0222251
16.3834
0.0233388
15.2354
0.0198863
15.1373
0.0232126
18.0637
0.0214954
20.7014
0.0226415
11.8722
0.0236537
5.41721
0.0260411
1.58355
0.0269898
0.508876
0.0218397
0.476207
0.0215901
0.317382
0.0196103
0.31506
0.0187302
0.386662
0.022643
0.407466
0.0202878
0.522063
0.0192116
1.29833
0.0193131
1.87461
0.0217536
1.14887
0.0197666
1.0106
0.0187416
0.884004
0.0198376
0.74204
0.0189667
0.621318
0.0254922
0.180173
0.020313
0.202776
0.0180487
0.357835
0.0185697
0.559321
0.0238834
0.482614
0.0250378
0.152234
0.0246477
0.0979406
0.0211006
0.0827197
0.0199127
0.0901691
0.0191862
0.0931506
0.024391
0.0760561
0.0193651
0.0939238
0.021451
0.059387
0.0212578
0.0692003
0.0187212
0.0712176
0.0224433
0.0447257
0.0224968
0.0568661
0.0227611
0.0711562
0.0206312
0.0609407
0.0231983
0.0361714
0.0221737
0.0325333
0.0264333
0.0262382
0.0455564
0.0203605
0.0619565
0.0207661
0.0976388
0.0202762
0.15447
0.0188718
0.1429
0.025082
0.205019
0.0231876
0.351766
0.0231889
0.442107
0.0195646
0.371321
0.0194945
0.4126
0.0201177
0.52591
0.0202927
0.631284
0.0204125
1.60398
0.0193593
1.92221
0.0197411
2.2791
0.0198935
3.39912
0.0233789
7.16933
0.0180406
6.55152
0.0174713
3.6131
0.0175451
1.39836
0.0194627
1.46303
0.0184364
2.00277
0.0179287
2.52648
0.020223
2.7873
0.0187475
3.32404
0.0189577
2.75685
0.0194998
2.77345
0.0185109
3.46405
0.0230491
9.10681
0.0235201
22.7297
0.0200543
31.1889
0.0165929
14.2092
0.016631
8.12484
0.0190532
9.20916
0.0179259
13.4136
0.0173753
16.6102
0.0162745
15.163
0.0188948
19.4309
0.0201624
38.5308
0.0186065
41.7828
0.0173725
42.0258
0.0167072
42.6383
0.0171685
32.7476
0.018271
31.9568
0.0164697
26.5776
0.0190069
28.0882
0.0195397
38.0406
0.0180494
31.6266
0.0163076
39.131
0.0161497
34.2663
0.0187018
18.092
0.0185267
4.69471
0.0219275
1.65466
0.0179018
1.84926
0.0177415
2.30216
0.0151027
2.53561
0.0163043
1.38306
0.017357
0.65051
0.0167744
0.739868
0.0158063
0.544051
0.0181077
0.611405
0.0150877
0.586381
0.0154842
0.532578
0.0152053
0.57179
0.017743
0.265154
0.0160747
0.561355
0.0144117
0.958014
0.0159981
0.806973
0.0168684
0.56452
0.0156583
0.376616
0.0166928
0.253064
0.0157317
0.195621
0.0165716
0.0976291
0.0209672
0.0257453
0.0222161
0.0192355
0.0205822
0.0253157
0.0201987
0.0268683
0.0172713
0.0550375
0.0145909
0.0689943
0.0173877
0.0413421
0.0187269
0.0384922
0.015707
0.0428436
0.0196241
0.0197017
0.0247101
0.0186549
0.04686
0.0161855
0.0674291
0.015151
0.0866614
0.0148641
0.0887851
0.0150913
0.118248
0.0149998
0.127109
0.0141784
0.0543855
0.0136633
0.0488752
0.0158951
0.0509947
0.015104
0.094535
0.0146308
0.132652
0.0215009
0.563895
0.0132616
0.459089
0.0142014
0.328462
0.0162246
0.496642
0.0127969
0.436447
0.0128249
0.323239
0.0143512
0.266179
0.0150349
0.170834
0.0159705
0.35393
0.0135528
0.46219
0.0153688
0.597718
0.0136209
0.654643
0.0139132
0.682719
0.014173
1.03086
0.0135943
0.983604
0.0127645
0.777461
0.0131143
0.738726
0.0147477
1.27205
0.0164113
1.07001
0.0135187
1.66287
0.0150026
2.47744
0.0175974
5.28046
0.0148596
10.0922
0.0130067
11.3487
0.0129276
10.296
0.0135375
14.4965
0.0154243
28.8398
0.0142747
30.0568
0.013163
34.8637
0.0117861
33.3817
0.0123871
17.9808
0.0154398
25.655
0.0123954
31.9117
0.0121464
29.7161
0.0138036
29.7407
0.0131164
28.8077
0.0124074
27.1686
0.0126991
29.4624
0.0136492
24.5204
0.013468
20.3083
0.0122353
22.4884
0.0127861
24.4725
0.0155792
15.5681
0.0151729
11.3227
0.0131544
8.12361
0.0127408
5.87192
0.0134837
3.47707
0.0124211
2.40646
0.0117815
2.88016
0.0111445
3.99181
0.0117752
3.29976
0.0119412
2.69463
0.0122011
2.36868
0.0154206
2.20686
0.0116228
3.81668
0.0116011
3.05685
0.0143914
1.37977
0.011697
1.91661
0.0119753
1.90158
0.0137312
1.25266
0.0116881
0.86948
0.0123711
0.623352
0.0119383
0.547771
0.0117821
0.538201
0.0119689
0.325952
0.0145248
0.275023
0.0158199
0.135866
0.0125294
0.0799474
0.0147435
0.0340827
0.0111995
0.0328632
0.011584
0.0247817
0.0147785
0.0204252
0.0138682
0.0219239
0.0123482
0.0205681
0.015569
0.0180045
0.0149025
0.02156
0.01486
0.016003
0.0166232
0.0265408
0.0122265
0.0289872
0.0121423
0.0331295
0.0115677
0.0297297
0.0118571
0.0221132
0.013254
0.0171645
0.014133
0.0164737
0.0130746
0.0168618
0.0167947
0.0135503
0.0300128
0.0150002
0.0993071
0.011478
0.113598
0.0135137
0.111226
0.011242
0.153069
0.0105368
0.13158
0.0102701
0.125666
0.011317
0.145961
0.0109757
0.137398
0.0103921
0.108681
0.0103867
0.10168
0.01014
0.129226
0.0116834
0.283896
0.0108322
0.452337
0.011414
0.621009
0.00945599
0.236076
0.0109211
0.218672
0.0117223
0.326214
0.011611
0.551791
0.00992713
0.699098
0.0110168
1.0207
0.0114724
2.06586
0.00971216
1.84945
0.0103556
2.21337
0.0119914
4.87328
0.0132864
9.30638
0.0115725
14.4432
0.0103475
12.1752
0.00955268
6.47158
0.00934047
5.10943
0.0102114
7.18196
0.0110579
15.8222
0.00945964
18.3011
0.0106148
20.9445
0.0104042
25.1454
0.00957319
26.3825
0.00935348
25.5323
0.0102157
21.7923
0.0108809
22.6334
0.011488
18.5589
0.0102487
15.132
0.00925513
19.2631
0.00916468
21.4124
0.00994077
19.7598
0.00962373
24.7424
0.00985821
12.674
0.0130833
5.5664
0.0115005
2.61399
0.00972515
2.61788
0.00920153
3.17757
0.00950247
3.48723
0.0100508
5.79355
0.00900853
6.91965
0.00935738
6.5743
0.00945796
5.27145
0.00970376
3.90161
0.00929752
2.42004
0.00998708
1.01388
0.0107396
0.440133
0.00918069
0.322904
0.0105855
0.25604
0.00859485
0.496762
0.00938753
0.536893
0.0097869
0.766007
0.00831177
1.32723
0.00851499
1.10626
0.00944252
0.354907
0.0132763
0.11041
0.00904324
0.082923
0.0092444
0.0518693
0.00976136
0.02785
0.0109926
0.0188734
0.00948919
0.028164
0.00926336
0.0469718
0.0113669
0.0270219
0.00980032
0.0290041
0.00876686
0.025992
0.0101991
0.0250442
0.00893957
0.0275799
0.00956914
0.0220127
0.00925767
0.0401136
0.00886059
0.0288919
0.010462
0.015259
0.0120934
0.0138127
0.0103225
0.0166024
0.00967067
0.0209017
0.0112752
0.0235753
0.0107865
0.0136025
0.0231266
0.00928678
0.0256506
0.00870034
0.0305809
0.00949817
0.0512842
0.00892431
0.081216
0.00970816
0.116828
0.00896956
0.197221
0.0082134
0.19359
0.0091804
0.147227
0.0101355
0.195656
0.00902537
0.147583
0.00914499
0.131916
0.00808974
0.104491
0.00859629
0.113258
0.00962729
0.192984
0.00871457
0.307632
0.00885103
0.483421
0.00895471
0.720676
0.00872557
0.709184
0.00853304
0.794759
0.00972655
1.20861
0.0105982
1.9766
0.0110237
2.60181
0.00916305
4.72222
0.00796695
4.57664
0.00775063
4.00577
0.00752466
3.38392
0.00833399
3.689
0.00969441
4.14086
0.00836809
4.48267
0.00845027
6.47819
0.00921863
9.58018
0.00835886
10.1559
0.00937445
8.88452
0.00876493
8.15069
0.00837397
8.66236
0.00828795
8.75063
0.00851652
10.4435
0.00815347
13.304
0.00755919
13.8553
0.00931069
17.502
0.00824954
17.4434
0.0124555
5.51776
0.00820753
5.35802
0.00926346
6.2135
0.00763223
12.4049
0.00784915
14.2526
0.00825532
15.2158
0.00923973
9.53372
0.00903966
5.08322
0.00780207
4.63484
0.00835785
4.48265
0.00770726
5.03573
0.00736348
4.56729
0.0088071
2.60266
0.0079167
1.85422
0.00774276
2.4874
0.00915804
2.13151
0.00865644
1.25633
0.00842271
0.959372
0.00723561
0.918267
0.00809114
0.569118
0.00762459
0.672664
0.0101492
0.195947
0.00840603
0.174007
0.00968258
0.0959926
0.00707916
0.0934674
0.00701951
0.103952
0.00706185
0.235178
0.00765105
0.285
0.00809991
0.244449
0.00725329
0.222183
0.0079915
0.155132
0.00769934
0.129536
0.00835142
0.07227
0.00716259
0.0469025
0.00830583
0.0321716
0.00722371
0.0333362
0.00802577
0.0272769
0.00759348
0.0396376
0.00717786
0.0708729
0.00831049
0.0566805
0.00802488
0.0407772
0.00767067
0.0362855
0.0111148
0.0134994
0.00900046
0.00978945
0.0114465
0.00930816
0.0189261
0.00812968
0.0255213
0.0077236
0.044292
0.00764484
0.0826764
0.00727328
0.101132
0.00775294
0.126952
0.00697772
0.0678574
0.0065822
0.0437142
0.00872012
0.0780324
0.00708935
0.182074
0.00650655
0.191465
0.00627954
0.16618
0.00656377
0.108866
0.00723268
0.116004
0.00629056
0.0685769
0.00814725
0.103089
0.00660329
0.142444
0.0070486
0.139345
0.00901796
0.172559
0.00778645
0.320066
0.00687235
0.552538
0.00636648
0.732356
0.00713478
0.783867
0.00676124
0.913025
0.00654883
0.867403
0.00748556
1.70945
0.00620158
2.07458
0.00726
1.97308
0.00662853
2.984
0.00574843
1.1712
0.00622353
0.519853
0.00670021
0.743476
0.00596457
0.492505
0.00621151
0.28132
0.00808395
0.476549
0.0065874
0.918972
0.00615905
1.00262
0.0071678
1.22917
0.00878429
4.69621
0.0066174
8.91471
0.00744808
13.127
0.00701204
12.9664
0.00688971
14.0358
0.00659712
15.6104
0.00639106
9.98843
0.00715969
6.2662
0.00584187
7.52362
0.00666522
4.4761
0.00682227
5.28106
0.00613127
4.91306
0.00651158
3.81018
0.0058528
5.16016
0.00603269
5.80243
0.0056748
12.9634
0.00558844
13.5266
0.0073608
8.14145
0.0057124
8.47705
0.00644459
4.96707
0.0060877
4.50539
0.0082522
0.870173
0.00677703
0.410806
0.00600926
0.453692
0.00584335
0.310791
0.00620139
0.288871
0.00584944
0.550175
0.00563222
0.994532
0.00553007
1.05131
0.00604303
0.942799
0.00609936
0.863714
0.00620446
0.911514
0.00590722
0.636367
0.00594677
0.40584
0.00575171
0.286414
0.00624623
0.169344
0.00642331
0.07877
0.00645875
0.048823
0.006138
0.0693593
0.00569132
0.0951539
0.0071695
0.0424483
0.00562417
0.0265187
0.00636571
0.00976555
0.0119056
0.00642897
0.0114137
0.00643107
0.011207
0.00617558
0.0106184
0.00678793
0.0105831
0.00679819
0.0110302
0.00651321
0.00790381
0.00758095
0.0133571
0.0060739
0.0103199
0.00829581
0.0062118
0.00956512
0.00658885
0.00885361
0.00818112
0.00657173
0.00842104
0.00752516
0.00831984
0.00645025
0.0156974
0.00582534
0.0296518
0.00592354
0.0771432
0.00512335
0.0897497
0.00613338
0.0833366
0.00619123
0.08491
0.0075647
0.238395
0.00528161
0.288304
0.00497439
0.192495
0.00514684
0.124418
0.00531471
0.110996
0.00575499
0.154761
0.00515737
0.225406
0.00510295
0.272289
0.00541414
0.388723
0.0059355
0.609358
0.00609571
0.866604
0.00538191
0.57455
0.00550207
0.483721
0.00556395
0.689695
0.00581528
1.02705
0.00540824
1.30483
0.0058601
2.29385
0.00607439
4.57233
0.00495936
5.09683
0.0049166
4.28419
0.00669
5.294
0.00645841
11.2184
0.0052105
13.3598
0.00518504
10.8317
0.00515679
7.28523
0.00520306
6.77962
0.00591899
10.199
0.00529805
13.5456
0.00482309
13.633
0.00535965
11.2201
0.00541138
9.33365
0.0048583
9.50237
0.00502433
7.7121
0.0055499
6.30765
0.00513071
11.5341
0.00466191
13.9444
0.00463894
13.6839
0.00474625
11.1185
0.00593302
10.6751
0.00634828
6.66617
0.0057787
4.3543
0.00552672
3.30303
0.00493556
3.35617
0.00475899
2.75625
0.00602388
1.27997
0.00476251
1.8125
0.00455585
2.20388
0.00590009
2.01388
0.00529602
1.561
0.00490658
1.05951
0.00462842
1.1057
0.00454714
1.41722
0.00478464
1.0027
0.00608592
0.357665
0.00475931
0.243579
0.00523734
0.274761
0.00490322
0.24026
0.0047623
0.212617
0.00527602
0.223271
0.00503153
0.326543
0.00567523
0.0758522
0.00580137
0.0340213
0.00507965
0.0215721
0.00487445
0.0166519
0.00491772
0.0137283
0.00498806
0.0129378
0.00542974
0.0098199
0.00565515
0.00743139
0.0063232
0.00665992
0.0068978
0.0102998
0.00478618
0.0162369
0.00449981
0.0240091
0.00467687
0.0179806
0.00523237
0.0154584
0.00472249
0.0220677
0.00449371
0.026454
0.00443147
0.0261051
0.00528015
0.0114488
0.00498326
0.0102856
0.00614031
0.00647407
0.0119084
0.0054412
0.0268094
0.00465306
0.0197804
0.00499999
0.0138599
0.00574123
0.0236795
0.00458131
0.0319949
0.0044611
0.0356806
0.00415503
0.042502
0.00411351
0.0316181
0.00472889
0.0432097
0.00452129
0.0684009
0.0053131
0.0982737
0.00443325
0.089922
0.00514791
0.154568
0.00459148
0.16521
0.00455475
0.0945152
0.00477246
0.136809
0.00460587
0.190842
0.00463062
0.26062
0.00447393
0.455137
0.00441543
0.797615
0.00481234
1.19273
0.00590707
3.45641
0.00453134
5.88583
0.00407138
5.07371
0.00437725
5.74713
0.00393086
2.40898
0.00428978
2.19435
0.00436478
4.49489
0.00394702
3.8147
0.00381277
2.00191
0.00449153
1.9557
0.00419588
3.28256
0.00420944
4.37884
0.00451412
6.84342
0.00427438
7.57202
0.00395985
8.33725
0.00401602
6.26675
0.00458182
5.03501
0.00486696
9.55249
0.00400257
10.1112
0.00485243
6.41359
0.00526647
1.83673
0.0043496
1.19843
0.00375006
1.49421
0.00402093
1.51977
0.00392184
1.80451
0.0039249
2.44385
0.00405012
1.80114
0.00390176
2.72597
0.00462612
1.99768
0.00408695
1.6312
0.00402285
1.03902
0.00442006
0.906341
0.00359355
1.0906
0.00387056
0.853343
0.00399211
0.566667
0.00401158
0.411944
0.00389654
0.318387
0.00428169
0.182144
0.00362752
0.299107
0.00404854
0.264092
0.00511672
0.0892606
0.00447189
0.0393704
0.00393424
0.0407826
0.00408102
0.0356316
0.00420684
0.0272448
0.00377487
0.0224018
0.00387752
0.02277
0.00346421
0.0277098
0.00329342
0.0350986
0.00421251
0.0178768
0.00392576
0.0238214
0.00346597
0.0596383
0.00398363
0.0349253
0.0040843
0.0143559
0.00472323
0.00800217
0.00378358
0.0100985
0.00382079
0.0087057
0.00453887
0.00806355
0.00361001
0.00974558
0.00422717
0.00711377
0.00604508
0.00537279
0.00978453
0.00378089
0.00853711
0.0048207
0.0101268
0.00406152
0.00670925
0.00511028
0.00439535
0.0066386
0.00450712
0.00484281
0.00653019
0.00442163
0.0149489
0.0037385
0.0275287
0.00356108
0.0353432
0.00321556
0.0242477
0.00324411
0.0179595
0.00362156
0.0179229
0.00376926
0.0208017
0.003825
0.0116328
0.00359895
0.0126771
0.0035839
0.0137867
0.00356311
0.0164438
0.00411843
0.0173214
0.00448272
0.0381314
0.00413632
0.108145
0.00334711
0.155877
0.00395496
0.328487
0.00333438
0.609814
0.00320507
0.410679
0.00352795
0.235343
0.00365022
0.187128
0.00388844
0.395386
0.00369786
0.469177
0.00383604
0.90171
0.00378733
1.51331
0.00354469
1.83047
0.0035698
2.88641
0.00316608
3.57061
0.00352523
3.65564
0.00326645
2.68684
0.00315977
2.21749
0.00323227
1.22989
0.00336247
0.688984
0.00360464
0.68073
0.00424305
1.67457
0.00425707
5.43791
0.003298
6.49045
0.00364584
6.9173
0.00357557
7.80601
0.00365228
5.57304
0.00368886
3.59962
0.00333039
3.55826
0.00299328
4.43081
0.00369113
4.95403
0.00324941
5.63942
0.00351593
2.62764
0.00319927
2.1167
0.0033543
2.57867
0.00318286
3.18653
0.00292023
3.63122
0.00327837
2.32705
0.00360905
1.39609
0.00317666
1.11465
0.0030191
1.50352
0.0033299
1.33716
0.00386235
0.851939
0.00392726
0.59521
0.00285231
0.617271
0.00357669
0.271163
0.0034716
0.201252
0.00326088
0.134599
0.00326109
0.0956402
0.00312303
0.0711904
0.00298099
0.0562476
0.00308138
0.0686527
0.00364336
0.04538
0.002854
0.0859456
0.00264068
0.283594
0.00274279
0.292294
0.00339541
0.133239
0.00309431
0.122471
0.00334877
0.0722774
0.00315171
0.0494988
0.00272392
0.0553603
0.00307773
0.0302774
0.00355226
0.0103126
0.00444947
0.00426683
0.00523731
0.00460608
0.00511154
0.00388629
0.00430786
0.00405968
0.00488101
0.00358995
0.00561758
0.00344771
0.00516386
0.00393587
0.00401247
0.00451901
0.00402346
0.00437598
0.00387887
0.0042031
0.00432551
0.00422192
0.00362075
0.00431839
0.0050804
0.00308607
0.0102896
0.0029647
0.00594009
0.00417998
0.00346589
0.00465764
0.00625265
0.00294439
0.00932326
0.00290304
0.00819601
0.00303433
0.0104743
0.00376747
0.0208773
0.00328836
0.0724566
0.00298862
0.0960019
0.0026566
0.0801305
0.0027686
0.0549282
0.00285913
0.0434621
0.00275446
0.0320853
0.00293726
0.0167541
0.00306816
0.024881
0.00290252
0.0313195
0.00293793
0.050053
0.00269016
0.0739591
0.00291078
0.0943536
0.00304116
0.128412
0.00280421
0.179663
0.00281265
0.236168
0.00333949
0.460638
0.00284282
0.442011
0.00275711
0.258802
0.00266233
0.183514
0.00322929
0.337873
0.0030699
0.611748
0.00360453
1.84457
0.00279596
2.34434
0.00293171
2.46781
0.00278413
2.70532
0.00264762
2.24548
0.00322373
4.62062
0.0024808
5.49323
0.00293323
6.24314
0.00266901
5.19274
0.00260042
3.73264
0.00262567
4.07798
0.00299531
5.50996
0.00304212
5.49557
0.00259493
4.04641
0.00289527
1.83302
0.00247963
1.26706
0.00253681
1.58302
0.00249643
2.18745
0.00275827
1.6789
0.00279918
2.25213
0.00263296
2.6891
0.00363774
0.715281
0.00265017
0.477093
0.00273727
0.244156
0.00245922
0.234125
0.00248552
0.232459
0.00273928
0.181863
0.00245005
0.165337
0.002316
0.166335
0.00239857
0.153328
0.00268048
0.243596
0.00222572
0.51105
0.00264982
0.355554
0.00261014
0.254385
0.00289503
0.0864307
0.00247777
0.0735985
0.00245511
0.110322
0.00233163
0.113991
0.00229102
0.11866
0.00229419
0.141503
0.00273979
0.0448495
0.00295392
0.0165368
0.00318749
0.0147287
0.00221761
0.0344555
0.00235935
0.0320725
0.0025668
0.0172703
0.00302239
0.00578122
0.00254703
0.00603486
0.00230712
0.00642695
0.00245584
0.00476073
0.00329941
0.00316853
0.00410829
0.00298518
0.00427533
0.00307965
0.003512
0.00379249
0.00329047
0.00432771
0.00283369
0.00657109
0.00229336
0.00911952
0.00232793
0.00889728
0.00248848
0.00783504
0.00238734
0.00804574
0.00266425
0.00584807
0.00278032
0.0039706
0.00565062
0.00259078
0.0146709
0.00238209
0.0193928
0.00225319
0.020864
0.00269139
0.0304198
0.00215598
0.0137616
0.0025559
0.0228022
0.00228202
0.0468877
0.00216205
0.0365984
0.00249602
0.0468496
0.00251736
0.0687814
0.00243
0.0779713
0.00232626
0.0892699
0.00229313
0.117706
0.00246248
0.2592
0.00216724
0.309907
0.00209262
0.177692
0.00210806
0.0838589
0.00227749
0.0713316
0.00266518
0.200979
0.00225305
0.353577
0.00211709
0.375002
0.00290095
0.953373
0.0023386
3.30989
0.00231593
3.91363
0.00215377
3.96192
0.00223089
4.13688
0.00234284
4.59009
0.00222186
3.633
0.0022037
3.21476
0.00216931
2.73377
0.00191796
2.01551
0.00189283
1.78344
0.0019735
1.75083
0.0019798
1.3515
0.00209739
1.27772
0.00250597
2.99761
0.00204961
4.20239
0.00217623
4.58015
0.00213995
4.22761
0.00192579
2.34952
0.00242493
2.70457
0.00252299
4.75797
0.00215487
2.96187
0.00222802
2.64725
0.00188987
3.98581
0.00237056
2.3006
0.00218872
2.27312
0.00227316
1.30924
0.0020063
1.33393
0.00202206
1.19366
0.00236235
0.944155
0.00195528
2.09194
0.002173
0.906781
0.00233877
0.502607
0.00198853
0.395853
0.00208283
0.431523
0.00201454
0.344569
0.00215394
0.233853
0.00189444
0.222794
0.00193245
0.245004
0.00204443
0.190306
0.0021972
0.119426
0.00282113
0.0754112
0.00205446
0.0654714
0.0019786
0.077851
0.00213912
0.0702218
0.00188841
0.0680484
0.00185375
0.079934
0.00190757
0.0571228
0.00222931
0.031346
0.00203453
0.0243641
0.00201311
0.0208061
0.00180568
0.0254156
0.0021394
0.0177877
0.00197642
0.0404434
0.00193745
0.0234933
0.00202726
0.0130368
0.0018671
0.00908543
0.00206726
0.00719154
0.00197045
0.00693965
0.00218162
0.007075
0.00224349
0.0039712
0.00338786
0.00240748
0.00508443
0.0021325
0.00580252
0.00217079
0.00843992
0.00219139
0.00937629
0.00196149
0.0057473
0.0022084
0.00750328
0.00215876
0.012962
0.0020022
0.0185089
0.00219576
0.0348321
0.00194843
0.0627043
0.00207099
0.105216
0.00182673
0.0987143
0.00188921
0.157496
0.00171807
0.185495
0.00173445
0.0983679
0.00209941
0.0754908
0.00188448
0.154489
0.00165931
0.0889103
0.0017426
0.0560314
0.00180619
0.0597854
0.00197458
0.0834704
0.00237707
0.498755
0.00169914
0.650485
0.00189093
0.841858
0.00173671
1.09813
0.00177336
0.866689
0.00173496
0.437234
0.00193531
0.697569
0.00165822
0.586483
0.00171315
0.577398
0.00188176
0.879512
0.00174605
0.795501
0.00175357
0.976004
0.00179442
1.29179
0.00163846
1.01699
0.00173877
0.671331
0.00177091
0.914874
0.00201876
1.42115
0.00188107
1.23694
0.00177613
1.19417
0.0021543
2.92827
0.00206253
3.0277
0.00203878
2.91198
0.00182545
1.28469
0.00194325
0.862723
0.00156788
1.16764
0.00159863
1.29672
0.00152614
1.61129
0.00152557
2.41239
0.00180176
2.4573
0.00190956
2.47044
0.00164692
1.99028
0.00154129
2.45606
0.00159921
3.05603
0.00175799
2.7028
0.001861
1.89934
0.0015837
1.68033
0.00171964
1.23618
0.00170562
0.961553
0.00159245
0.856599
0.00190069
0.370109
0.00211067
0.329741
0.0017432
0.349576
0.00172642
0.235339
0.00169066
0.242797
0.00164638
0.167387
0.00164768
0.178741
0.00156086
0.169455
0.0017134
0.0765676
0.00166762
0.0434103
0.00164087
0.0385331
0.0017429
0.0415035
0.00165418
0.0389952
0.00170301
0.0582316
0.00172152
0.0428534
0.00183691
0.0159987
0.00184755
0.00705035
0.00159383
0.00573288
0.00150365
0.00698743
0.00206503
0.00339538
0.00183257
0.00268594
0.00229277
0.00212382
0.00341703
0.00214578
0.00954132
0.0018866
0.0107767
0.00164145
0.00891276
0.00156603
0.00781706
0.00164652
0.00882322
0.00171046
0.0162727
0.00145545
0.0122527
0.00157563
0.00743365
0.0016858
0.00895107
0.00146641
0.00825822
0.0016633
0.00969252
0.00164265
0.0103552
0.00158221
0.0121876
0.00152565
0.0116064
0.00153831
0.00423693
0.00176143
0.00452858
0.00182381
0.0118753
0.0015153
0.0171907
0.00162797
0.0225281
0.00202984
0.0615695
0.00184843
0.179332
0.00158349
0.230267
0.0014563
0.216832
0.00152624
0.195864
0.00147007
0.105408
0.00142725
0.0542224
0.00162826
0.0367065
0.00167925
0.0452469
0.00150664
0.05743
0.00171687
0.107666
0.00161586
0.205535
0.00186326
0.505771
0.00145421
0.712079
0.00157877
0.801959
0.00162146
1.14743
0.00174461
2.01684
0.00155199
1.66899
0.00151144
1.16656
0.00133665
0.811298
0.00142903
0.756368
0.00215927
1.84007
0.00157189
3.0632
0.00159218
3.57862
0.00146884
3.47521
0.00168565
3.46619
0.0014198
3.81105
0.0014965
3.5972
0.00140818
3.92117
0.00137967
3.60586
0.00156183
3.42983
0.00141192
2.9916
0.00132035
2.58619
0.00149352
3.02352
0.00147624
3.54039
0.00150952
2.99408
0.00137309
2.93155
0.00149839
1.49746
0.00146496
0.998149
0.00133903
1.30495
0.00138577
0.948311
0.00208103
0.614235
0.00140614
0.545952
0.00156702
0.355012
0.00143714
0.470145
0.00139003
0.337033
0.00153123
0.2109
0.001398
0.111738
0.00156727
0.0485876
0.0014541
0.0230818
0.00157442
0.0163705
0.00145733
0.0127132
0.00134379
0.0157765
0.00133316
0.0280187
0.00143699
0.0261653
0.00144528
0.015566
0.00145665
0.0069163
0.0014729
0.00414622
0.00165415
0.00300614
0.00142971
0.00251909
0.00138494
0.00265291
0.00142869
0.00422565
0.00132472
0.00420815
0.00146384
0.00251259
0.00256247
0.00152126
0.00185144
0.00290452
0.00124288
0.00590557
0.00117544
0.00707417
0.00135185
0.0040296
0.00133241
0.00287921
0.0013196
0.00222393
0.00145952
0.00179302
0.00169831
0.00172661
0.0023343
0.00134937
0.00224404
0.00147662
0.00268314
0.0017299
0.00175304
0.00175162
0.0015923
0.00194059
0.00161058
0.00208929
0.00195286
0.00160086
0.00169639
0.00200952
0.00241511
0.0013945
0.00335057
0.00166472
0.00987829
0.00143035
0.0207049
0.00113087
0.0251413
0.00128856
0.0287159
0.00120323
0.0460356
0.00110089
0.0303339
0.00124634
0.0147978
0.0013836
0.034806
0.00113988
0.0377908
0.00146841
0.0818339
0.00108542
0.093165
0.00126428
0.136178
0.00123962
0.203539
0.00122464
0.251906
0.0012962
0.50618
0.00107397
0.31196
0.00108323
0.2172
0.00121257
0.205966
0.00114124
0.120217
0.00118309
0.0950391
0.00115951
0.113385
0.00151094
0.352873
0.00122581
1.19791
0.00102542
1.07853
0.00106083
1.09677
0.00117188
1.52099
0.0012384
2.32739
0.00105921
2.67933
0.00102397
1.44528
0.00114421
0.977012
0.00121555
1.10169
0.00114349
1.35815
0.00112929
1.88425
0.0011297
2.44511
0.00110629
1.94415
0.00138318
2.51635
0.00108139
2.78141
0.001122
2.6095
0.0010661
2.7812
0.00107164
2.08361
0.00122497
1.56997
0.00114415
1.67293
0.00147418
0.509517
0.00120133
0.24889
0.000990264
0.277246
0.00098159
0.233978
0.00131866
0.075128
0.00107688
0.0638247
0.00119229
0.0423024
0.00104813
0.0411581
0.00101681
0.0538577
0.00102683
0.0967963
0.00105549
0.135328
0.00104224
0.244322
0.00103089
0.236679
0.00106233
0.19605
0.00110492
0.142558
0.00115535
0.0833916
0.00107971
0.0504277
0.00116337
0.0357151
0.000995748
0.034874
0.00106905
0.0277483
0.00130892
0.00904166
0.00132429
0.00485298
0.0010411
0.0108184
0.000997593
0.0129743
0.00101337
0.0122557
0.000966693
0.0124007
0.00101522
0.00908947
0.00115678
0.00434707
0.00114865
0.00256346
0.00134664
0.00215544
0.00111733
0.00278823
0.0011503
0.00202824
0.00136619
0.00131453
0.00148508
0.00168469
0.00120665
0.00280392
0.00115125
0.00241426
0.00120921
0.00141311
0.00159288
0.00123511
0.00156023
0.00131535
0.00160738
0.00123072
0.00206377
0.00138038
0.00656132
0.00109974
0.0237976
0.00110615
0.0410286
0.00109896
0.0696062
0.000952026
0.0345461
0.00100223
0.0228522
0.000956972
0.0221653
0.000934013
0.0209693
0.00105538
0.0173501
0.000943428
0.0178746
0.00091752
0.0107204
0.00108292
0.0145351
0.000934497
0.0151494
0.000948591
0.0207877
0.00112284
0.0297479
0.000919283
0.0351745
0.000873328
0.0248217
0.00116975
0.0190716
0.000904828
0.0182317
0.00103382
0.0241021
0.00124647
0.0988371
0.00112822
0.270512
0.000949963
0.481144
0.00110129
1.17501
0.00106231
1.94675
0.00100546
2.21948
0.000924723
1.80588
0.00115343
2.32791
0.000851996
1.7981
0.000834032
0.725106
0.000976809
0.829762
0.000968978
1.92061
0.000857648
1.99022
0.00103805
2.20737
0.000895334
2.33074
0.00104523
1.90378
0.000933384
2.13526
0.000908625
2.08228
0.000895464
1.87701
0.00103389
1.77849
0.00104366
1.47904
0.00105114
0.487085
0.0011331
0.316029
0.0008229
0.338261
0.000857473
0.388149
0.00101066
0.350616
0.000867648
0.425696
0.000818953
0.632606
0.00088237
0.512257
0.000885081
0.470756
0.000888145
0.44527
0.00088679
0.83263
0.00078239
1.79741
0.000856785
1.13545
0.000978859
0.743749
0.00100641
0.348203
0.000949796
0.254744
0.000978634
0.149338
0.000941772
0.0771571
0.000900468
0.0554773
0.000887849
0.021332
0.00124366
0.0107444
0.00096892
0.0141388
0.000871007
0.0171121
0.000893982
0.0236482
0.000826933
0.028357
0.0010316
0.0117193
0.000840241
0.0160736
0.00079017
0.0244369
0.000849696
0.0200872
0.00100213
0.00809015
0.000906062
0.00765817
0.000836468
0.00783881
0.000875995
0.00796263
0.0008417
0.0120026
0.00106027
0.00922375
0.000893156
0.00792621
0.00091509
0.00422685
0.00092679
0.00287265
0.000844192
0.00291987
0.000991771
0.0015341
0.00180747
0.000968678
0.00199818
0.00104574
0.0020771
0.00092567
0.00187857
0.000983679
0.0015081
0.000995839
0.00188909
0.00110732
0.00164105
0.00111394
0.00147507
0.000949006
0.00157808
0.00106152
0.00167646
0.001014
0.00268868
0.000919981
0.00354655
0.00104175
0.0102079
0.000840211
0.0211624
0.000811258
0.0275598
0.000861022
0.0328202
0.000864606
0.0272862
0.000835098
0.0171869
0.000817113
0.00909491
0.000907372
0.0115069
0.00119532
0.0358555
0.000905278
0.0875456
0.000899835
0.0703166
0.000813051
0.0756187
0.000818653
0.0753353
0.000892839
0.0886763
0.000905808
0.168157
0.0008947
0.268794
0.000858385
0.308375
0.000781106
0.135913
0.000795321
0.0660245
0.000942106
0.0856246
0.000937951
0.192322
0.000831637
0.199533
0.000857499
0.317913
0.000796431
0.428281
0.000945844
0.760799
0.00086326
0.923389
0.000954182
1.45738
0.000842608
1.05011
0.00118722
1.65302
0.000941514
1.97882
0.000821874
1.87199
0.00084382
1.92143
0.000908013
2.04244
0.000800144
2.20165
0.00094699
1.45477
0.000897024
1.08396
0.000906007
0.604317
0.00090485
0.555708
0.000831329
0.380479
0.000781081
0.344457
0.000876911
0.536489
0.000771904
0.997863
0.000819021
0.897687
0.000898871
0.53501
0.00077021
0.448684
0.000758124
0.454387
0.000885334
0.310457
0.000856235
0.311383
0.00110434
0.0960779
0.000947639
0.05036
0.00086734
0.0269142
0.000845512
0.0248855
0.000754693
0.0667886
0.000802683
0.0701393
0.000868382
0.0661074
0.000743704
0.0517557
0.000785418
0.0277876
0.000827328
0.0127139
0.000951186
0.00414075
0.000883529
0.00360161
0.000778496
0.0051072
0.000770462
0.00449937
0.000918282
0.00647933
0.000733178
0.0122601
0.000855441
0.00862114
0.000802161
0.0121035
0.000831736
0.00854696
0.000900013
0.00487132
0.00112725
0.00148794
0.000989461
0.00135942
0.00128659
0.000929124
0.00219867
0.000804698
0.00247546
0.000859176
0.00262527
0.000867111
0.00531
0.000719365
0.00314084
0.000857731
0.00146168
0.000975851
0.00152113
0.00093267
0.00209826
0.000817154
0.00356812
0.000711326
0.00301567
0.00073957
0.00315542
0.000758523
0.0040878
0.000731151
0.00455889
0.000740868
0.00292805
0.00076743
0.00215234
0.000811913
0.00263678
0.000925557
0.00424932
0.000977379
0.00678908
0.000763496
0.0112233
0.000828319
0.0227114
0.00068666
0.020935
0.000669802
0.0177046
0.000721758
0.0173611
0.000798634
0.0255264
0.000750545
0.0333567
0.000855399
0.053634
0.000727616
0.0896626
0.000663915
0.0647982
0.000793117
0.044944
0.000681616
0.0359506
0.000699039
0.0399723
0.00081478
0.0913237
0.000703856
0.13551
0.000812571
0.137031
0.000776368
0.257209
0.000693783
0.386658
0.000673514
0.464637
0.000810523
0.756479
0.000885278
1.55002
0.000701505
1.67927
0.00068451
1.30267
0.000663623
1.10062
0.000724332
1.41447
0.000637625
1.69729
0.000588551
1.36936
0.000686772
1.37733
0.000654279
1.51708
0.000654164
1.53658
0.000719773
1.12214
0.00067993
0.911553
0.000650768
1.35856
0.000610429
1.67833
0.000720086
1.33168
0.000673211
1.69437
0.000626528
1.46763
0.000672555
1.48509
0.000674719
1.00164
0.000884067
0.302808
0.000678007
0.226421
0.000586198
0.30466
0.000588508
0.315966
0.000608804
0.227572
0.000669599
0.11303
0.000723491
0.166156
0.000581155
0.2016
0.000663295
0.112535
0.000626781
0.095738
0.000634165
0.0477762
0.000718129
0.0235525
0.000627481
0.0138946
0.00070526
0.00918759
0.000572776
0.0167509
0.000542997
0.017427
0.000660545
0.00954035
0.000613738
0.0107073
0.000587995
0.0210106
0.000584981
0.0217689
0.000663521
0.00642495
0.000766395
0.00375517
0.000574054
0.00286649
0.000655195
0.00164509
0.000583288
0.0018471
0.000624203
0.00166765
0.000622731
0.00112612
0.000691107
0.00085564
0.00065041
0.00164058
0.000520909
0.00384308
0.000508902
0.00922558
0.000546812
0.00586792
0.000589522
0.00312911
0.000569611
0.00322743
0.00063268
0.00263961
0.000573914
0.00278725
0.000536091
0.00262646
0.000616981
0.00123021
0.000667842
0.000872947
0.0018098
0.000581074
0.00376391
0.000625094
0.00236148
0.000591946
0.00322199
0.000601615
0.00410565
0.000598279
0.0114302
0.000545219
0.0106072
0.000608542
0.0215734
0.000589457
0.0378332
0.000579799
0.0922262
0.000519392
0.0977184
0.000655172
0.18106
0.000494948
0.120082
0.000501611
0.0732337
0.000535534
0.0398661
0.00055549
0.0401398
0.000507924
0.0378011
0.000509294
0.0318844
0.000510147
0.0400611
0.000492908
0.0303141
0.000573965
0.0370965
0.000701928
0.128659
0.000564021
0.420731
0.000495281
0.42183
0.000520512
0.365029
0.000518262
0.298412
0.000550773
0.173196
0.000558206
0.289418
0.000488103
0.364148
0.000495712
0.376271
0.000495537
0.375233
0.000510329
0.440335
0.000497228
0.355004
0.000508995
0.266234
0.000523226
0.277575
0.000534189
0.375401
0.000561565
0.629899
0.000601782
0.742961
0.000530785
0.633232
0.000515741
0.623488
0.000552985
0.757674
0.000686954
1.03742
0.000589642
0.543213
0.000529607
0.38306
0.000516747
0.210467
0.00058498
0.0859536
0.000557282
0.0624807
0.000505462
0.0655955
0.000524537
0.0817483
0.000496821
0.155609
0.000538254
0.11116
0.000533483
0.0719871
0.00044854
0.139478
0.000440081
0.255346
0.000507811
0.119202
0.000573777
0.0694219
0.000485311
0.0493927
0.000553951
0.0267428
0.00047545
0.0366474
0.000458219
0.0378508
0.000526055
0.0381683
0.000697322
0.0168177
0.000487586
0.0220226
0.000437331
0.0233079
0.000535063
0.0114801
0.000476951
0.0118569
0.000482812
0.0106347
0.000522762
0.00623987
0.000521905
0.00381556
0.000516192
0.00322029
0.000453517
0.00459889
0.000525498
0.00422913
0.000525372
0.00358086
0.000614595
0.00368572
0.000455997
0.00451695
0.000505989
0.00303399
0.000512053
0.0018126
0.00048937
0.00169878
0.000511479
0.00154837
0.000583246
0.00107771
0.000544491
0.00093544
0.000978015
0.000585907
0.00180939
0.000544822
0.00279962
0.000524
0.00373815
0.00057463
0.00324334
0.000495009
0.00354671
0.000447798
0.0034481
0.000454445
0.00418215
0.00048951
0.00604264
0.000473674
0.00540136
0.000477777
0.00521697
0.000513982
0.00495813
0.000487818
0.00447137
0.00048739
0.00631165
0.000495931
0.0111438
0.000466979
0.00649532
0.000470629
0.00344963
0.000499787
0.00319916
0.000525075
0.00577405
0.000538219
0.0124517
0.000661538
0.0416125
0.000506484
0.0689714
0.000469769
0.0784639
0.000534325
0.16124
0.000514296
0.289473
0.000506888
0.452771
0.000463453
0.292354
0.000562947
0.239754
0.00051882
0.436745
0.000456121
0.346591
0.000464131
0.326746
0.000444215
0.294219
0.000483032
0.184708
0.000507663
0.33558
0.00047604
0.478043
0.000484684
0.575419
0.000530387
1.10114
0.00044284
1.14525
0.000455372
0.917816
0.000525048
0.615592
0.000554599
1.02021
0.000654971
0.718481
0.000471794
0.538136
0.000490773
0.232235
0.000515606
0.126447
0.000445145
0.147957
0.000426314
0.13836
0.00047848
0.109209
0.000472664
0.158507
0.000439362
0.182406
0.000419224
0.412908
0.00043408
0.756519
0.000413706
1.06013
0.000459485
0.61588
0.000518323
0.518197
0.000428417
0.577177
0.000488395
0.348505
0.000475763
0.291676
0.000507117
0.156681
0.000542492
0.0632737
0.000580182
0.0167802
0.000498734
0.0169763
0.000447891
0.0239652
0.000452419
0.0433517
0.000439766
0.0355207
0.000481096
0.0177334
0.000457734
0.0128398
0.000437638
0.0123126
0.000469272
0.0117226
0.00044943
0.0128474
0.000518442
0.00833865
0.000454076
0.0085132
0.00041664
0.0075852
0.000468141
0.00428205
0.000453124
0.00729852
0.000462012
0.00674729
0.000487241
0.00469033
0.000445305
0.00275193
0.000553213
0.00112033
0.000448101
0.00133672
0.000579312
0.000541614
0.00112822
0.000455565
0.00121963
0.000484157
0.00162091
0.000417504
0.00188038
0.000443103
0.001382
0.000499376
0.000837362
0.000592472
0.000582978
0.00066552
0.000574722
0.000612423
0.0007739
0.000598019
0.00057056
0.000652897
0.000742332
0.000474957
0.000990923
0.000515455
0.00175344
0.000457425
0.00431544
0.000389173
0.0029613
0.00042911
0.0027301
0.000443738
0.00456999
0.00044552
0.0029346
0.000474519
0.0030028
0.000608332
0.0088171
0.000415156
0.0133177
0.000385119
0.0102616
0.000461111
0.0180304
0.000431671
0.0312497
0.000445196
0.0457804
0.000448121
0.0852885
0.000421643
0.0615444
0.000422688
0.062589
0.000423847
0.0675137
0.000421272
0.0379755
0.000441732
0.0324493
0.000435808
0.0357604
0.000443421
0.0614816
0.000427952
0.0800977
0.000495256
0.218193
0.000388689
0.249343
0.000417849
0.23472
0.0003997
0.24475
0.000470746
0.316547
0.000511982
0.762685
0.000484353
0.936501
0.000403494
0.87743
0.000468661
0.914308
0.000389523
0.784043
0.000429069
0.623203
0.000377281
0.721889
0.000375325
0.85236
0.000455196
0.592484
0.000430642
0.363337
0.000447346
0.254928
0.000404094
0.166474
0.000439294
0.0802665
0.000354772
0.136703
0.000420908
0.157301
0.000377719
0.198807
0.000352151
0.238399
0.00037185
0.278109
0.00035269
0.324205
0.000387094
0.140506
0.000540654
0.0358947
0.000387368
0.0210684
0.000381449
0.0152053
0.000392908
0.0147864
0.000373248
0.0184707
0.000381112
0.033007
0.000348167
0.0519353
0.000391315
0.0571403
0.000356066
0.0612177
0.000388172
0.0463765
0.000399179
0.0347344
0.000357136
0.0330207
0.000398955
0.0147328
0.000404838
0.0075502
0.000329937
0.00876034
0.000338995
0.0115406
0.00033769
0.00900608
0.000373502
0.0136039
0.00036355
0.0131264
0.000516118
0.00271637
0.000371021
0.00136392
0.000491508
0.000492637
0.000485749
0.000508884
0.00044456
0.000590426
0.00053654
0.000484277
0.000526353
0.000545323
0.000520187
0.000431799
0.000589322
0.000398992
0.000672177
0.000467041
0.00092433
0.0004116
0.000604842
0.000450179
0.000480586
0.000414756
0.00050353
0.000445344
0.000622678
0.000406355
0.000765585
0.000362534
0.000635418
0.000376396
0.000785155
0.000405716
0.00148479
0.000349126
0.00149632
0.000413664
0.00235166
0.00041419
0.00839921
0.000334006
0.00502784
0.000338379
0.00353701
0.00036415
0.00589376
0.000332494
0.00706268
0.000369119
0.00793651
0.000315305
0.00597464
0.000340613
0.00624995
0.000321999
0.00840625
0.000322056
0.0099243
0.000402739
0.0293665
0.000324853
0.0312429
0.000347386
0.0395793
0.000331344
0.0261211
0.000328788
0.0181042
0.000388583
0.0387449
0.00033164
0.0710205
0.000383874
0.206086
0.000323967
0.389939
0.000311299
0.476912
0.000350435
0.483079
0.000419377
0.760701
0.000303985
0.862174
0.000303982
0.762472
0.000357514
0.768714
0.000302767
0.621541
0.000307357
0.480273
0.000295783
0.468712
0.000331176
0.46669
0.000311841
0.49315
0.000338359
0.6325
0.000294087
0.792257
0.000280454
0.579216
0.000323297
0.627656
0.000342653
0.723027
0.000337364
0.716301
0.000316596
0.785073
0.000309412
0.68799
0.000321659
0.699683
0.000394726
0.419082
0.000347636
0.292238
0.000317063
0.16923
0.000317145
0.186698
0.000317284
0.184385
0.000322389
0.172583
0.000331665
0.113013
0.000300564
0.105976
0.000339835
0.0558632
0.00033924
0.0299306
0.000347124
0.0455531
0.000296699
0.0364102
0.000338905
0.013361
0.000322159
0.00767425
0.000354315
0.00370422
0.00028858
0.00324155
0.00027446
0.00372584
0.00029751
0.00392879
0.000320035
0.00297753
0.000281884
0.00352894
0.00028049
0.00451584
0.000455706
0.00214357
0.000301483
0.00198264
0.000350579
0.00166813
0.000295408
0.00191035
0.000278105
0.00174677
0.000300149
0.00143714
0.000279284
0.00136504
0.00028856
0.00113815
0.000324408
0.000767581
0.000340173
0.000689921
0.000309107
0.000537679
0.000410947
0.000488109
0.000339147
0.000908214
0.000283433
0.00129908
0.00028021
0.00129306
0.000322991
0.000739457
0.000330643
0.000621528
0.000315679
0.000578327
0.000350925
0.000424908
0.000758288
0.000348431
0.00158703
0.00031316
0.00149278
0.000332462
0.00330355
0.000313566
0.00750471
0.0002741
0.00582325
0.000330134
0.0046773
0.000282622
0.00428532
0.000299999
0.00541666
0.000289073
0.00902301
0.000306581
0.0126487
0.000320205
0.0211506
0.000278536
0.0249231
0.000331058
0.0366027
0.000285695
0.081358
0.000268064
0.109561
0.000267145
0.108951
0.000259712
0.0489194
0.000271996
0.0258211
0.000261085
0.0209607
0.000264027
0.0227064
0.000430388
0.0622837
0.000268646
0.0680402
0.000263378
0.0879805
0.000282788
0.100565
0.000289125
0.134735
0.000267167
0.210008
0.000299683
0.394335
0.000259342
0.386398
0.000258969
0.155869
0.000264142
0.123991
0.000276834
0.111513
0.000266676
0.128331
0.000271244
0.138182
0.000341445
0.378298
0.000273715
0.634933
0.000285594
0.642047
0.000282369
0.629332
0.000292319
0.651772
0.000265921
0.656975
0.000340585
0.312586
0.000298842
0.403853
0.000245778
0.675384
0.000274859
0.560621
0.000274061
0.355163
0.000288955
0.195276
0.000305287
0.0954434
0.000261939
0.0676828
0.00028314
0.0408419
0.000253767
0.0455556
0.000227254
0.0659875
0.000283241
0.0340627
0.000271553
0.0498038
0.00026503
0.0597892
0.000276069
0.044154
0.000265689
0.0240697
0.000287284
0.020843
0.000236451
0.0366929
0.000239812
0.0390249
0.00027093
0.0251741
0.000315518
0.00632376
0.000299696
0.00358409
0.000273967
0.00237633
0.000255581
0.00169699
0.00028151
0.00132703
0.000247043
0.00300385
0.000238288
0.0026445
0.000242885
0.00253212
0.000253877
0.00205396
0.000264273
0.00143552
0.000251365
0.00115711
0.000307678
0.000520114
0.000285599
0.000509997
0.000331486
0.000319497
0.000351197
0.000303485
0.000361316
0.000358036
0.000404773
0.000317507
0.000383483
0.000395326
0.000343155
0.000416017
0.000299847
0.000503855
0.000279803
0.000422287
0.000427786
0.000297132
0.00102608
0.000239434
0.00152881
0.000254373
0.00261793
0.000236791
0.00437274
0.000215207
0.00406024
0.000260281
0.00508625
0.000255345
0.0121961
0.000224561
0.00762646
0.000256655
0.00558271
0.000225683
0.0057614
0.000230527
0.00694062
0.000217071
0.00878232
0.000226712
0.00938146
0.000210479
0.00465725
0.000204036
0.0034543
0.000221795
0.00443969
0.000227143
0.00584149
0.000293841
0.00989386
0.000288909
0.0270211
0.000237579
0.0286376
0.000226321
0.0156828
0.000267142
0.0286441
0.000230294
0.0408906
0.000248892
0.0760816
0.000267113
0.152953
0.000224062
0.180266
0.000225833
0.219936
0.000228405
0.351338
0.000202185
0.320229
0.000213708
0.265937
0.000217826
0.207769
0.000212181
0.11039
0.000227412
0.0837947
0.000240754
0.0946718
0.000218266
0.0887463
0.00021456
0.12291
0.000221803
0.176871
0.00023161
0.278539
0.000308405
0.500948
0.000205271
0.488617
0.000247828
0.249562
0.000232239
0.111999
0.000230174
0.135668
0.000192293
0.30583
0.00021565
0.254418
0.00021562
0.219994
0.000226974
0.0971655
0.000217146
0.109464
0.000185874
0.154514
0.000209601
0.106947
0.000229623
0.122352
0.000204854
0.101466
0.000232881
0.0855822
0.000199857
0.0985349
0.000180429
0.108544
0.000219891
0.0932706
0.000230604
0.101385
0.000216614
0.0393256
0.000262617
0.0119733
0.000260571
0.00427851
0.000205473
0.00409963
0.000205704
0.0024254
0.000227903
0.00166246
0.000196856
0.00155778
0.000218722
0.00118528
0.000201436
0.00108293
0.00023779
0.00120601
0.000180865
0.00335377
0.000175394
0.00474304
0.000183045
0.00649585
0.000211409
0.00591479
0.000219153
0.00438878
0.000211808
0.00247152
0.000201893
0.00155746
0.000199828
0.0010313
0.000199205
0.000835541
0.000215582
0.000489153
0.00024257
0.000359661
0.000447121
0.000243095
0.000326657
0.000311501
0.000303975
0.000244578
0.000441828
0.000195491
0.00038476
0.000212667
0.000374183
0.000202984
0.000374306
0.000213895
0.000299302
0.000244225
0.000271228
0.000251468
0.000250975
0.000308642
0.000320616
0.000264802
0.000345517
0.000223723
0.000587431
0.000197133
0.000482896
0.000247679
0.000348842
0.00023473
0.000324672
0.000215676
0.000380676
0.000215618
0.000362317
0.000214254
0.000450113
0.000278789
0.00178937
0.000191574
0.00392793
0.00020175
0.00649341
0.000173463
0.00809356
0.000177337
0.00880834
0.000187906
0.00674364
0.000184133
0.00425271
0.00018826
0.00304756
0.000193572
0.00490931
0.000190834
0.00856575
0.000191889
0.00997766
0.000177775
0.00745705
0.000191906
0.0121683
0.000173774
0.0109313
0.000169143
0.0102681
0.000202967
0.0146481
0.000201298
0.0245494
0.000184354
0.0342643
0.000205675
0.038857
0.000187738
0.0284536
0.000236504
0.0530478
0.000223753
0.190363
0.000179309
0.311457
0.000194152
0.343351
0.00019196
0.447518
0.000178655
0.387152
0.000187017
0.326251
0.000180896
0.242344
0.000192249
0.184772
0.000203413
0.147836
0.000193034
0.155481
0.00019542
0.166924
0.000183058
0.205847
0.000169549
0.189199
0.000178742
0.153062
0.000175225
0.0846191
0.000182518
0.0434176
0.000191661
0.0169758
0.000173166
0.0145788
0.000165797
0.0158818
0.000192216
0.00869509
0.000176354
0.00656973
0.000244733
0.00433841
0.000166052
0.00484266
0.000184838
0.00351684
0.000172604
0.00198983
0.000181273
0.00189012
0.000164206
0.00191253
0.000164162
0.00220357
0.000176291
0.00238176
0.000161025
0.00259384
0.000148872
0.00281604
0.00015028
0.00339045
0.000150315
0.0049606
0.000146704
0.0125693
0.000163292
0.0143906
0.000203469
0.00801148
0.000156245
0.00621445
0.000145981
0.00566275
0.000201
0.00119986
0.00018137
0.000786749
0.000203462
0.000308158
0.000205256
0.00022967
0.000226719
0.00019573
0.000322277
0.00023894
0.000214544
0.000261855
0.0002159
0.000420125
0.000169062
0.000413236
0.000208198
0.000256306
0.000217845
0.000247514
0.000243391
0.000199986
0.000324907
0.00017459
0.000299006
0.000187327
0.000262645
0.000204372
0.000274751
0.000191857
0.000288203
0.000184413
0.000390296
0.000162934
0.000462371
0.000181075
0.000352112
0.000237771
0.000437514
0.000193005
0.00104982
0.000164292
0.00150216
0.000161069
0.00193208
0.00015109
0.00164509
0.000172581
0.00232187
0.000163847
0.0027382
0.000165415
0.00275693
0.000167698
0.00291876
0.000147281
0.00311733
0.000151558
0.00330909
0.000175282
0.00509461
0.000158478
0.00461972
0.000167961
0.00333054
0.000161468
0.00493893
0.000188273
0.0113156
0.000149984
0.0176229
0.000157865
0.023533
0.000183895
0.072093
0.000150494
0.087539
0.000163569
0.124827
0.000176097
0.179018
0.000191087
0.293559
0.000184009
0.366508
0.000139548
0.384554
0.00014115
0.257697
0.000170025
0.245483
0.000155546
0.320965
0.000143209
0.252217
0.000143966
0.234578
0.000152735
0.284067
0.000164317
0.376261
0.000145854
0.36775
0.000157957
0.365697
0.000147587
0.340286
0.000162541
0.250155
0.000143432
0.351915
0.000132284
0.379501
0.000133036
0.346147
0.000155117
0.328538
0.000171713
0.204306
0.000187947
0.0709522
0.000172769
0.0391774
0.000145484
0.0479273
0.00014897
0.0412053
0.000152649
0.0483795
0.00013394
0.0572726
0.000136671
0.0428728
0.00014938
0.0414155
0.000148279
0.0611634
0.000168166
0.0182511
0.00015241
0.011005
0.000136166
0.00810626
0.000154318
0.0068831
0.000136289
0.00716173
0.000138455
0.00521757
0.000173276
0.00272939
0.000142463
0.00240876
0.0001383
0.00226797
0.000131507
0.00292945
0.000141117
0.0041306
0.00018486
0.00134311
0.000170835
0.000682744
0.000142689
0.00100003
0.000132927
0.00114992
0.000125714
0.001589
0.000128126
0.00169536
0.000136007
0.000996455
0.000144224
0.000539896
0.000134047
0.000446731
0.000152308
0.000376415
0.000140203
0.00050158
0.000147185
0.000818666
0.00014045
0.000681206
0.000152411
0.000437559
0.000151731
0.000374904
0.000139227
0.000319124
0.000140664
0.000276947
0.000154643
0.000323174
0.000183779
0.000182581
0.000353987
0.000166208
0.000371804
0.000150121
0.000452878
0.000161978
0.000914573
0.000140609
0.00137089
0.000154182
0.00157327
0.000129567
0.000817211
0.000134358
0.000890479
0.000146913
0.00108151
0.000147455
0.00181163
0.00012975
0.00222485
0.000141226
0.00237133
0.000142104
0.00382582
0.000132859
0.00517027
0.000145129
0.0119541
0.000145737
0.0243568
0.0001434
0.0443843
0.000123425
0.0197056
0.000129627
0.0136523
0.000133618
0.019611
0.000136032
0.0215137
0.000148432
0.0229038
0.000167959
0.0812719
0.000146796
0.188109
0.000126676
0.259285
0.000121377
0.261623
0.000142788
0.293861
0.000127952
0.253688
0.000136919
0.263922
0.000121595
0.302794
0.000144063
0.273907
0.000117133
0.318394
0.000120127
0.32006
0.000117786
0.327598
0.000117036
0.302417
0.000132333
0.30663
0.000113577
0.332538
0.000125203
0.250839
0.000139445
0.258378
0.000141516
0.175731
0.000127737
0.152479
0.000137737
0.0754292
0.000161526
0.0672135
0.000111147
0.147769
0.000103773
0.189223
0.000109696
0.207484
0.000120333
0.181257
0.000121412
0.114096
0.000122229
0.0983541
0.000126734
0.0527402
0.000136515
0.023041
0.000128412
0.0144371
0.000116319
0.0169021
0.000112485
0.0305712
0.000116664
0.0483117
0.000123873
0.0372275
0.000122247
0.0243353
0.000130764
0.0159086
0.000120618
0.0222685
0.000112349
0.0170047
0.000138628
0.00466085
0.000149675
0.00150395
0.000128594
0.00119963
0.000111363
0.00118458
0.000111017
0.00134905
0.000107927
0.00144451
0.000123169
0.00211148
0.000128576
0.0014815
0.000107781
0.00219226
0.000106942
0.00219858
0.000127375
0.00158119
0.000107871
0.00143868
0.000149703
0.000474649
0.00011368
0.000330439
0.000122187
0.000231975
0.000126004
0.00037213
0.000120514
0.000260154
0.000143886
0.000197552
0.000120441
0.000343855
0.000138962
0.000347371
0.000122026
0.000279093
0.000203602
0.000127925
0.000212602
0.000118112
0.000327359
0.000116727
0.00051421
0.000121658
0.00116635
0.000111633
0.00189758
0.000108598
0.00230836
0.000114472
0.00342164
0.00012197
0.00576168
0.000121271
0.0046115
0.000113306
0.00499033
0.000108106
0.00456707
0.00011565
0.00603539
0.00010108
0.00411319
0.000125058
0.00489724
0.000101968
0.00622424
0.000101682
0.00468565
0.000112943
0.00580163
0.000106456
0.00610982
0.000112946
0.00883152
0.000144096
0.0274936
0.000114377
0.0710318
0.000105172
0.0504377
0.000117801
0.0375281
0.000107843
0.0482947
9.8608e-05
0.0538431
9.73967e-05
0.0477141
0.000135874
0.0863432
0.000101521
0.143079
9.87124e-05
0.170816
0.000127186
0.235217
0.000101053
0.267969
9.87131e-05
0.219295
9.76609e-05
0.199228
9.7859e-05
0.157769
9.74244e-05
0.0882889
9.91966e-05
0.0452314
0.000112272
0.0597893
9.53801e-05
0.0548222
0.000132765
0.130424
0.000119734
0.239682
0.000102479
0.264455
0.000104384
0.21367
0.000102581
0.203046
0.000103667
0.101423
0.000118993
0.0613553
0.000105813
0.0505254
0.000110643
0.0857247
9.24496e-05
0.146512
8.9463e-05
0.228568
9.98541e-05
0.188425
0.000102331
0.170516
9.95266e-05
0.176482
0.000116946
0.14394
9.63202e-05
0.173311
9.33983e-05
0.168818
0.000104274
0.093333
0.000105418
0.0475677
0.000126309
0.0166561
0.000109346
0.0126881
0.000144592
0.00867029
0.000100472
0.00704467
0.000104018
0.00385669
0.000106238
0.00299246
9.6724e-05
0.00226966
9.66931e-05
0.00155746
0.000115122
0.00101464
9.93355e-05
0.00111487
0.00011133
0.00080314
9.72357e-05
0.00140532
9.27638e-05
0.00135451
9.85397e-05
0.00146699
0.000106213
0.00218018
0.00010013
0.00266565
0.000115325
0.00153436
9.97777e-05
0.00137578
0.000102463
0.00082998
0.00010923
0.000442523
0.000108866
0.000449922
0.000103404
0.000277235
0.000172472
0.000119421
0.000178051
0.000111876
0.000183888
0.000127217
0.000301677
0.000104344
0.000388668
0.000122768
0.000402657
0.000104144
0.000331596
0.00010994
0.000544693
9.72367e-05
0.000562834
9.59071e-05
0.000448585
0.000113006
0.000496182
9.71536e-05
0.000438129
9.58952e-05
0.000391002
9.52572e-05
0.000399566
0.000110678
0.000800791
0.000113659
0.00232551
9.80556e-05
0.00281032
9.66598e-05
0.00233923
0.000110843
0.00196058
9.7231e-05
0.00167063
0.000101138
0.00214226
0.000137437
0.0106371
0.00010496
0.0237994
9.85713e-05
0.0562847
9.08048e-05
0.0663788
9.23296e-05
0.0421751
9.90189e-05
0.0391496
9.51452e-05
0.0368746
8.72836e-05
0.0217367
9.91253e-05
0.023448
9.9133e-05
0.0192436
0.00010144
0.0130899
8.87045e-05
0.00998711
8.93734e-05
0.00782622
9.6004e-05
0.00762872
9.74658e-05
0.0081841
9.85108e-05
0.0153365
0.000105164
0.0280908
0.00011038
0.0495319
0.000110951
0.123587
0.000133983
0.17714
9.74595e-05
0.185579
0.000101231
0.219919
0.000100945
0.210143
0.000100306
0.166534
0.000108688
0.164185
8.91324e-05
0.214828
0.000106485
0.137637
9.93258e-05
0.122833
9.53983e-05
0.0903112
0.000116348
0.0337101
0.000101565
0.0158666
0.000101607
0.0121564
9.42702e-05
0.00928646
0.000100086
0.0118296
8.62291e-05
0.0307962
8.48436e-05
0.0466868
8.92439e-05
0.0621495
9.61185e-05
0.0373277
0.000104698
0.0287783
0.000119368
0.00691187
0.000107287
0.00304543
0.000110275
0.00197223
8.87891e-05
0.00287391
9.29583e-05
0.00325307
9.36958e-05
0.00395972
8.89593e-05
0.00330137
8.68442e-05
0.00405837
9.80416e-05
0.00412946
0.000100373
0.00657162
8.96133e-05
0.00534897
0.000102197
0.00393526
9.32397e-05
0.00361936
9.75878e-05
0.00220557
8.47649e-05
0.00231617
9.56177e-05
0.00140062
0.000100542
0.000856409
9.40675e-05
0.000564937
0.000107347
0.000335919
0.000105552
0.000216017
0.000117235
0.000152824
0.000204568
0.000121087
0.00015244
0.000116655
0.000129835
0.00016017
0.000146123
0.000117353
0.000212591
9.26353e-05
0.000368757
8.10043e-05
0.000349118
8.82762e-05
0.000275992
0.000102854
0.000373415
9.35661e-05
0.000372631
9.68173e-05
0.000581
9.4521e-05
0.00107926
9.08585e-05
0.00173091
8.97313e-05
0.00154812
8.50288e-05
0.000697036
0.000109597
0.0016578
8.38999e-05
0.00218196
8.49303e-05
0.00179656
8.99014e-05
0.00198644
9.86142e-05
0.00280129
0.000123768
0.00539072
8.64442e-05
0.0113906
8.12867e-05
0.00923075
8.68206e-05
0.010418
7.95876e-05
0.00954116
8.44771e-05
0.00792923
8.37219e-05
0.00782333
7.97213e-05
0.00377881
9.53364e-05
0.00278737
8.44001e-05
0.0034045
8.91931e-05
0.00536558
9.09428e-05
0.0114186
9.20111e-05
0.0166563
9.29013e-05
0.0276375
9.66839e-05
0.0537385
9.54552e-05
0.0875301
8.50642e-05
0.107599
8.77724e-05
0.0840857
0.000101257
0.158349
7.86789e-05
0.124393
0.000104072
0.125411
9.58958e-05
0.216445
7.87583e-05
0.153145
8.51781e-05
0.154616
8.67808e-05
0.171996
7.7185e-05
0.181063
8.37711e-05
0.186029
8.77959e-05
0.2008
9.12429e-05
0.142716
8.55051e-05
0.118988
8.8286e-05
0.0746781
7.77741e-05
0.069728
7.95226e-05
0.0667785
8.52426e-05
0.0993051
8.93786e-05
0.118686
8.11824e-05
0.1536
7.64662e-05
0.181622
9.14288e-05
0.160106
8.4771e-05
0.160918
0.000108423
0.0501468
9.97542e-05
0.0157748
9.66142e-05
0.00799344
8.05243e-05
0.00797301
9.23319e-05
0.00499804
8.83928e-05
0.00340162
7.84848e-05
0.00357185
8.3009e-05
0.0029254
8.89214e-05
0.00436826
8.8841e-05
0.00424432
8.7086e-05
0.00323985
0.000102793
0.00177
8.14959e-05
0.00138722
9.32318e-05
0.00062407
8.00705e-05
0.000601473
7.85239e-05
0.000769913
8.43169e-05
0.000805778
0.000101549
0.000411474
8.66022e-05
0.000354647
9.28966e-05
0.000244137
8.5854e-05
0.000208508
9.41216e-05
0.000225892
0.000103813
0.000181205
0.000130845
0.000115408
0.000122534
9.55072e-05
0.00016941
8.67042e-05
0.000225315
8.39026e-05
0.000210806
9.94261e-05
0.000443885
7.8069e-05
0.000701055
9.26495e-05
0.000855034
8.18882e-05
0.00124262
7.89179e-05
0.00129652
7.61959e-05
0.000678445
7.91287e-05
0.000477801
8.76175e-05
0.00032246
8.46089e-05
0.00017407
0.000100495
0.000156664
9.24128e-05
0.000233344
8.32836e-05
0.000218619
8.65891e-05
0.000217138
0.000113844
0.00040753
9.00509e-05
0.00094636
0.000100502
0.0027979
7.80623e-05
0.00390067
9.95531e-05
0.00585896
8.61074e-05
0.0123323
8.65477e-05
0.0144908
7.96921e-05
0.0125569
7.45061e-05
0.0045949
7.98257e-05
0.00420361
8.77433e-05
0.00966833
8.43014e-05
0.016591
9.17152e-05
0.0269117
7.66095e-05
0.0179203
9.55251e-05
0.0379171
8.68571e-05
0.0817538
8.15455e-05
0.117794
7.40987e-05
0.092375
7.16498e-05
0.0722061
8.5539e-05
0.0746132
8.66982e-05
0.0742213
8.70432e-05
0.0559436
0.000109529
0.161279
8.92828e-05
0.15335
7.57726e-05
0.139933
8.69804e-05
0.129729
7.68434e-05
0.134538
7.65101e-05
0.108317
9.0533e-05
0.0938419
7.59668e-05
0.103305
7.86718e-05
0.142817
7.45847e-05
0.189464
7.43942e-05
0.172174
9.43421e-05
0.152247
7.7821e-05
0.213417
8.09776e-05
0.185605
8.89075e-05
0.128481
8.39319e-05
0.080623
0.000100671
0.0429575
7.46099e-05
0.0519662
8.97007e-05
0.0271187
8.1673e-05
0.0184913
0.000103189
0.00377404
8.88638e-05
0.00224305
7.97192e-05
0.00209126
8.42194e-05
0.00206055
8.17801e-05
0.00399234
7.52007e-05
0.00449776
8.17397e-05
0.00375296
7.8327e-05
0.00475217
7.68013e-05
0.00664677
8.88532e-05
0.00242945
8.65332e-05
0.00221714
7.45052e-05
0.0024562
7.70481e-05
0.00188724
7.5182e-05
0.00182932
7.43124e-05
0.00182923
9.02041e-05
0.0010388
8.00889e-05
0.00108765
8.2171e-05
0.00107528
8.20743e-05
0.00168209
8.95089e-05
0.000980538
8.5025e-05
0.000334007
0.000116195
0.000121947
9.5272e-05
0.000107569
0.000113179
9.95402e-05
0.000149883
8.77082e-05
0.000156403
8.87922e-05
0.000124418
0.000116858
8.65636e-05
0.000117155
0.000115098
9.243e-05
0.000182939
8.91875e-05
0.000271362
9.01127e-05
0.000212955
9.33659e-05
0.000270961
7.4626e-05
0.000232456
7.5502e-05
0.000182513
8.3621e-05
0.000186622
8.10463e-05
0.00030037
7.22657e-05
0.00026191
7.8337e-05
0.000257111
8.2629e-05
0.000356872
9.12466e-05
0.000672782
9.51565e-05
0.00357135
7.36494e-05
0.00471732
7.53119e-05
0.00337246
8.02348e-05
0.00257118
7.5427e-05
0.00176014
8.59063e-05
0.00218083
7.70147e-05
0.00231812
8.5911e-05
0.00299742
8.10229e-05
0.00538092
7.71043e-05
0.00615659
7.31618e-05
0.00693746
7.78964e-05
0.00827277
7.55313e-05
0.0133913
7.01785e-05
0.0156265
7.38071e-05
0.0223686
7.59697e-05
0.0383972
7.37176e-05
0.0235778
7.31734e-05
0.0162603
7.98821e-05
0.0263916
7.08987e-05
0.0317422
0.000113558
0.098315
6.98727e-05
0.143854
7.45068e-05
0.126941
8.08608e-05
0.136737
7.98119e-05
0.155238
8.50823e-05
0.151812
7.44221e-05
0.147684
8.06111e-05
0.0943408
7.46529e-05
0.0736587
7.69277e-05
0.0537743
7.88816e-05
0.0899871
7.05335e-05
0.0794282
7.20182e-05
0.0674242
7.63057e-05
0.061988
7.36536e-05
0.0373403
7.83154e-05
0.0208787
7.29408e-05
0.0271615
6.52918e-05
0.0288094
6.5927e-05
0.0260516
6.52956e-05
0.0239489
7.96333e-05
0.00668812
8.60384e-05
0.00798578
6.62122e-05
0.00981347
7.28254e-05
0.0182924
6.89413e-05
0.0151698
8.74137e-05
0.00716743
6.87576e-05
0.00520224
7.41895e-05
0.00315583
6.52471e-05
0.00413229
6.32503e-05
0.00388782
7.54511e-05
0.00254267
7.09864e-05
0.00187542
7.0656e-05
0.0011329
7.22934e-05
0.000697052
7.31312e-05
0.000797587
6.85567e-05
0.00157146
6.25104e-05
0.0018647
7.71333e-05
0.000569155
6.97729e-05
0.000510792
8.05286e-05
0.000310248
7.23643e-05
0.000274923
8.25579e-05
0.000151588
0.000110612
8.26142e-05
0.000106648
7.98018e-05
9.69086e-05
9.41212e-05
8.38218e-05
9.72217e-05
0.000101471
7.52394e-05
0.000116484
8.11528e-05
8.70155e-05
0.000146261
6.87644e-05
0.000204132
7.26394e-05
0.000115508
8.33132e-05
0.000108712
8.01691e-05
0.00010127
0.000101228
7.78927e-05
0.000134952
7.25287e-05
0.000172618
6.56567e-05
0.000298499
7.20766e-05
0.00055899
6.384e-05
0.000701578
6.52563e-05
0.000566163
6.66129e-05
0.000607347
9.1809e-05
0.00121237
6.30078e-05
0.00123977
6.738e-05
0.00104714
6.11522e-05
0.0012891
6.69962e-05
0.0016569
7.11595e-05
0.00393213
5.99493e-05
0.00430191
5.69625e-05
0.00478935
5.68996e-05
0.00599046
6.48066e-05
0.00855626
6.11231e-05
0.0099839
6.15662e-05
0.0118687
6.75648e-05
0.0101455
6.99302e-05
0.0117843
6.49737e-05
0.0122065
6.10456e-05
0.0221934
6.37912e-05
0.0398556
6.04577e-05
0.0468411
6.58758e-05
0.039913
6.03051e-05
0.0623588
6.28959e-05
0.0775833
8.68553e-05
0.115507
6.05842e-05
0.137396
5.75212e-05
0.119841
6.64586e-05
0.0906558
6.2657e-05
0.124972
5.45884e-05
0.168132
5.36319e-05
0.150457
6.14414e-05
0.153014
5.24518e-05
0.164749
5.15016e-05
0.151626
5.59374e-05
0.142572
6.16518e-05
0.124069
5.98154e-05
0.10697
5.69691e-05
0.112398
5.66588e-05
0.133501
6.10239e-05
0.110835
6.08277e-05
0.102903
6.60153e-05
0.114604
6.35626e-05
0.0740404
7.59455e-05
0.0264079
6.74638e-05
0.0154371
6.2357e-05
0.0109469
6.06382e-05
0.0067098
6.08578e-05
0.00476671
5.87936e-05
0.00369137
6.24289e-05
0.0022216
5.98251e-05
0.00137983
5.7366e-05
0.00101434
6.32081e-05
0.000423502
6.57141e-05
0.000590303
5.51084e-05
0.000784105
5.51115e-05
0.000661504
5.92782e-05
0.000511512
5.6621e-05
0.000493406
5.23386e-05
0.00055831
5.44261e-05
0.00068992
6.45674e-05
0.000360446
5.14921e-05
0.000402084
5.30477e-05
0.000396683
5.48352e-05
0.000302085
7.35555e-05
7.33641e-05
9.1601e-05
6.48322e-05
8.02766e-05
0.000111464
6.76422e-05
9.38482e-05
6.48052e-05
9.83758e-05
6.55e-05
7.75231e-05
9.34726e-05
6.37395e-05
7.94914e-05
6.24673e-05
8.80656e-05
6.15517e-05
0.000130649
5.5311e-05
0.000153107
5.20952e-05
9.32694e-05
6.04412e-05
7.67191e-05
6.73729e-05
0.000100619
6.57669e-05
7.52653e-05
7.62739e-05
6.62722e-05
9.34875e-05
8.74619e-05
8.30736e-05
6.59286e-05
7.98085e-05
8.9905e-05
5.86639e-05
0.000116459
7.6164e-05
0.000467598
5.47589e-05
0.000708989
6.09409e-05
0.00190384
5.10481e-05
0.00258175
5.21545e-05
0.00370672
5.06529e-05
0.0052827
4.84642e-05
0.00862746
5.61579e-05
0.0122282
5.17632e-05
0.00786581
4.69645e-05
0.00856544
4.9176e-05
0.00913347
5.64254e-05
0.0101955
5.37329e-05
0.0117217
5.23231e-05
0.0161761
4.90894e-05
0.016613
5.65638e-05
0.024837
4.99093e-05
0.0345385
5.20223e-05
0.042149
4.79445e-05
0.0483433
4.84457e-05
0.0358624
5.62067e-05
0.055814
6.83518e-05
0.0857573
4.66757e-05
0.0902721
4.32112e-05
0.0631481
4.33248e-05
0.0469372
5.38797e-05
0.0491047
4.83133e-05
0.0717619
4.36436e-05
0.0639815
5.06128e-05
0.0800429
5.43456e-05
0.119588
4.61154e-05
0.119319
4.69829e-05
0.0911978
5.7661e-05
0.104469
5.35931e-05
0.102435
5.08545e-05
0.128423
4.4331e-05
0.0975178
5.20747e-05
0.0983691
5.04357e-05
0.115623
5.62055e-05
0.0838661
4.9363e-05
0.0695853
5.07448e-05
0.0305129
6.76728e-05
0.0100461
4.88241e-05
0.00704279
4.46973e-05
0.00520507
4.73482e-05
0.00363684
4.83591e-05
0.00360644
4.81678e-05
0.00699419
4.38052e-05
0.00615309
5.41023e-05
0.00448407
4.71885e-05
0.00414601
4.75728e-05
0.00445487
4.26403e-05
0.00741708
4.97547e-05
0.00535845
4.84726e-05
0.00425238
4.88631e-05
0.00263123
4.89389e-05
0.00225204
4.379e-05
0.00251585
4.32918e-05
0.00189633
4.5277e-05
0.00189467
5.22721e-05
0.00188766
5.21079e-05
0.000628831
6.64662e-05
0.000229658
4.47438e-05
0.000254995
5.12386e-05
0.000119282
4.93299e-05
8.70105e-05
5.13406e-05
7.27999e-05
5.77908e-05
7.15477e-05
5.31033e-05
9.22946e-05
6.92159e-05
6.03892e-05
7.02711e-05
5.25871e-05
6.71293e-05
6.5274e-05
6.50322e-05
8.60495e-05
5.41255e-05
9.8173e-05
4.59303e-05
0.000105032
5.49672e-05
7.39018e-05
5.98759e-05
6.43956e-05
8.91478e-05
4.91625e-05
0.000129805
4.86358e-05
0.000213572
4.70411e-05
0.000292004
4.53584e-05
0.000277397
4.93193e-05
0.000531978
5.90519e-05
0.0021379
4.73076e-05
0.0034745
4.30201e-05
0.00162569
4.45815e-05
0.00187181
4.25793e-05
0.00208634
4.85528e-05
0.00251643
4.48955e-05
0.00274987
4.26166e-05
0.00206374
4.74634e-05
0.00318773
4.3239e-05
0.00463297
4.12223e-05
0.00397054
3.93716e-05
0.00383443
3.89906e-05
0.00266382
3.9329e-05
0.00188807
4.53871e-05
0.00188248
4.77661e-05
0.00157759
3.97797e-05
0.00154249
4.42185e-05
0.001806
4.99195e-05
0.00261873
5.65806e-05
0.00959293
5.1034e-05
0.026647
4.80174e-05
0.0611333
4.26369e-05
0.0657205
4.56615e-05
0.0672346
4.39643e-05
0.0620746
4.30804e-05
0.0661741
4.35892e-05
0.070047
4.86909e-05
0.0811328
4.47026e-05
0.0618561
4.40851e-05
0.0619366
4.09788e-05
0.0595987
4.20607e-05
0.0556776
4.95359e-05
0.0782886
4.60998e-05
0.0867164
4.8036e-05
0.106753
3.84877e-05
0.114122
3.91584e-05
0.0976971
4.57462e-05
0.0476409
4.70955e-05
0.028695
4.1964e-05
0.0497011
4.4783e-05
0.0390134
5.98086e-05
0.0148834
4.59848e-05
0.0122031
4.24763e-05
0.0172987
4.29559e-05
0.0149257
3.88438e-05
0.016355
4.02965e-05
0.0188761
3.9643e-05
0.0200252
4.90672e-05
0.00897002
4.14176e-05
0.00844165
4.29044e-05
0.0052416
4.1021e-05
0.00469871
4.32468e-05
0.00638569
4.5813e-05
0.00616378
4.85886e-05
0.00396482
4.76282e-05
0.00259948
4.11921e-05
0.00215864
4.15122e-05
0.0016131
4.3634e-05
0.00198022
3.79128e-05
0.00235035
4.13981e-05
0.00155857
5.94097e-05
0.000639252
4.63215e-05
0.000485274
4.49791e-05
0.000317061
4.20148e-05
0.000271666
4.34506e-05
0.000254648
4.54148e-05
0.000387335
4.19316e-05
0.000469699
4.38201e-05
0.000251702
4.34674e-05
0.000140166
5.16399e-05
7.64233e-05
5.32403e-05
6.16603e-05
5.45668e-05
6.12477e-05
5.35662e-05
5.60885e-05
6.077e-05
5.36581e-05
9.93716e-05
4.1937e-05
0.000131886
4.14574e-05
0.000142675
5.2521e-05
0.000130529
4.28024e-05
0.000119961
4.65137e-05
7.94706e-05
4.77783e-05
7.8387e-05
5.29572e-05
7.99995e-05
5.73271e-05
0.000306655
4.20569e-05
0.000562802
3.86013e-05
0.000567598
4.1445e-05
0.000708977
4.26685e-05
0.00118418
4.19581e-05
0.00119746
4.16637e-05
0.00152305
4.70635e-05
0.00449238
4.27854e-05
0.00343078
4.6413e-05
0.00503261
4.1772e-05
0.00840383
3.87831e-05
0.00802882
3.78605e-05
0.00662596
4.5065e-05
0.011161
3.70601e-05
0.0101336
3.58069e-05
0.00619223
3.64095e-05
0.00289922
3.89251e-05
0.00273175
4.01882e-05
0.0035012
3.9493e-05
0.00371889
5.89554e-05
0.0112903
4.27294e-05
0.0111501
4.56708e-05
0.0120808
4.07702e-05
0.0148778
4.19657e-05
0.0181477
4.27336e-05
0.0310552
4.72022e-05
0.0644174
4.08688e-05
0.0961617
3.88329e-05
0.0919417
4.37032e-05
0.0889258
3.79411e-05
0.0778413
4.05159e-05
0.0862967
3.89162e-05
0.10149
3.93042e-05
0.0950659
3.98743e-05
0.0835185
4.20326e-05
0.0763752
3.92813e-05
0.0836043
3.68912e-05
0.0796394
4.00166e-05
0.0758556
4.98415e-05
0.0851039
3.94507e-05
0.0711846
4.99195e-05
0.0288169
5.20352e-05
0.00667623
4.28275e-05
0.00528897
4.35925e-05
0.00350878
3.92526e-05
0.00396757
4.46228e-05
0.00515127
4.15185e-05
0.0034267
4.22572e-05
0.00209739
3.79295e-05
0.00227497
3.64936e-05
0.0034225
3.85116e-05
0.00225198
4.37735e-05
0.00270065
3.62716e-05
0.00357526
3.69179e-05
0.00394055
3.97702e-05
0.0019239
4.32929e-05
0.00136542
3.5182e-05
0.00195326
3.8552e-05
0.00215492
3.98415e-05
0.00396043
3.91525e-05
0.00379789
3.95303e-05
0.00200917
5.54266e-05
0.000575981
4.29297e-05
0.00020771
4.58505e-05
0.000115724
4.09186e-05
0.000118116
4.83187e-05
6.44698e-05
4.54719e-05
5.41903e-05
4.83089e-05
5.09784e-05
5.5343e-05
6.11882e-05
4.36141e-05
8.77953e-05
4.0663e-05
0.000115328
4.04766e-05
0.000194623
4.17005e-05
0.000136926
4.21507e-05
0.000102133
4.61921e-05
6.95737e-05
5.18096e-05
4.9918e-05
7.98861e-05
3.80697e-05
0.000122419
3.89443e-05
0.000191251
3.88958e-05
0.000318692
3.49199e-05
0.000302049
3.34173e-05
0.000278113
5.03836e-05
0.000553653
4.01824e-05
0.000677954
4.17966e-05
0.000832936
3.63312e-05
0.000997538
3.48463e-05
0.000759909
3.38888e-05
0.000635749
3.59046e-05
0.000412771
4.10728e-05
0.000533872
3.6186e-05
0.000693644
3.91449e-05
0.00105914
3.75766e-05
0.00164546
3.68365e-05
0.00200866
3.85448e-05
0.00260293
4.05351e-05
0.00400434
3.446e-05
0.00359253
3.50098e-05
0.00162641
3.72804e-05
0.00153023
3.38534e-05
0.00161714
3.87468e-05
0.0018576
4.06102e-05
0.00469398
3.69813e-05
0.00695633
4.28001e-05
0.0142828
4.61519e-05
0.0523762
3.50741e-05
0.0713331
3.1597e-05
0.0509259
3.25423e-05
0.0283394
4.02385e-05
0.034093
3.56292e-05
0.0513169
4.46001e-05
0.0506016
3.39779e-05
0.0540894
3.34896e-05
0.0670803
3.17333e-05
0.0769714
3.1714e-05
0.0625686
3.89331e-05
0.0701855
3.5384e-05
0.0808674
3.77129e-05
0.082654
3.25142e-05
0.0870292
3.46173e-05
0.0695653
3.44648e-05
0.0555406
3.36201e-05
0.0752698
3.82554e-05
0.0627249
4.4087e-05
0.0389366
4.13192e-05
0.0214115
3.53049e-05
0.0248293
3.42243e-05
0.0280939
3.24315e-05
0.031167
3.26633e-05
0.0351245
3.63145e-05
0.0226128
3.28723e-05
0.0200564
3.51275e-05
0.0122023
3.65482e-05
0.00918933
3.36151e-05
0.00871099
3.50161e-05
0.00603573
3.31862e-05
0.00713883
3.34703e-05
0.0119211
3.6901e-05
0.00696202
3.97543e-05
0.00257353
3.0855e-05
0.00235901
2.8757e-05
0.00199363
4.10627e-05
0.000917617
3.35962e-05
0.000988901
4.06334e-05
0.000395305
3.66855e-05
0.000120272
4.48659e-05
7.14376e-05
3.82327e-05
5.66306e-05
5.04396e-05
4.78808e-05
4.52053e-05
7.47496e-05
3.89637e-05
6.92876e-05
3.98656e-05
5.13333e-05
5.36966e-05
3.78666e-05
5.64254e-05
4.03259e-05
7.52406e-05
3.54091e-05
6.97741e-05
3.74932e-05
6.9811e-05
3.65921e-05
7.99952e-05
3.54049e-05
0.000110391
3.12011e-05
0.000101782
3.28198e-05
8.17513e-05
3.6743e-05
8.63845e-05
3.9537e-05
7.55105e-05
3.65388e-05
6.0104e-05
5.47043e-05
4.61255e-05
3.945e-05
9.20179e-05
4.82189e-05
0.000354217
3.11299e-05
0.000455616
2.98083e-05
0.000387621
3.17037e-05
0.000401118
3.13429e-05
0.000410517
3.10565e-05
0.000511242
2.99757e-05
0.000433934
3.13621e-05
0.000441571
3.42709e-05
0.000517706
3.66815e-05
0.000486317
3.63283e-05
0.000556515
3.04728e-05
0.00057371
3.22018e-05
0.000739202
3.95162e-05
0.00198297
3.04286e-05
0.00158149
3.01932e-05
0.00100186
3.07309e-05
0.000926732
3.32363e-05
0.00146888
3.17578e-05
0.00190742
4.38064e-05
0.0043193
3.28e-05
0.00994126
3.22472e-05
0.0106279
3.47555e-05
0.00917984
3.18651e-05
0.00679362
3.13825e-05
0.00562615
3.62825e-05
0.009297
2.86678e-05
0.00757205
3.21189e-05
0.0115946
3.48432e-05
0.0301602
3.11015e-05
0.0420501
3.33139e-05
0.0620149
3.28694e-05
0.0533393
3.5345e-05
0.068668
3.21322e-05
0.0749522
3.43378e-05
0.0762973
3.08096e-05
0.071734
3.11484e-05
0.0652394
3.15343e-05
0.071758
3.25675e-05
0.0750269
3.34678e-05
0.0547563
4.33456e-05
0.0249137
3.27613e-05
0.0166341
3.40509e-05
0.0113006
3.12755e-05
0.0103079
3.13804e-05
0.00706479
3.21456e-05
0.00358614
3.78412e-05
0.00163303
3.16522e-05
0.00262655
3.28683e-05
0.003096
2.9474e-05
0.00347899
3.00194e-05
0.00485874
3.03475e-05
0.00573275
2.97361e-05
0.00368642
3.68718e-05
0.00269719
3.04043e-05
0.00171677
3.65819e-05
0.00109127
3.0116e-05
0.000841558
3.35859e-05
0.000479925
3.20796e-05
0.000273077
2.95017e-05
0.000197009
2.82658e-05
0.000383158
4.11011e-05
0.000138345
3.2828e-05
0.000186964
2.69687e-05
0.000204326
2.74864e-05
0.000147388
3.20201e-05
8.06061e-05
3.63189e-05
6.17646e-05
3.48748e-05
7.66159e-05
3.44063e-05
6.44592e-05
3.12487e-05
5.99434e-05
3.36793e-05
5.08775e-05
3.52189e-05
5.14727e-05
3.61826e-05
4.97327e-05
3.90768e-05
7.32253e-05
2.95333e-05
0.000146459
2.73296e-05
0.000168129
3.15197e-05
7.37175e-05
3.91914e-05
4.49855e-05
4.41444e-05
4.05095e-05
3.76504e-05
4.91534e-05
9.6356e-05
2.88286e-05
0.000170727
3.2472e-05
0.000211761
3.09227e-05
0.000394823
3.01758e-05
0.00036807
2.95675e-05
0.000523634
2.85368e-05
0.000414139
2.98789e-05
0.000310267
2.84763e-05
0.000199877
2.85593e-05
0.000136174
2.99623e-05
0.000169585
3.33834e-05
0.000304999
3.02245e-05
0.000686916
2.88403e-05
0.00120707
2.9351e-05
0.00157636
2.89532e-05
0.00195188
2.6416e-05
0.00200575
3.03409e-05
0.00258878
2.84042e-05
0.00524766
2.62594e-05
0.00336813
3.25571e-05
0.00256636
3.53925e-05
0.00622511
3.21584e-05
0.0197625
2.64692e-05
0.0208759
2.6723e-05
0.0146906
3.08567e-05
0.0174298
2.72095e-05
0.0253917
3.04863e-05
0.0467652
2.65553e-05
0.0489897
2.96464e-05
0.0583229
2.56053e-05
0.0642517
2.77758e-05
0.0590051
2.84947e-05
0.062082
3.08365e-05
0.0500674
3.01857e-05
0.0632619
2.86744e-05
0.0596824
3.05053e-05
0.0641682
2.54751e-05
0.0722017
2.53651e-05
0.0642391
2.72629e-05
0.0567728
2.66977e-05
0.0502192
2.89737e-05
0.0352671
3.63148e-05
0.0126727
3.11743e-05
0.00856379
2.92527e-05
0.00880415
2.79093e-05
0.0059511
2.5756e-05
0.00585339
2.32561e-05
0.0201159
2.36497e-05
0.0316668
2.6907e-05
0.0141062
3.32104e-05
0.00561232
2.51936e-05
0.00604779
2.71392e-05
0.00313115
2.91667e-05
0.00206099
2.70755e-05
0.00148911
2.83142e-05
0.00122102
2.54073e-05
0.00108289
2.90347e-05
0.000495215
2.8192e-05
0.000506367
2.39923e-05
0.00112037
2.96123e-05
0.000961429
2.45953e-05
0.00196569
3.02423e-05
0.000679396
3.38745e-05
0.000182604
2.81522e-05
0.000226532
2.25854e-05
0.000306665
2.76691e-05
0.000165177
2.6745e-05
0.000158813
2.74529e-05
9.32167e-05
3.23572e-05
5.14035e-05
3.2266e-05
3.95119e-05
2.76979e-05
4.25251e-05
2.74042e-05
4.36142e-05
3.49598e-05
5.04186e-05
3.08726e-05
6.53417e-05
2.74376e-05
6.12144e-05
2.62198e-05
7.65386e-05
2.50802e-05
8.67177e-05
2.79806e-05
6.635e-05
2.66799e-05
0.000105931
2.3677e-05
0.000139332
2.71077e-05
8.06598e-05
3.6077e-05
3.4404e-05
5.03423e-05
2.81266e-05
6.05357e-05
2.64462e-05
0.000102039
2.53588e-05
0.000121218
3.01285e-05
0.000237296
2.56252e-05
0.00025457
2.86218e-05
0.000250771
2.431e-05
0.000189837
2.77343e-05
0.000383769
2.38556e-05
0.000361852
2.32136e-05
0.000365034
2.50684e-05
0.000475942
2.79369e-05
0.000796755
2.40806e-05
0.000677905
2.49008e-05
0.00079248
2.32907e-05
0.000471339
2.43693e-05
0.000439443
3.12667e-05
0.00107914
2.35983e-05
0.00149182
2.60569e-05
0.00268177
2.7014e-05
0.00370757
3.41923e-05
0.00566617
2.58766e-05
0.0100085
2.84939e-05
0.0245843
2.29168e-05
0.0307124
2.39456e-05
0.034033
2.73526e-05
0.0564657
2.47533e-05
0.0595749
2.31877e-05
0.0648095
2.23592e-05
0.0623948
2.5542e-05
0.0521778
2.60555e-05
0.059096
2.27035e-05
0.0632785
2.25891e-05
0.0620257
2.18711e-05
0.0489558
2.37657e-05
0.0262088
2.46558e-05
0.0289724
2.47678e-05
0.0363672
2.36302e-05
0.0529929
2.55772e-05
0.0501688
2.44445e-05
0.0488999
2.59748e-05
0.022242
3.09071e-05
0.0103916
2.28994e-05
0.00917414
2.59205e-05
0.00640291
2.38402e-05
0.00482563
2.80792e-05
0.00179211
2.28861e-05
0.00148499
2.18985e-05
0.00184459
2.35835e-05
0.00301984
2.34015e-05
0.00323305
2.17928e-05
0.00551711
2.39908e-05
0.00406946
2.49722e-05
0.00161486
2.65996e-05
0.00075787
2.31095e-05
0.000688257
2.40199e-05
0.000497351
2.16264e-05
0.000400954
2.07857e-05
0.000426207
2.26278e-05
0.000343491
2.18389e-05
0.000261036
2.04673e-05
0.000358297
2.159e-05
0.000237668
3.0823e-05
0.000129353
2.60719e-05
0.000105357
2.27982e-05
9.21359e-05
2.2109e-05
8.89561e-05
2.28027e-05
8.96244e-05
2.3098e-05
0.00011941
1.97531e-05
0.000153048
2.31592e-05
0.000100869
2.47817e-05
7.27511e-05
2.14035e-05
7.03516e-05
2.10033e-05
5.79775e-05
2.7548e-05
4.3009e-05
2.30923e-05
4.42551e-05
2.34303e-05
4.38393e-05
2.40995e-05
5.50426e-05
2.3026e-05
9.48244e-05
2.17931e-05
6.69587e-05
2.6651e-05
3.2491e-05
2.81694e-05
2.59229e-05
5.44375e-05
2.15466e-05
8.95581e-05
2.25274e-05
0.000106468
2.72457e-05
0.000333659
2.53618e-05
0.000691011
2.04801e-05
0.000724882
2.4132e-05
0.000843911
2.17177e-05
0.0019255
1.97819e-05
0.00228454
2.17582e-05
0.00170922
1.9326e-05
0.00102234
2.11535e-05
0.00134206
2.12057e-05
0.00238127
1.99996e-05
0.00387922
2.14857e-05
0.00659272
2.20006e-05
0.00958184
1.90638e-05
0.0102748
1.99769e-05
0.0116101
1.99256e-05
0.0135244
1.85278e-05
0.0105616
2.17005e-05
0.0108867
1.90083e-05
0.00826017
2.11374e-05
0.00429892
2.14706e-05
0.0064928
1.86562e-05
0.00431676
2.53573e-05
0.0052775
2.28613e-05
0.0166331
2.01007e-05
0.0211865
2.24879e-05
0.0319702
2.00906e-05
0.0360619
1.96333e-05
0.0388545
2.23965e-05
0.0474328
1.87973e-05
0.0549227
1.86002e-05
0.0493973
1.91499e-05
0.0509944
1.90962e-05
0.038721
2.29937e-05
0.0351067
2.26438e-05
0.0448457
1.92042e-05
0.0419018
2.0802e-05
0.0283746
2.22308e-05
0.0172579
2.21267e-05
0.010164
1.89963e-05
0.0168331
1.8837e-05
0.0184508
1.91537e-05
0.0114193
2.25862e-05
0.0052309
2.02786e-05
0.0041653
2.02106e-05
0.00225876
2.82866e-05
0.00177281
2.01538e-05
0.00118419
2.08302e-05
0.000825371
1.85149e-05
0.00109176
1.84541e-05
0.00131683
1.76993e-05
0.00171128
1.80656e-05
0.00165811
1.83342e-05
0.0015531
1.92118e-05
0.00142037
2.05378e-05
0.00111096
1.81537e-05
0.00101662
2.01302e-05
0.000885851
2.01859e-05
0.00127601
1.89397e-05
0.00177005
2.02758e-05
0.00236414
2.03627e-05
0.00118631
1.97844e-05
0.00109749
1.86509e-05
0.00116608
1.93416e-05
0.000951243
1.86524e-05
0.000745894
2.45687e-05
0.000286136
2.12395e-05
9.42902e-05
2.65874e-05
3.62468e-05
2.74707e-05
2.47359e-05
3.45908e-05
2.31302e-05
4.394e-05
2.42939e-05
3.1742e-05
2.91862e-05
2.26746e-05
3.35238e-05
2.55972e-05
2.35353e-05
3.70525e-05
2.37636e-05
7.21613e-05
1.96183e-05
7.71565e-05
2.14988e-05
7.98253e-05
1.8075e-05
6.79114e-05
2.22095e-05
0.000120035
1.87911e-05
0.000183549
1.98051e-05
0.000174806
1.79977e-05
0.000172769
1.98087e-05
0.000272434
1.8915e-05
0.000265222
1.82761e-05
0.000127162
1.89149e-05
0.000131256
1.9884e-05
0.000145852
1.92836e-05
0.000224492
2.42126e-05
0.00049402
2.17368e-05
0.00175921
2.18074e-05
0.00430312
1.83751e-05
0.00593695
1.73419e-05
0.0046485
1.86948e-05
0.00403901
2.13859e-05
0.00458307
1.99589e-05
0.00685238
1.81555e-05
0.00984061
1.68716e-05
0.00533622
1.81508e-05
0.00228778
2.19426e-05
0.00427556
1.79733e-05
0.00426913
1.99103e-05
0.00475027
2.20464e-05
0.0148998
1.80142e-05
0.0151741
1.95967e-05
0.0235839
1.89133e-05
0.0357867
1.85075e-05
0.0371318
1.8624e-05
0.0401591
1.89358e-05
0.039835
2.00156e-05
0.0389215
2.64722e-05
0.0241259
1.89021e-05
0.0370322
1.79645e-05
0.0441119
2.07066e-05
0.0312844
1.97733e-05
0.0321005
2.00869e-05
0.0281921
1.82343e-05
0.0300325
1.69098e-05
0.0260535
1.83636e-05
0.0155355
1.92639e-05
0.00844536
1.80231e-05
0.00677391
1.70993e-05
0.0062588
1.8141e-05
0.00594323
1.67742e-05
0.00809714
1.61205e-05
0.0117592
1.66052e-05
0.0304745
1.6093e-05
0.0393237
1.75217e-05
0.0212692
2.05425e-05
0.00924146
2.20238e-05
0.00290748
1.98139e-05
0.00309805
1.84316e-05
0.00187723
1.79731e-05
0.00168141
1.99093e-05
0.000681557
1.93066e-05
0.000610846
1.5822e-05
0.00080628
1.85674e-05
0.000382643
1.86384e-05
0.000363058
1.68064e-05
0.000428177
1.95801e-05
0.000565607
1.76805e-05
0.000581447
1.92947e-05
0.000432783
1.79789e-05
0.000271596
1.83474e-05
0.000159747
1.74871e-05
0.000161484
1.71403e-05
0.000121481
1.71033e-05
0.0001059
2.03416e-05
6.16972e-05
1.73036e-05
5.71228e-05
1.93062e-05
6.44662e-05
1.89733e-05
3.57932e-05
2.52218e-05
2.42118e-05
3.39829e-05
2.09173e-05
9.5543e-05
1.6013e-05
6.72889e-05
1.90464e-05
2.78496e-05
2.11724e-05
3.48012e-05
1.71577e-05
4.70571e-05
1.85773e-05
6.21727e-05
1.82996e-05
0.000127492
1.71398e-05
0.000170322
1.6497e-05
0.000213704
1.57178e-05
0.000168471
1.75113e-05
0.000215226
1.59507e-05
0.000293176
1.53492e-05
0.000219284
1.77904e-05
0.000171425
1.77934e-05
0.000264649
1.86141e-05
0.000252917
1.84175e-05
0.000286671
1.53472e-05
0.000190211
1.64216e-05
0.000175392
1.85527e-05
0.000265844
2.22035e-05
0.00114977
1.76293e-05
0.00322227
1.5993e-05
0.00349703
1.81766e-05
0.00472908
1.62061e-05
0.00696947
1.5354e-05
0.0079735
1.50902e-05
0.00826674
1.47255e-05
0.00621843
1.5535e-05
0.00548514
1.52316e-05
0.00344096
1.57279e-05
0.00178364
1.65965e-05
0.00283145
1.65911e-05
0.00379059
1.82828e-05
0.00551395
1.56483e-05
0.00566093
1.61739e-05
0.0109903
1.58163e-05
0.0184346
1.57514e-05
0.0223905
1.777e-05
0.0328779
1.55823e-05
0.038383
1.57647e-05
0.0229437
2.2016e-05
0.00966599
1.58557e-05
0.0164774
1.51885e-05
0.017558
1.63983e-05
0.0165433
1.39827e-05
0.0211787
1.39462e-05
0.0218501
1.52114e-05
0.0154856
1.64628e-05
0.0118828
1.69561e-05
0.00698464
1.69365e-05
0.00673403
1.55424e-05
0.00524318
1.63762e-05
0.00310064
1.49394e-05
0.00252001
1.53119e-05
0.00243181
1.36375e-05
0.00289831
1.46804e-05
0.0053849
1.66322e-05
0.00417588
1.48425e-05
0.00420322
1.51653e-05
0.00231345
1.64433e-05
0.00182813
1.43609e-05
0.0019087
1.69343e-05
0.000389243
1.80424e-05
0.000195527
1.52399e-05
0.000124152
1.68035e-05
9.50555e-05
1.38132e-05
0.000103456
1.46826e-05
0.000138991
1.55887e-05
0.000118909
1.43733e-05
0.000214493
1.44779e-05
0.000303121
1.58258e-05
0.000279865
1.47541e-05
0.000116198
1.75798e-05
5.96822e-05
1.34737e-05
6.03802e-05
1.52618e-05
3.9252e-05
1.65908e-05
3.82032e-05
1.64988e-05
2.63131e-05
1.75514e-05
2.11848e-05
1.86328e-05
1.86642e-05
2.33905e-05
1.76772e-05
1.94678e-05
2.16651e-05
1.65549e-05
4.17433e-05
1.92325e-05
2.13763e-05
1.99581e-05
2.2268e-05
5.35637e-05
1.42925e-05
9.54206e-05
1.5227e-05
7.82389e-05
1.42975e-05
9.26925e-05
1.3384e-05
9.29426e-05
1.52257e-05
0.000136027
1.49628e-05
0.000304151
1.50592e-05
0.000607513
1.29662e-05
0.000859571
1.26169e-05
0.00063531
1.31102e-05
0.000307361
1.39748e-05
0.000176313
1.41112e-05
0.000200983
1.33439e-05
0.00031187
1.39124e-05
0.000410975
1.51388e-05
0.000838237
1.34368e-05
0.00101746
1.38276e-05
0.000984919
1.21957e-05
0.000551379
1.2918e-05
0.000426989
2.065e-05
0.00150871
1.31178e-05
0.00176247
1.54434e-05
0.00274435
1.31106e-05
0.00290237
1.63704e-05
0.00217833
1.34048e-05
0.00291687
1.19821e-05
0.00192047
1.26647e-05
0.00177773
1.30503e-05
0.00205678
1.20826e-05
0.00198716
1.62581e-05
0.00287233
1.35231e-05
0.00624271
1.44666e-05
0.0102641
1.37389e-05
0.0172701
1.23429e-05
0.0151422
1.46483e-05
0.0170001
1.32516e-05
0.0136779
1.27035e-05
0.00765227
1.28677e-05
0.00567211
1.37684e-05
0.0048347
1.32053e-05
0.00705196
1.45898e-05
0.0176637
1.25706e-05
0.0226855
1.50138e-05
0.0226797
1.66841e-05
0.0178691
1.24398e-05
0.0164032
1.43932e-05
0.0082894
1.30243e-05
0.00959913
1.23931e-05
0.00813826
1.31268e-05
0.0150302
1.20759e-05
0.0192797
1.39409e-05
0.0126255
1.35237e-05
0.0110371
1.33336e-05
0.00773333
1.22304e-05
0.00902395
1.16573e-05
0.010727
1.40699e-05
0.00978512
1.21942e-05
0.011518
1.30606e-05
0.00968124
1.41928e-05
0.00558596
1.21439e-05
0.00491137
1.421e-05
0.0023159
1.36772e-05
0.00163703
1.25622e-05
0.0032729
1.30101e-05
0.00247249
1.30315e-05
0.00100898
1.74984e-05
0.00020157
1.38545e-05
8.15346e-05
1.55714e-05
3.3611e-05
1.41251e-05
2.47167e-05
1.482e-05
1.82248e-05
1.79936e-05
2.12714e-05
1.45295e-05
2.32087e-05
1.3776e-05
2.1843e-05
1.46498e-05
3.54901e-05
1.34607e-05
4.19239e-05
1.35454e-05
3.66948e-05
1.22766e-05
3.7377e-05
1.31644e-05
3.27446e-05
1.29138e-05
2.97028e-05
1.33173e-05
2.62855e-05
1.42556e-05
2.56566e-05
1.39202e-05
1.88481e-05
1.52819e-05
1.69468e-05
1.69363e-05
1.4624e-05
1.72436e-05
1.84101e-05
1.49391e-05
2.16571e-05
3.01341e-05
1.5332e-05
2.4833e-05
1.34123e-05
2.80328e-05
1.37338e-05
3.61023e-05
1.20926e-05
3.36331e-05
1.39358e-05
4.39604e-05
1.27999e-05
3.84788e-05
1.28868e-05
5.22736e-05
1.13903e-05
7.61668e-05
1.23085e-05
7.19743e-05
1.45324e-05
0.000179812
1.14852e-05
0.000230589
1.30375e-05
0.000361818
1.34811e-05
0.000458168
1.26437e-05
0.000361825
1.22393e-05
0.00047088
1.37335e-05
0.00104904
1.18239e-05
0.00149224
1.23805e-05
0.00190612
1.13499e-05
0.0021981
1.05434e-05
0.00155417
1.1521e-05
0.00195708
1.31067e-05
0.00231095
1.25162e-05
0.00261689
1.65003e-05
0.0114879
1.22226e-05
0.0160423
1.22532e-05
0.0119943
1.11687e-05
0.00739557
1.21611e-05
0.00683423
1.2852e-05
0.0164607
1.10676e-05
0.0166448
1.0946e-05
0.0175458
1.09064e-05
0.0223532
1.30387e-05
0.0261144
1.17827e-05
0.0282561
1.15274e-05
0.025996
1.09488e-05
0.0271011
1.12617e-05
0.027596
1.22964e-05
0.0272775
1.08622e-05
0.0265716
1.01477e-05
0.0211467
1.28798e-05
0.0191235
1.12866e-05
0.0229492
1.18612e-05
0.0219223
1.43822e-05
0.0131777
1.40907e-05
0.0060208
1.26096e-05
0.00257643
1.24487e-05
0.00154421
1.11658e-05
0.00154105
1.13593e-05
0.00116763
1.06633e-05
0.00200969
1.17772e-05
0.00212566
1.26045e-05
0.00144734
1.19924e-05
0.000632727
1.20994e-05
0.00047005
1.02696e-05
0.000662498
1.08935e-05
0.000580621
1.14804e-05
0.00041526
1.00301e-05
0.000701194
9.68657e-06
0.00142408
9.98139e-06
0.00149995
1.14665e-05
0.000853188
1.15151e-05
0.000749193
1.07076e-05
0.000837789
1.27798e-05
0.000992828
1.05439e-05
0.000705001
1.55583e-05
0.000182755
1.16796e-05
0.000109272
1.12258e-05
9.4616e-05
1.06424e-05
7.72508e-05
1.00905e-05
5.9138e-05
9.71231e-06
4.60214e-05
1.04399e-05
4.61804e-05
1.02868e-05
5.86063e-05
9.91394e-06
8.84736e-05
9.87673e-06
0.000168063
1.35829e-05
9.52525e-05
1.03467e-05
0.000138823
9.9771e-06
0.000206432
1.08505e-05
0.000105325
1.18194e-05
7.60221e-05
9.84356e-06
9.5464e-05
1.08957e-05
5.279e-05
1.05927e-05
3.86193e-05
1.14679e-05
2.04371e-05
1.3006e-05
1.66534e-05
2.28119e-05
1.30237e-05
3.58265e-05
1.20204e-05
7.37462e-05
1.02642e-05
3.5691e-05
1.18802e-05
3.69702e-05
1.03146e-05
5.00862e-05
1.08506e-05
0.00010021
1.00756e-05
0.000159765
1.11204e-05
0.000228639
9.60477e-06
0.000161511
1.04027e-05
0.000175032
1.07871e-05
0.000361556
9.32979e-06
0.000394498
9.77047e-06
0.000494041
9.35097e-06
0.000326591
1.08362e-05
0.000217184
9.83651e-06
0.000199432
1.01923e-05
0.000250719
1.04935e-05
0.000447124
9.96052e-06
0.000666577
9.67106e-06
0.00070257
1.00618e-05
0.00118855
1.38577e-05
0.0050432
1.04519e-05
0.00968565
9.73853e-06
0.00972855
9.50147e-06
0.00801544
1.16118e-05
0.0100653
1.05237e-05
0.0102641
1.03643e-05
0.00959607
1.00507e-05
0.00960697
1.05908e-05
0.0159056
9.76904e-06
0.0209285
9.78871e-06
0.0201712
1.05749e-05
0.021412
9.86383e-06
0.0226849
8.87713e-06
0.0241696
9.5543e-06
0.0210849
9.57886e-06
0.0188433
9.92517e-06
0.0148797
8.70353e-06
0.022849
8.95219e-06
0.0220839
1.06937e-05
0.0191839
1.02597e-05
0.0172938
9.04361e-06
0.0131569
1.11795e-05
0.00388893
1.21633e-05
0.00235879
8.93867e-06
0.00321026
8.50328e-06
0.00356033
8.73967e-06
0.0032001
9.58511e-06
0.00188028
8.67334e-06
0.00158497
8.28914e-06
0.00289701
8.02559e-06
0.00788437
8.14253e-06
0.0136654
8.39429e-06
0.014325
8.81388e-06
0.00870903
9.33167e-06
0.00540884
1.01556e-05
0.00230366
9.38467e-06
0.00152429
8.10261e-06
0.00164647
8.657e-06
0.00198064
8.93236e-06
0.00153675
8.67878e-06
0.00188767
9.62089e-06
0.00111153
1.14938e-05
0.000473842
9.47692e-06
0.000766669
8.29538e-06
0.000541967
9.17313e-06
0.000402237
8.05249e-06
0.000479804
9.15031e-06
0.000278197
9.05408e-06
0.000179619
7.84388e-06
0.000147843
9.35052e-06
7.4318e-05
8.98907e-06
5.16859e-05
8.53746e-06
4.25203e-05
9.71241e-06
3.23939e-05
9.31194e-06
4.89496e-05
9.4917e-06
3.0145e-05
9.50525e-06
1.67832e-05
1.0096e-05
1.259e-05
1.32399e-05
1.41791e-05
8.97786e-06
1.62918e-05
1.09516e-05
1.05535e-05
1.50703e-05
9.37719e-06
1.48653e-05
1.04405e-05
2.51461e-05
1.15989e-05
6.80774e-05
8.33372e-06
0.000131703
7.54214e-06
9.6424e-05
8.48848e-06
4.32268e-05
8.59212e-06
6.26924e-05
8.86145e-06
7.20845e-05
8.33312e-06
0.000103299
8.29829e-06
0.000101811
9.40774e-06
0.000179151
8.85294e-06
0.000427186
9.05801e-06
0.000832296
7.90036e-06
0.000936796
7.70621e-06
0.000745724
7.61824e-06
0.000470824
7.8648e-06
0.000435874
8.87277e-06
0.000558857
8.18741e-06
0.000319034
8.2839e-06
0.000420792
8.15692e-06
0.000582993
7.40463e-06
0.000632026
8.5227e-06
0.000632243
1.01089e-05
0.00268364
7.49104e-06
0.00311936
7.70639e-06
0.00392851
7.53914e-06
0.00573873
7.21683e-06
0.00525205
8.83284e-06
0.00609888
7.35274e-06
0.00327056
8.42448e-06
0.00337578
8.65121e-06
0.00627696
7.78898e-06
0.00754127
7.93345e-06
0.00788596
7.28178e-06
0.0056466
7.10644e-06
0.0068572
7.58431e-06
0.00805153
7.97577e-06
0.0121671
7.02808e-06
0.0105894
8.01133e-06
0.0109333
8.02108e-06
0.0134526
8.37452e-06
0.0150552
8.75758e-06
0.0134118
9.67111e-06
0.0119869
8.51797e-06
0.00783183
8.78053e-06
0.0034733
7.84075e-06
0.00249072
7.7052e-06
0.0023038
6.95505e-06
0.00223028
7.29514e-06
0.00132467
7.84047e-06
0.00130209
7.1979e-06
0.00187406
6.88538e-06
0.00188115
6.56695e-06
0.00364311
6.49327e-06
0.00964286
6.67862e-06
0.012974
6.98883e-06
0.0103019
7.48108e-06
0.00725606
8.05638e-06
0.00570606
6.76115e-06
0.00452896
7.15973e-06
0.00271251
8.02053e-06
0.00209808
7.99489e-06
0.000704038
8.89202e-06
0.000277143
7.8485e-06
0.000167667
6.99176e-06
0.000291679
7.64291e-06
0.000324366
6.96219e-06
0.000199603
8.89855e-06
0.000103275
6.64547e-06
0.000157462
7.01453e-06
0.000153225
7.54693e-06
0.00012094
7.02399e-06
0.000119514
7.5076e-06
8.75533e-05
7.16769e-06
6.13901e-05
7.13792e-06
4.39437e-05
6.84777e-06
3.27937e-05
9.27315e-06
1.56211e-05
7.34665e-06
2.70994e-05
6.38838e-06
5.78886e-05
7.10877e-06
2.44573e-05
7.8943e-06
1.44221e-05
6.94653e-06
1.21277e-05
9.08631e-06
9.51336e-06
1.61354e-05
8.50094e-06
4.78787e-05
6.56485e-06
4.42821e-05
6.48338e-06
2.59697e-05
7.86896e-06
3.12275e-05
6.89143e-06
5.8287e-05
6.68319e-06
5.02795e-05
6.75691e-06
2.94384e-05
7.25336e-06
1.88281e-05
7.96903e-06
3.79776e-05
6.47281e-06
5.46396e-05
6.42595e-06
5.18333e-05
7.27854e-06
6.30592e-05
6.60154e-06
8.13052e-05
6.71231e-06
0.000115911
6.38564e-06
0.000122551
6.37852e-06
0.000113945
6.4391e-06
9.53628e-05
6.72151e-06
0.000103569
6.75021e-06
7.80742e-05
9.44439e-06
0.000136297
7.11901e-06
0.000276363
7.9136e-06
0.000497956
6.86682e-06
0.000810088
6.28659e-06
0.000498264
6.45888e-06
0.000572114
6.71032e-06
0.000987592
8.13653e-06
0.00297322
6.07359e-06
0.00360275
6.83551e-06
0.00513421
6.26937e-06
0.00512899
6.84348e-06
0.00550375
6.27072e-06
0.00294827
6.78888e-06
0.00317176
5.66277e-06
0.00366983
6.29915e-06
0.00379534
6.65447e-06
0.00685229
5.95249e-06
0.00710182
5.93468e-06
0.00734637
6.36364e-06
0.00487722
6.91377e-06
0.00718432
9.23867e-06
0.0131656
5.80545e-06
0.0161479
5.9532e-06
0.0151796
6.61755e-06
0.0136729
6.60348e-06
0.0150002
6.07487e-06
0.0149171
6.47657e-06
0.0143054
6.40211e-06
0.0131969
6.36901e-06
0.0110564
6.16493e-06
0.0105348
6.56414e-06
0.00674682
6.18739e-06
0.00631564
5.94242e-06
0.00547501
6.77267e-06
0.0028932
6.36517e-06
0.00183362
6.47289e-06
0.00297715
5.82502e-06
0.00348432
7.16415e-06
0.00145091
6.20589e-06
0.00206186
5.87347e-06
0.00185335
7.04526e-06
0.000758236
6.47585e-06
0.000344734
8.47224e-06
8.63803e-05
6.38387e-06
5.11437e-05
7.17627e-06
2.88876e-05
5.75109e-06
2.68924e-05
6.42574e-06
2.02613e-05
6.24146e-06
2.16209e-05
6.46806e-06
3.67661e-05
5.54853e-06
3.60361e-05
5.79464e-06
2.95547e-05
6.25096e-06
1.96297e-05
6.13208e-06
2.03893e-05
6.22511e-06
1.48919e-05
7.33546e-06
1.21905e-05
6.05967e-06
1.89668e-05
5.85238e-06
2.09682e-05
6.63225e-06
1.52588e-05
5.80685e-06
2.19854e-05
5.84766e-06
1.96803e-05
6.44477e-06
1.88559e-05
6.53581e-06
2.1512e-05
8.57286e-06
9.98161e-06
8.58494e-06
7.17803e-06
1.1952e-05
6.36162e-06
2.01365e-05
5.72989e-06
3.12043e-05
5.20046e-06
2.12343e-05
5.41196e-06
1.54168e-05
5.68708e-06
1.34879e-05
6.36853e-06
1.31208e-05
7.28275e-06
3.71783e-05
5.56731e-06
4.06557e-05
5.52316e-06
1.95941e-05
6.60688e-06
1.4987e-05
5.75482e-06
1.43172e-05
6.87964e-06
1.68316e-05
6.42619e-06
1.80304e-05
6.25684e-06
3.33298e-05
5.20325e-06
4.59946e-05
6.11606e-06
9.04822e-05
5.28633e-06
0.000122045
7.36775e-06
0.000328175
6.00461e-06
0.00126967
5.85879e-06
0.00159821
5.55666e-06
0.000865451
6.41384e-06
0.00180893
5.24793e-06
0.00137354
5.67447e-06
0.00218222
5.23202e-06
0.00348984
5.04057e-06
0.00280366
5.54412e-06
0.00256782
5.03339e-06
0.00188005
4.97835e-06
0.00110271
6.08125e-06
0.00251811
4.97005e-06
0.00308803
5.14588e-06
0.00214123
6.10004e-06
0.00200649
5.23801e-06
0.00143001
5.01235e-06
0.00127745
6.04736e-06
0.00196146
5.43476e-06
0.00357484
7.49425e-06
0.00932976
5.64494e-06
0.0127687
5.87585e-06
0.00989306
5.57354e-06
0.0065406
6.22312e-06
0.00286559
5.42551e-06
0.00269502
4.99334e-06
0.00409233
4.95521e-06
0.00859121
5.02803e-06
0.00946376
6.1373e-06
0.00824372
5.0125e-06
0.0113205
4.74433e-06
0.0129322
5.4119e-06
0.00793628
5.87707e-06
0.00367349
5.7279e-06
0.00272103
4.69691e-06
0.00255786
5.23619e-06
0.00285869
4.64663e-06
0.00436715
4.71793e-06
0.00333156
6.29963e-06
0.00282985
4.97229e-06
0.00324175
7.65636e-06
0.00107379
5.32654e-06
0.000611567
5.42147e-06
0.000401831
4.89037e-06
0.000280813
5.66817e-06
0.000231813
4.88029e-06
0.000390028
4.72378e-06
0.000577956
5.11874e-06
0.000361941
6.1028e-06
0.000164447
4.82558e-06
0.000151608
5.29644e-06
0.000185482
5.90795e-06
0.000174847
4.87911e-06
0.000185054
4.95912e-06
0.000194883
5.7621e-06
0.000101611
5.80622e-06
5.44044e-05
5.81748e-06
3.11766e-05
5.47259e-06
2.17897e-05
5.00189e-06
2.50722e-05
5.62573e-06
1.73733e-05
5.74827e-06
1.00777e-05
1.17136e-05
5.79834e-06
1.14172e-05
6.7807e-06
8.2383e-06
8.00757e-06
6.82311e-06
9.25923e-06
6.45222e-06
8.56906e-06
5.86621e-06
1.14953e-05
5.86194e-06
9.24575e-06
6.69319e-06
7.43141e-06
6.76738e-06
7.26401e-06
1.23089e-05
5.41074e-06
1.85476e-05
5.012e-06
1.64293e-05
5.33323e-06
1.81895e-05
4.98149e-06
2.50501e-05
5.01915e-06
2.01796e-05
5.69512e-06
1.30003e-05
5.05786e-06
9.22899e-06
5.80155e-06
8.76083e-06
5.83369e-06
1.1765e-05
6.4133e-06
2.17121e-05
5.995e-06
6.55949e-05
4.61709e-06
6.30004e-05
5.53552e-06
5.38898e-05
4.83734e-06
6.04075e-05
5.03537e-06
6.63991e-05
5.34341e-06
0.000137175
4.80526e-06
0.000137239
6.08303e-06
0.000194315
5.14771e-06
0.000150317
5.22344e-06
0.000193644
5.20967e-06
0.00033068
5.13606e-06
0.000903674
4.56858e-06
0.00106125
4.71176e-06
0.000808479
4.45153e-06
0.000643758
5.68204e-06
0.00111752
4.8842e-06
0.00186959
4.86562e-06
0.00158383
5.48833e-06
0.00232437
4.93662e-06
0.00166685
5.17743e-06
0.00136595
6.45237e-06
0.00313251
5.50354e-06
0.0049
4.41805e-06
0.00537152
4.51408e-06
0.00588975
5.21396e-06
0.00884946
4.85506e-06
0.0107771
5.8584e-06
0.00657644
4.68987e-06
0.00530748
4.7599e-06
0.00527501
4.57531e-06
0.0074257
4.59885e-06
0.010454
5.22349e-06
0.00822182
4.50554e-06
0.00975161
4.80986e-06
0.00767719
4.84957e-06
0.00543236
5.23586e-06
0.00408884
4.75645e-06
0.00576629
4.95682e-06
0.00370635
4.68115e-06
0.0037583
4.58513e-06
0.00277732
6.81288e-06
0.000741513
5.37117e-06
0.000420391
5.72288e-06
0.000338347
4.95408e-06
0.000531763
4.73446e-06
0.000451755
5.46426e-06
0.000325604
4.50697e-06
0.000305797
4.95022e-06
0.000186787
5.00177e-06
0.000134778
4.4802e-06
0.00012723
4.44392e-06
0.000124422
4.57764e-06
0.000108723
4.77854e-06
0.00012386
4.6394e-06
0.000100347
5.00795e-06
0.000151676
4.4002e-06
0.000276271
4.52009e-06
0.000452915
4.49394e-06
0.000581948
4.92579e-06
0.00037539
4.70044e-06
0.00027971
6.50775e-06
7.14242e-05
4.99074e-06
4.13892e-05
6.02059e-06
1.69184e-05
4.54202e-06
1.38358e-05
4.69482e-06
1.00378e-05
6.7167e-06
5.55252e-06
7.43806e-06
7.15495e-06
6.35727e-06
8.99856e-06
5.4374e-06
9.71094e-06
5.13793e-06
7.75523e-06
5.92788e-06
6.17979e-06
7.49012e-06
5.39526e-06
6.65446e-06
6.71801e-06
6.28986e-06
7.42226e-06
7.27074e-06
5.75315e-06
1.18554e-05
4.91631e-06
9.56682e-06
5.39975e-06
1.25721e-05
4.85116e-06
2.06033e-05
4.25372e-06
1.89279e-05
4.5238e-06
1.19634e-05
6.68399e-06
1.38992e-05
5.51509e-06
4.18527e-05
4.88904e-06
0.000115414
4.81301e-06
0.000272571
4.22063e-06
0.000314451
4.21731e-06
0.000228275
4.52789e-06
0.000281006
4.84816e-06
0.000534458
4.31157e-06
0.000511042
4.93545e-06
0.000684241
4.40741e-06
0.000498009
4.6026e-06
0.000403073
4.24498e-06
0.000232586
3.88447e-06
0.000130802
3.88207e-06
7.63658e-05
3.99914e-06
6.97959e-05
5.29325e-06
0.000158035
4.49245e-06
0.000317076
4.62976e-06
0.000356429
4.59722e-06
0.000605718
5.04533e-06
0.00104948
5.50795e-06
0.00429259
4.26565e-06
0.00522194
4.11864e-06
0.00222392
4.23857e-06
0.00191441
4.5646e-06
0.00179533
4.53003e-06
0.00302587
5.03983e-06
0.00788188
4.6302e-06
0.00976835
4.61549e-06
0.00951608
4.62764e-06
0.0106377
4.20491e-06
0.00994995
4.61623e-06
0.00744319
4.04467e-06
0.00676423
4.62087e-06
0.00446495
4.58903e-06
0.00707012
4.20036e-06
0.00831291
4.40023e-06
0.00543007
4.7576e-06
0.00314378
4.26626e-06
0.0034014
4.22447e-06
0.00236038
4.65937e-06
0.00100872
5.83004e-06
0.000284878
4.68696e-06
0.000190939
4.20524e-06
0.000199133
3.88403e-06
0.000335116
3.94549e-06
0.000536203
4.10765e-06
0.000907035
4.25183e-06
0.00133552
4.33931e-06
0.00168425
3.86464e-06
0.00224448
3.88995e-06
0.0021867
4.01974e-06
0.00196496
4.37028e-06
0.00144485
4.70794e-06
0.000626606
4.6001e-06
0.000509295
4.17825e-06
0.000489229
4.18646e-06
0.000446404
4.04549e-06
0.000274549
4.22444e-06
0.000305663
5.24649e-06
0.00019052
4.5525e-06
5.12633e-05
5.57437e-06
2.09472e-05
4.41582e-06
1.39366e-05
4.62101e-06
1.24981e-05
3.9249e-06
1.87439e-05
4.69557e-06
1.35772e-05
4.24023e-06
1.53911e-05
3.93656e-06
1.27966e-05
4.34364e-06
8.47128e-06
4.65472e-06
7.08544e-06
5.46523e-06
8.06839e-06
4.63147e-06
1.24707e-05
4.42995e-06
9.94107e-06
4.87376e-06
6.83455e-06
4.52265e-06
6.21405e-06
5.02403e-06
4.99765e-06
6.97108e-06
4.47926e-06
1.02592e-05
4.51686e-06
1.50204e-05
4.08242e-06
2.27617e-05
4.18476e-06
2.18761e-05
5.55361e-06
7.11396e-05
3.99935e-06
7.25094e-05
4.59509e-06
7.26642e-05
3.92197e-06
5.63383e-05
4.02092e-06
5.10561e-05
3.90648e-06
5.97661e-05
3.89769e-06
6.01634e-05
3.73028e-06
5.86107e-05
3.56464e-06
4.69004e-05
3.59984e-06
4.91114e-05
4.26198e-06
8.58017e-05
4.05144e-06
0.000175827
4.52916e-06
0.000439617
3.95932e-06
0.000666179
3.87264e-06
0.000346
4.57086e-06
0.000540191
3.97379e-06
0.00114019
4.02911e-06
0.00226344
3.45284e-06
0.0018279
3.81908e-06
0.001278
4.12676e-06
0.00164095
5.02316e-06
0.00410495
4.3397e-06
0.00856929
3.80372e-06
0.00866942
4.20646e-06
0.00856102
3.42633e-06
0.00953108
3.57757e-06
0.00868122
3.81985e-06
0.00785709
3.59052e-06
0.00775769
3.49699e-06
0.00771427
3.79871e-06
0.00905842
3.35787e-06
0.00948572
3.30108e-06
0.00651646
4.22182e-06
0.00837643
3.45295e-06
0.00946433
3.94338e-06
0.00773092
3.62251e-06
0.00820476
3.75675e-06
0.0072253
3.49891e-06
0.00986426
3.3643e-06
0.00762292
4.91669e-06
0.00641472
3.92022e-06
0.00795519
3.5383e-06
0.00707979
3.72755e-06
0.00531665
3.27028e-06
0.00548376
3.77607e-06
0.00380943
4.2273e-06
0.00160935
3.51101e-06
0.00123645
3.56095e-06
0.000702951
4.09218e-06
0.000511972
3.19821e-06
0.000679348
3.4586e-06
0.000881279
4.18649e-06
0.000737606
3.38672e-06
0.000524388
3.98139e-06
0.000254242
3.10826e-06
0.000252238
3.37097e-06
0.000244706
3.52107e-06
0.000291819
3.47388e-06
0.000279977
3.52356e-06
0.000164189
3.63269e-06
0.000111514
3.27583e-06
3.83423e-05
4.99657e-06
1.84076e-05
3.10485e-06
4.56524e-05
3.32187e-06
5.01472e-05
3.48269e-06
4.07189e-05
3.71068e-06
2.64909e-05
3.17869e-06
2.4779e-05
3.29094e-06
1.55888e-05
3.64337e-06
6.6924e-06
3.84471e-06
5.06582e-06
4.47147e-06
4.2104e-06
6.78319e-06
4.09932e-06
4.29987e-06
5.11583e-06
4.35e-06
6.42091e-06
3.45215e-06
1.18142e-05
3.19463e-06
2.04647e-05
3.04801e-06
2.29339e-05
3.30779e-06
1.18664e-05
4.09481e-06
6.98642e-06
3.66361e-06
5.23777e-06
4.83261e-06
4.9979e-06
8.89404e-06
3.47439e-06
2.11407e-05
2.89905e-06
2.16052e-05
2.7759e-06
1.65408e-05
3.45693e-06
1.59432e-05
3.4415e-06
2.61102e-05
3.41968e-06
1.45413e-05
3.54765e-06
2.77678e-05
3.23956e-06
4.26078e-05
3.12861e-06
5.10176e-05
3.16768e-06
5.41218e-05
2.92384e-06
3.84668e-05
3.38737e-06
3.84901e-05
3.01221e-06
4.27833e-05
2.90136e-06
4.37834e-05
3.24958e-06
4.98421e-05
3.37607e-06
6.84308e-05
3.17062e-06
0.00013727
3.01238e-06
0.000125881
2.88237e-06
5.71724e-05
3.58047e-06
8.32189e-05
3.71114e-06
0.000292351
3.35229e-06
0.000958999
2.7322e-06
0.00131969
2.92166e-06
0.00135969
3.04268e-06
0.00174642
2.89857e-06
0.00192313
2.79117e-06
0.00177932
2.99319e-06
0.00152022
3.0736e-06
0.00137844
3.24004e-06
0.00184393
2.82007e-06
0.00100353
3.5988e-06
0.00131454
2.96576e-06
0.00230794
2.88492e-06
0.00240944
3.18142e-06
0.0043285
2.86447e-06
0.00445004
2.73206e-06
0.00397001
2.84296e-06
0.00465834
2.70996e-06
0.00565271
3.06912e-06
0.00549801
3.79942e-06
0.00385312
3.35942e-06
0.00362474
2.93484e-06
0.00400561
3.43835e-06
0.00324322
2.76128e-06
0.00361092
3.0723e-06
0.00211896
3.01096e-06
0.00175346
2.68649e-06
0.00207141
2.69928e-06
0.003609
2.59188e-06
0.00389384
2.77998e-06
0.00231352
3.13498e-06
0.00120714
2.7408e-06
0.00115475
3.04852e-06
0.000775546
2.80657e-06
0.000958711
2.72793e-06
0.00178803
2.90291e-06
0.0013902
2.85848e-06
0.000744067
2.97164e-06
0.000506138
2.81364e-06
0.000357969
2.94598e-06
0.000187171
3.25841e-06
5.29165e-05
3.39454e-06
3.2807e-05
2.62394e-06
3.48317e-05
2.77e-06
3.85538e-05
2.98814e-06
3.00518e-05
2.93563e-06
1.77612e-05
3.17888e-06
1.82257e-05
2.79889e-06
2.06046e-05
3.31005e-06
1.37677e-05
2.59067e-06
1.22554e-05
2.8458e-06
7.41648e-06
2.77969e-06
7.42706e-06
2.7014e-06
9.73878e-06
2.589e-06
7.70689e-06
2.79172e-06
6.9351e-06
2.51957e-06
1.17876e-05
2.42288e-06
1.13181e-05
3.08351e-06
6.09912e-06
3.03907e-06
5.79543e-06
3.28013e-06
6.98626e-06
3.1882e-06
4.54823e-06
3.89908e-06
3.44102e-06
1.3222e-05
2.89897e-06
1.94578e-05
2.64303e-06
1.80861e-05
2.56062e-06
2.32769e-05
2.6763e-06
4.11019e-05
2.35079e-06
4.62495e-05
2.40729e-06
5.56395e-05
2.50224e-06
7.991e-05
2.54312e-06
8.78214e-05
2.44071e-06
5.04273e-05
2.3374e-06
2.41154e-05
2.37097e-06
1.82167e-05
2.59215e-06
2.67844e-05
2.41773e-06
3.47361e-05
2.55255e-06
4.55191e-05
2.50557e-06
6.98225e-05
3.12306e-06
0.000147981
2.33547e-06
0.000138295
2.55125e-06
0.00012248
2.83577e-06
0.000206844
3.40313e-06
0.00068847
2.3021e-06
0.000796675
2.7523e-06
0.000813332
2.38305e-06
0.000586317
2.28513e-06
0.000351214
2.40331e-06
0.000428754
2.14306e-06
0.000293827
2.23729e-06
0.000285767
2.61008e-06
0.000554017
2.58613e-06
0.00101901
2.37568e-06
0.000933429
2.51174e-06
0.00185914
2.55238e-06
0.0033855
2.34975e-06
0.00409022
2.3546e-06
0.00333466
2.80848e-06
0.00381963
2.21823e-06
0.00380817
2.48404e-06
0.00380875
2.31734e-06
0.00368928
2.37829e-06
0.00304647
2.90551e-06
0.00440729
3.01317e-06
0.00355529
2.15093e-06
0.00353859
2.42507e-06
0.00224485
2.34295e-06
0.00192824
2.5414e-06
0.000880496
2.23572e-06
0.000871177
2.15042e-06
0.00132678
2.40002e-06
0.00165595
2.44148e-06
0.00096453
2.21414e-06
0.000640237
2.40357e-06
0.000510606
2.29897e-06
0.000403382
2.38356e-06
0.000270096
2.76194e-06
0.000141692
2.02775e-06
0.000189815
2.07496e-06
0.000309794
2.2781e-06
0.000260225
2.13015e-06
0.00017657
2.4439e-06
0.000115242
2.09234e-06
0.000179958
3.25487e-06
7.033e-05
2.09896e-06
6.46815e-05
1.98157e-06
6.7678e-05
2.16544e-06
6.13657e-05
2.34454e-06
4.35356e-05
2.015e-06
4.62998e-05
1.95859e-06
5.18249e-05
2.07616e-06
3.85622e-05
2.41543e-06
1.78623e-05
2.21649e-06
1.53941e-05
2.10298e-06
1.42664e-05
2.69379e-06
8.3214e-06
2.11247e-06
1.83806e-05
2.0749e-06
1.98883e-05
2.14993e-06
3.05428e-05
2.01057e-06
3.04783e-05
2.139e-06
2.51188e-05
2.00016e-06
1.69218e-05
2.2953e-06
6.62594e-06
2.38279e-06
3.55495e-06
4.69618e-06
2.46134e-06
6.75909e-06
2.34181e-06
1.18784e-05
2.02345e-06
1.54867e-05
2.10641e-06
1.44499e-05
2.07078e-06
1.40547e-05
2.40029e-06
1.09396e-05
2.30673e-06
1.86322e-05
2.00717e-06
3.55993e-05
1.98999e-06
5.51337e-05
1.8884e-06
4.31446e-05
1.89299e-06
2.94469e-05
1.87687e-06
1.96574e-05
1.87832e-06
1.40384e-05
2.35063e-06
3.14087e-05
1.91729e-06
4.14063e-05
1.86476e-06
3.4941e-05
1.83276e-06
3.75453e-05
2.2081e-06
4.97425e-05
1.84757e-06
2.28958e-05
2.85692e-06
5.53361e-05
2.11985e-06
0.000140927
2.10008e-06
0.000269623
2.00481e-06
0.000270332
1.95479e-06
0.000389189
1.76457e-06
0.000386275
1.97704e-06
0.000496299
2.04299e-06
0.000703535
2.10548e-06
0.00104025
2.15068e-06
0.00128123
1.88368e-06
0.00134168
2.18891e-06
0.00231461
1.83105e-06
0.00174865
2.11919e-06
0.00124069
1.93564e-06
0.00202894
1.83132e-06
0.00164586
1.86402e-06
0.00156476
2.03095e-06
0.00213309
1.9904e-06
0.00337357
2.04519e-06
0.00469004
2.0776e-06
0.00323096
2.10495e-06
0.00238579
2.18596e-06
0.000866448
2.34921e-06
0.000415658
1.9723e-06
0.000302583
1.90674e-06
0.000390472
1.84605e-06
0.000835089
1.69702e-06
0.00100202
1.75119e-06
0.00185752
1.73893e-06
0.00222379
1.95137e-06
0.00163198
2.11589e-06
0.000799664
1.90696e-06
0.000422768
1.96988e-06
0.000177515
1.90973e-06
0.000186542
1.76946e-06
0.000206591
1.7206e-06
0.000247631
1.66049e-06
0.00030827
1.90773e-06
0.000244536
1.80349e-06
0.000278441
2.10098e-06
0.000330672
2.05065e-06
0.000180217
2.4883e-06
7.13101e-05
2.04587e-06
3.49273e-05
1.78397e-06
3.5243e-05
1.73238e-06
5.15391e-05
2.07824e-06
3.36767e-05
1.87286e-06
2.16492e-05
2.21202e-06
1.58144e-05
1.80558e-06
1.08744e-05
1.9235e-06
6.24952e-06
1.80173e-06
7.17934e-06
1.85164e-06
5.33889e-06
2.07826e-06
3.29859e-06
2.56747e-06
3.21948e-06
2.642e-06
3.48702e-06
1.7804e-06
4.83291e-06
1.83714e-06
3.18273e-06
2.39567e-06
2.55238e-06
2.02578e-06
3.00875e-06
2.58466e-06
2.17969e-06
2.87838e-06
2.28408e-06
2.56744e-06
2.86498e-06
8.22706e-06
1.74686e-06
6.66539e-06
1.89095e-06
7.22204e-06
1.73002e-06
9.83325e-06
1.69704e-06
1.11461e-05
2.02603e-06
2.56509e-05
1.70709e-06
2.7906e-05
1.61444e-06
1.05367e-05
1.71929e-06
8.62393e-06
1.96527e-06
1.47007e-05
1.65217e-06
1.57269e-05
1.83311e-06
1.73259e-05
1.75796e-06
3.54842e-05
1.56154e-06
3.06345e-05
1.64892e-06
2.11099e-05
2.05765e-06
5.36781e-05
1.61149e-06
5.85511e-05
1.78979e-06
5.5643e-05
1.81603e-06
8.5439e-05
1.7835e-06
7.576e-05
2.21612e-06
0.000181036
2.01994e-06
0.000333762
1.77094e-06
0.000278384
1.71659e-06
0.000223358
2.01321e-06
0.000676215
1.66218e-06
0.00149039
1.72822e-06
0.00229042
1.88671e-06
0.00352096
1.85289e-06
0.00361708
1.61594e-06
0.00294879
1.78286e-06
0.00226466
1.68179e-06
0.00178233
1.7522e-06
0.000918111
1.58159e-06
0.000803035
1.57406e-06
0.0013283
1.75608e-06
0.00134642
1.56206e-06
0.00254455
1.43668e-06
0.00353817
1.47841e-06
0.00337381
1.45974e-06
0.00369881
1.5611e-06
0.00267201
1.95833e-06
0.000748736
1.90129e-06
0.000477394
1.48087e-06
0.000580713
1.51435e-06
0.000643827
1.49703e-06
0.000696178
1.5297e-06
0.000690104
1.45769e-06
0.000605684
1.78599e-06
0.000338273
1.56927e-06
0.000309991
1.55191e-06
0.000320455
1.49168e-06
0.000534467
1.6346e-06
0.0007737
1.46661e-06
0.000739783
1.59789e-06
0.000512893
1.79811e-06
0.000399961
1.65507e-06
0.000256103
1.67491e-06
0.0001542
1.49369e-06
0.000128317
1.50018e-06
0.000107558
1.64725e-06
6.21392e-05
1.79717e-06
3.15206e-05
1.6808e-06
8.85724e-06
1.99928e-06
4.01029e-06
1.6754e-06
3.21297e-06
1.74699e-06
5.84844e-06
1.53503e-06
6.12653e-06
1.5465e-06
4.05335e-06
1.62854e-06
3.16018e-06
1.7734e-06
2.77215e-06
1.86133e-06
2.42146e-06
2.51109e-06
2.04014e-06
1.95957e-06
2.51056e-06
1.80528e-06
2.51853e-06
1.75107e-06
2.60158e-06
1.65483e-06
2.4433e-06
1.82528e-06
2.09704e-06
2.89305e-06
1.7522e-06
2.41656e-06
1.84233e-06
2.17273e-06
2.84353e-06
1.98002e-06
2.2469e-06
1.94453e-06
1.9587e-06
3.4156e-06
1.881e-06
1.05491e-05
1.69006e-06
2.15293e-05
1.4514e-06
3.35414e-05
1.37883e-06
2.83652e-05
1.44453e-06
3.15761e-05
1.56581e-06
4.98579e-05
1.54013e-06
7.35074e-05
1.40748e-06
5.82435e-05
1.61352e-06
6.93551e-05
1.59404e-06
0.000114931
1.44476e-06
0.000127092
1.4946e-06
8.36867e-05
1.33828e-06
6.08691e-05
1.48554e-06
7.26429e-05
1.45555e-06
0.000121694
1.37235e-06
0.000158145
1.55896e-06
0.000359413
1.41554e-06
0.000779976
1.42188e-06
0.00105093
1.63548e-06
0.00252483
1.41665e-06
0.00264529
1.48214e-06
0.00332446
1.84747e-06
0.0021967
1.47579e-06
0.00329736
1.299e-06
0.00382055
1.25172e-06
0.00322955
1.60434e-06
0.00328606
1.25678e-06
0.00364672
1.27623e-06
0.00280319
1.30868e-06
0.00309497
1.32384e-06
0.00330674
1.21e-06
0.00259722
1.22827e-06
0.00231724
1.36528e-06
0.00266134
1.30006e-06
0.00301619
1.33075e-06
0.00295757
1.5713e-06
0.00304339
1.31045e-06
0.00292637
1.43074e-06
0.00308527
1.40181e-06
0.0024989
1.45617e-06
0.00174689
1.713e-06
0.000670776
1.58727e-06
0.000223075
1.52548e-06
0.000200808
1.47848e-06
0.000121487
1.40119e-06
6.76586e-05
1.36823e-06
5.34754e-05
1.23899e-06
5.25764e-05
1.27476e-06
4.29668e-05
1.38647e-06
6.52155e-05
1.22511e-06
0.000126064
1.16733e-06
0.000172971
1.36411e-06
0.000120746
1.27773e-06
9.38618e-05
1.25795e-06
4.45381e-05
1.60354e-06
2.76631e-05
1.26796e-06
2.49798e-05
1.43144e-06
1.7867e-05
1.14796e-06
2.21435e-05
1.25042e-06
1.97268e-05
1.34778e-06
1.98958e-05
1.20341e-06
2.16462e-05
1.95074e-06
7.10202e-06
1.33348e-06
5.82469e-06
1.35523e-06
6.08857e-06
1.29352e-06
1.05878e-05
1.38758e-06
7.61115e-06
1.23994e-06
5.54662e-06
1.40797e-06
2.83347e-06
1.41673e-06
2.50427e-06
1.32913e-06
2.35399e-06
1.56145e-06
1.85217e-06
2.1562e-06
1.34574e-06
2.50561e-06
1.32799e-06
2.68213e-06
1.47538e-06
4.30437e-06
1.45168e-06
6.96946e-06
1.3131e-06
1.12875e-05
1.16823e-06
8.97317e-06
1.45841e-06
9.43758e-06
1.20421e-06
8.43927e-06
1.28957e-06
4.83455e-06
1.2542e-06
3.66772e-06
1.87183e-06
1.18286e-05
1.21909e-06
2.0794e-05
1.1867e-06
2.37166e-05
1.38201e-06
3.54402e-05
1.18983e-06
5.21549e-05
1.15905e-06
4.71439e-05
1.19236e-06
5.62092e-05
1.27532e-06
8.36567e-05
1.21704e-06
9.25378e-05
1.21126e-06
0.000102159
1.36425e-06
0.000185393
1.25706e-06
0.000192321
1.20512e-06
0.000107973
1.43781e-06
0.000277675
1.09956e-06
0.000421401
1.27084e-06
0.000471884
1.10055e-06
0.000350613
1.01733e-06
0.000198669
1.04306e-06
0.000185607
1.15591e-06
0.000242823
1.69462e-06
0.00111324
1.18593e-06
0.00256356
1.11822e-06
0.00240371
1.2324e-06
0.00262728
1.12065e-06
0.00257965
1.04698e-06
0.00132506
1.2893e-06
0.00132869
1.27608e-06
0.00263552
1.18828e-06
0.00242539
1.18825e-06
0.00181677
1.15091e-06
0.00180311
1.23185e-06
0.00139046
1.18199e-06
0.0014646
1.1055e-06
0.00177483
1.19534e-06
0.000876822
1.12716e-06
0.000760481
1.04051e-06
0.00111736
1.17107e-06
0.000735864
1.1487e-06
0.000886796
1.11491e-06
0.00147755
1.19222e-06
0.000604142
1.55235e-06
0.000231476
1.13173e-06
0.000210277
1.04178e-06
0.000260466
1.05953e-06
0.000184876
1.23738e-06
9.26746e-05
1.16774e-06
4.75606e-05
1.27157e-06
2.46737e-05
1.20342e-06
1.92071e-05
1.05289e-06
2.86931e-05
1.0857e-06
3.37717e-05
1.14155e-06
3.64052e-05
1.0269e-06
7.8911e-05
1.10509e-06
9.99419e-05
1.24341e-06
6.59759e-05
1.07514e-06
6.31144e-05
1.09555e-06
4.00546e-05
1.2004e-06
2.60353e-05
1.18797e-06
1.58215e-05
1.05492e-06
1.04955e-05
1.25014e-06
4.57804e-06
1.21247e-06
2.62675e-06
1.70575e-06
1.37397e-06
3.41262e-06
1.24753e-06
5.93296e-06
1.19443e-06
7.15746e-06
1.0214e-06
3.27064e-06
1.14675e-06
2.36472e-06
1.18244e-06
2.33828e-06
1.18479e-06
2.61827e-06
1.1838e-06
2.906e-06
1.21147e-06
2.69468e-06
1.14268e-06
3.10504e-06
1.1393e-06
5.62361e-06
1.02721e-06
6.49215e-06
1.04057e-06
5.32963e-06
1.1114e-06
9.28685e-06
9.88797e-07
1.41303e-05
1.00236e-06
1.6931e-05
1.17976e-06
1.38601e-05
1.02705e-06
1.19004e-05
9.33025e-07
9.21603e-06
1.05352e-06
1.07395e-05
1.41619e-06
4.64443e-05
1.04694e-06
5.89917e-05
1.04995e-06
0.000100072
1.01793e-06
0.000134196
1.2121e-06
0.000236573
9.05212e-07
0.000161752
9.08794e-07
0.000168449
8.7606e-07
0.000169217
8.82981e-07
0.000110566
1.03709e-06
6.28906e-05
1.0193e-06
5.96925e-05
1.03395e-06
9.02946e-05
1.17249e-06
0.000228272
8.80865e-07
0.000176971
9.45644e-07
0.000166676
1.0446e-06
0.000242673
9.17306e-07
0.000256234
9.17004e-07
0.000205943
1.02051e-06
0.000338579
1.08774e-06
0.00080094
1.23065e-06
0.00185148
1.12816e-06
0.00232088
8.89121e-07
0.00229743
9.06505e-07
0.00134414
9.86702e-07
0.00142835
9.67948e-07
0.00159407
1.01411e-06
0.0017989
1.01796e-06
0.00240465
8.92571e-07
0.00247601
8.88646e-07
0.00241933
9.70215e-07
0.00209753
9.65897e-07
0.00195213
9.11102e-07
0.00145451
9.08649e-07
0.00115313
8.85177e-07
0.00148998
9.24537e-07
0.0019809
9.25533e-07
0.00211125
1.03948e-06
0.00126369
9.80832e-07
0.000936146
8.97501e-07
0.000795087
1.02593e-06
0.000249985
1.10284e-06
0.000203722
1.04319e-06
0.000119043
8.69875e-07
0.000102511
9.04825e-07
5.98777e-05
9.15904e-07
5.32941e-05
9.62401e-07
3.48807e-05
9.67358e-07
2.45884e-05
9.85975e-07
1.74841e-05
9.84262e-07
2.6558e-05
8.28105e-07
2.40516e-05
8.93474e-07
1.69422e-05
8.42665e-07
1.93152e-05
8.02775e-07
1.84415e-05
8.83871e-07
1.19275e-05
9.15626e-07
9.54358e-06
9.17296e-07
7.33886e-06
8.61898e-07
5.187e-06
9.70121e-07
3.6074e-06
9.14758e-07
5.02577e-06
8.48238e-07
5.30778e-06
9.02309e-07
5.15632e-06
1.30867e-06
2.61954e-06
9.30649e-07
2.2423e-06
9.76588e-07
2.12891e-06
9.48828e-07
1.72478e-06
9.90735e-07
1.55794e-06
1.06747e-06
1.30534e-06
1.08736e-06
1.10962e-06
1.31026e-06
1.01613e-06
1.71307e-06
1.00006e-06
2.94709e-06
9.03176e-07
2.85914e-06
8.6709e-07
3.56018e-06
1.00777e-06
2.04042e-06
9.44355e-07
2.6118e-06
9.53185e-07
3.35235e-06
9.50944e-07
7.03864e-06
8.08413e-07
4.71474e-06
9.38951e-07
5.76422e-06
9.28606e-07
7.40361e-06
8.76343e-07
8.06727e-06
9.45634e-07
1.66081e-05
9.48339e-07
4.9585e-05
9.16097e-07
0.00012596
1.01944e-06
0.000259339
1.04392e-06
0.000618128
7.94215e-07
0.000316683
8.10272e-07
0.000282277
8.33182e-07
0.000359221
7.91569e-07
0.000393462
8.40688e-07
0.000505277
8.03042e-07
0.000739631
7.52421e-07
0.000900699
8.0419e-07
0.000630941
9.28798e-07
0.000910116
8.01896e-07
0.000746754
9.20244e-07
0.00111116
7.61856e-07
0.00102008
8.03075e-07
0.000573374
8.82143e-07
0.000456312
7.86317e-07
0.000620385
7.2196e-07
0.000537286
7.31442e-07
0.000356113
9.31644e-07
0.000489216
1.01338e-06
0.00179022
7.66621e-07
0.00205945
7.48868e-07
0.00177091
7.74361e-07
0.00163295
8.66268e-07
0.00166478
8.57523e-07
0.0019252
7.94853e-07
0.00189032
9.46942e-07
0.0016393
8.2093e-07
0.00185162
8.46886e-07
0.0014562
8.43103e-07
0.00113588
9.10278e-07
0.00093341
8.16724e-07
0.000781642
8.81739e-07
0.000426645
7.86571e-07
0.000318938
7.37858e-07
0.000320338
6.89977e-07
0.000423241
7.12595e-07
0.000388356
8.29762e-07
0.000322763
7.32713e-07
0.000720743
8.71284e-07
0.000350302
1.02143e-06
0.00010672
8.25487e-07
9.17324e-05
8.01335e-07
4.7548e-05
8.1511e-07
3.29122e-05
7.02264e-07
2.44778e-05
8.20199e-07
1.39877e-05
7.75555e-07
2.17291e-05
7.36533e-07
1.6062e-05
9.20492e-07
8.529e-06
7.05412e-07
1.19329e-05
6.82723e-07
2.65488e-05
6.80619e-07
6.10829e-05
7.47817e-07
5.80671e-05
7.91665e-07
4.87581e-05
6.96972e-07
3.87398e-05
8.14354e-07
3.36103e-05
7.06988e-07
3.58049e-05
7.56782e-07
2.40005e-05
7.57959e-07
1.72761e-05
8.07538e-07
6.59456e-06
8.42403e-07
2.9506e-06
9.66311e-07
1.20953e-06
1.28076e-06
1.00276e-06
1.37144e-06
1.07586e-06
1.05636e-06
9.97708e-07
1.16698e-06
8.2698e-07
1.64427e-06
8.77791e-07
1.00834e-06
1.03822e-06
1.50534e-06
7.72835e-07
2.49904e-06
7.21754e-07
2.91311e-06
7.07662e-07
3.70669e-06
6.49902e-07
4.22876e-06
6.20644e-07
3.54083e-06
7.50437e-07
3.38847e-06
7.16508e-07
4.80718e-06
6.78505e-07
2.46364e-06
8.00884e-07
2.03659e-06
7.53361e-07
4.26437e-06
6.85984e-07
7.26248e-06
6.14252e-07
5.37887e-06
6.93836e-07
4.62301e-06
7.99538e-07
8.23695e-06
9.41663e-07
3.11171e-05
6.36665e-07
2.53911e-05
6.36615e-07
1.86957e-05
6.31535e-07
1.49936e-05
6.50953e-07
1.21472e-05
7.12287e-07
2.29652e-05
6.64533e-07
2.11758e-05
6.59837e-07
1.14824e-05
6.93065e-07
1.44832e-05
7.46011e-07
1.89413e-05
6.92114e-07
3.36425e-05
7.94098e-07
8.42482e-05
6.55374e-07
0.000145884
7.09936e-07
0.000203458
6.67882e-07
0.000278181
6.51202e-07
0.000323428
7.22855e-07
0.000532272
6.76354e-07
0.000906671
6.34663e-07
0.000570547
6.49801e-07
0.000436388
6.85387e-07
0.000486723
6.70204e-07
0.000494828
8.47096e-07
0.000875902
6.9834e-07
0.00142271
7.33992e-07
0.000925976
6.72335e-07
0.000552985
6.73335e-07
0.000400012
5.45035e-07
0.000378802
5.66327e-07
0.000326379
6.02449e-07
0.000412306
5.98586e-07
0.000557642
6.08959e-07
0.000931362
6.58865e-07
0.000818296
6.25532e-07
0.000654158
6.33001e-07
0.000433289
6.3884e-07
0.000295145
6.17885e-07
0.000228705
5.75505e-07
0.000262887
6.41532e-07
0.000290788
5.56504e-07
0.000407993
5.9203e-07
0.000327231
6.35209e-07
0.000173117
5.87028e-07
0.000131209
8.86019e-07
5.11306e-05
5.8515e-07
0.000104543
5.69379e-07
0.000101214
7.45921e-07
3.4735e-05
5.77059e-07
3.02644e-05
5.49283e-07
2.86938e-05
5.65445e-07
2.45674e-05
5.85881e-07
2.2734e-05
5.5664e-07
1.96668e-05
6.16243e-07
9.68256e-06
6.09827e-07
5.08877e-06
5.66768e-07
5.58954e-06
5.12697e-07
1.28936e-05
6.21586e-07
1.19219e-05
5.55763e-07
1.42081e-05
7.02444e-07
7.05871e-06
5.23628e-07
8.34145e-06
5.77282e-07
5.91218e-06
5.35078e-07
7.0106e-06
5.07599e-07
6.79418e-06
5.8428e-07
4.18396e-06
6.21873e-07
2.78132e-06
7.26627e-07
9.12131e-07
8.12112e-07
7.40076e-07
6.66027e-07
7.66188e-07
1.22828e-06
6.00546e-07
1.03545e-06
7.3128e-07
7.41955e-07
6.62148e-07
8.39216e-07
6.86475e-07
9.60183e-07
6.02126e-07
8.61714e-07
5.94521e-07
1.08044e-06
5.98513e-07
1.54708e-06
5.73278e-07
1.02148e-06
6.1295e-07
1.08986e-06
6.23358e-07
1.49518e-06
6.09858e-07
4.69763e-06
5.01534e-07
7.30263e-06
5.68846e-07
6.6729e-06
5.38469e-07
5.5196e-06
5.00967e-07
3.80476e-06
5.50155e-07
4.88208e-06
5.27475e-07
7.72923e-06
4.97532e-07
9.48493e-06
6.09432e-07
2.01365e-05
5.62195e-07
9.76923e-05
5.58655e-07
0.000151857
4.95909e-07
0.000221982
4.313e-07
0.000148075
4.9997e-07
0.000104286
4.88936e-07
0.000104306
4.7071e-07
5.49534e-05
5.27648e-07
4.46131e-05
5.55518e-07
5.17832e-05
5.08889e-07
6.7934e-05
4.8205e-07
0.000101553
5.09345e-07
0.000155421
4.65478e-07
0.000165386
4.71166e-07
0.000214882
5.02818e-07
0.000368356
4.76928e-07
0.000601945
4.94147e-07
0.000619229
5.02194e-07
0.000966471
4.23048e-07
0.000799978
4.47884e-07
0.000313151
5.14335e-07
0.000521715
5.15262e-07
0.000722305
5.58849e-07
0.000919066
4.36852e-07
0.000996827
4.73547e-07
0.00106658
5.15484e-07
0.000628017
5.02961e-07
0.000544229
4.07718e-07
0.000825948
4.19391e-07
0.000614056
5.17141e-07
0.000298405
4.64692e-07
0.00027603
4.60352e-07
0.000368051
4.78966e-07
0.000438419
4.45931e-07
0.000536118
4.08236e-07
0.000565887
4.59627e-07
0.000358446
4.32479e-07
0.000293902
4.39731e-07
0.000296616
4.67776e-07
0.000212309
4.57845e-07
0.000114035
4.50903e-07
9.7119e-05
4.019e-07
8.59508e-05
4.9057e-07
6.64089e-05
3.94861e-07
0.000124345
6.07721e-07
4.07402e-05
4.40509e-07
6.40998e-05
4.94014e-07
3.15559e-05
4.68098e-07
2.64011e-05
3.98478e-07
2.63756e-05
4.42919e-07
1.67836e-05
4.60897e-07
8.11262e-06
4.30693e-07
5.33472e-06
3.86817e-07
3.90792e-06
4.38887e-07
1.85361e-06
4.45924e-07
1.42184e-06
4.16391e-07
2.98865e-06
3.92268e-07
5.12998e-06
4.17387e-07
3.88651e-06
4.70802e-07
1.38499e-06
4.74527e-07
9.66183e-07
5.09788e-07
8.97312e-07
4.19829e-07
1.34187e-06
4.12203e-07
1.21803e-06
4.80916e-07
8.31685e-07
4.99091e-07
6.41698e-07
5.07168e-07
7.37216e-07
8.6954e-07
4.41338e-07
1.7633e-06
3.93516e-07
1.97804e-06
3.96007e-07
9.57408e-07
5.22897e-07
6.85829e-07
4.96405e-07
8.00598e-07
4.44074e-07
9.04174e-07
4.09713e-07
1.05465e-06
4.06862e-07
1.14011e-06
4.09606e-07
1.33093e-06
4.1909e-07
1.53869e-06
3.80856e-07
2.09651e-06
3.69498e-07
2.14317e-06
4.46902e-07
3.36039e-06
3.94356e-07
5.41152e-06
3.74187e-07
2.79677e-06
4.13412e-07
2.47134e-06
3.9666e-07
1.69972e-06
4.62148e-07
2.85938e-06
3.80779e-07
3.83297e-06
3.74361e-07
5.51037e-06
4.66887e-07
1.27635e-05
4.59387e-07
3.55076e-05
4.34608e-07
7.63748e-05
3.65587e-07
0.000117856
3.53549e-07
0.000164602
3.4492e-07
0.000133029
3.837e-07
0.000109811
4.58434e-07
0.00013295
3.35385e-07
0.000138003
3.41535e-07
0.000124433
3.677e-07
0.000160268
3.79598e-07
0.000141032
3.46402e-07
0.000165016
3.61929e-07
0.000133818
3.85617e-07
0.000139887
3.50794e-07
0.000172515
3.62287e-07
0.000222714
3.71055e-07
0.00025071
3.49212e-07
0.00025248
3.5356e-07
0.00016076
3.97059e-07
0.000141733
3.39828e-07
0.000172734
4.29464e-07
0.000298178
4.4362e-07
0.000547388
4.05306e-07
0.000899143
3.37918e-07
0.000860154
3.48638e-07
0.000787103
3.38598e-07
0.000606062
3.56488e-07
0.000322099
3.8548e-07
0.000225961
3.36572e-07
0.000376815
3.8449e-07
0.000309006
3.47426e-07
0.000558621
3.39549e-07
0.000439096
4.07338e-07
0.000281512
3.60189e-07
0.000151261
3.51554e-07
9.95225e-05
3.08806e-07
0.000125541
3.20891e-07
9.58274e-05
4.39698e-07
3.80384e-05
3.16082e-07
4.26544e-05
3.00689e-07
4.87539e-05
3.66227e-07
2.66078e-05
3.53274e-07
3.83885e-05
3.12411e-07
5.73539e-05
4.65872e-07
2.3749e-05
3.83863e-07
7.42444e-06
3.5997e-07
4.08369e-06
3.51211e-07
2.63942e-06
3.27857e-07
2.81415e-06
3.27783e-07
3.67533e-06
3.29624e-07
3.49307e-06
3.41099e-07
2.28382e-06
3.2912e-07
1.8573e-06
3.42371e-07
1.79835e-06
3.18446e-07
1.4525e-06
3.63702e-07
1.70253e-06
3.3827e-07
2.32557e-06
3.23327e-07
2.38566e-06
3.46382e-07
1.41704e-06
3.24103e-07
1.63149e-06
3.03322e-07
1.72765e-06
3.23114e-07
1.46643e-06
3.08415e-07
1.57314e-06
3.18777e-07
1.13692e-06
3.3815e-07
7.10291e-07
4.81673e-07
3.91525e-07
1.19598e-06
3.49724e-07
9.3175e-07
3.46627e-07
7.48655e-07
4.09934e-07
5.27385e-07
4.2389e-07
6.95897e-07
3.62746e-07
8.76015e-07
3.63659e-07
2.19966e-06
3.07576e-07
3.27706e-06
3.57642e-07
5.18992e-06
3.11965e-07
5.23514e-06
3.81932e-07
1.31034e-05
2.8897e-07
1.67423e-05
3.20963e-07
2.02797e-05
3.08379e-07
2.08573e-05
2.9902e-07
1.90848e-05
3.05007e-07
8.47473e-06
3.2111e-07
1.36466e-05
2.97224e-07
2.00921e-05
2.81257e-07
2.07525e-05
2.77461e-07
2.06308e-05
3.06604e-07
1.76975e-05
3.6597e-07
2.37213e-05
3.5153e-07
0.00010602
2.65503e-07
8.15409e-05
3.04433e-07
7.44088e-05
3.31348e-07
0.00018986
2.76847e-07
0.000124208
2.87605e-07
6.3035e-05
2.90643e-07
4.50179e-05
3.2728e-07
7.76496e-05
2.9797e-07
0.00011148
2.68584e-07
0.000105168
2.85896e-07
0.000107294
3.04202e-07
0.000144433
2.77248e-07
0.000194352
3.39764e-07
0.000444408
2.74784e-07
0.000504766
3.14255e-07
0.000511788
3.31686e-07
0.000689367
2.64971e-07
0.00049254
2.69323e-07
0.000265487
2.77107e-07
0.000228304
3.11771e-07
0.000239929
2.81295e-07
0.000263771
3.99135e-07
0.000548074
3.18612e-07
0.000476056
3.36312e-07
0.00030698
2.78973e-07
0.000200096
3.32311e-07
0.000138928
2.78674e-07
0.000109588
2.81619e-07
5.90077e-05
2.99459e-07
8.3554e-05
2.67237e-07
0.000133232
2.56118e-07
0.000106647
2.70863e-07
8.75541e-05
2.97454e-07
6.01414e-05
2.95192e-07
4.20053e-05
2.88632e-07
4.94883e-05
2.69656e-07
6.33887e-05
3.05777e-07
3.22465e-05
2.7714e-07
2.48966e-05
2.7632e-07
2.82635e-05
2.5996e-07
3.6555e-05
2.56233e-07
7.65727e-05
2.59376e-07
0.000104236
4.36433e-07
2.70042e-05
2.66419e-07
1.7964e-05
3.18647e-07
9.44301e-06
2.44609e-07
1.16071e-05
3.18316e-07
6.00252e-06
2.93485e-07
3.2971e-06
3.05701e-07
2.53136e-06
2.75886e-07
2.07106e-06
2.8946e-07
1.43391e-06
3.07531e-07
9.37974e-07
2.80678e-07
1.49611e-06
3.00535e-07
1.46638e-06
2.85233e-07
1.1841e-06
2.79529e-07
1.44304e-06
2.9714e-07
1.13999e-06
2.70963e-07
9.32429e-07
2.77976e-07
6.96714e-07
2.78085e-07
7.10457e-07
3.02484e-07
4.50952e-07
4.47768e-07
3.14813e-07
4.08777e-07
3.37416e-07
4.41902e-07
2.98223e-07
5.96369e-07
4.23654e-07
1.43813e-06
2.5859e-07
1.02628e-06
2.88502e-07
1.29973e-06
2.53125e-07
1.31526e-06
2.45309e-07
1.49324e-06
2.53374e-07
1.56269e-06
2.96464e-07
2.87901e-06
2.33874e-07
2.51982e-06
2.44787e-07
1.36637e-06
2.65522e-07
1.2443e-06
2.5586e-07
1.49553e-06
3.01049e-07
3.18918e-06
2.42789e-07
2.31799e-06
2.40588e-07
1.00607e-06
3.07555e-07
9.53826e-07
2.80454e-07
2.13756e-06
2.84661e-07
3.27285e-06
2.57733e-07
4.07549e-06
2.85303e-07
5.88345e-06
2.44159e-07
8.74785e-06
2.889e-07
1.22665e-05
3.05756e-07
4.28176e-05
2.62622e-07
5.32043e-05
2.58868e-07
0.000102458
2.36568e-07
9.98288e-05
2.48343e-07
4.20521e-05
2.62967e-07
7.01173e-05
2.67938e-07
0.000116716
2.56431e-07
9.4903e-05
2.45318e-07
0.000104093
2.68505e-07
0.000203393
2.3457e-07
0.000298444
2.4081e-07
0.000324186
3.04424e-07
0.00055122
2.43348e-07
0.000630592
2.44917e-07
0.000573745
2.52264e-07
0.000582543
2.35516e-07
0.000464053
2.89428e-07
0.000593811
2.34575e-07
0.000554059
2.67774e-07
0.000514554
2.38208e-07
0.000307437
3.53842e-07
7.80834e-05
2.48599e-07
9.11653e-05
2.32792e-07
8.57762e-05
2.6547e-07
6.47211e-05
2.41237e-07
8.06002e-05
2.21423e-07
7.2982e-05
2.2843e-07
0.000100959
2.29828e-07
0.000197515
2.49276e-07
0.000154571
2.84325e-07
8.23153e-05
2.38231e-07
7.03572e-05
2.32079e-07
5.80654e-05
2.43728e-07
4.84716e-05
2.09277e-07
6.52113e-05
2.30859e-07
5.65061e-05
2.467e-07
4.13672e-05
2.19243e-07
3.23755e-05
2.63756e-07
1.63255e-05
2.34936e-07
2.56086e-05
2.39535e-07
2.64911e-05
3.29284e-07
8.5893e-06
2.44539e-07
5.78857e-06
2.09588e-07
8.71031e-06
2.1745e-07
1.28131e-05
2.46572e-07
1.07392e-05
2.14129e-07
1.11943e-05
2.1295e-07
7.60669e-06
2.91645e-07
3.05197e-06
2.34333e-07
2.75481e-06
2.29028e-07
2.79388e-06
2.26177e-07
2.77005e-06
2.54375e-07
4.67408e-06
2.14565e-07
5.31049e-06
2.25044e-07
3.86881e-06
2.22583e-07
4.0551e-06
2.21297e-07
3.72222e-06
2.57435e-07
2.64306e-06
2.33715e-07
1.61372e-06
2.43932e-07
7.71857e-07
3.10409e-07
3.82933e-07
4.07342e-07
2.88832e-07
6.50888e-07
2.74187e-07
7.12444e-07
2.37145e-07
9.70585e-07
2.60301e-07
5.74241e-07
2.65436e-07
8.39227e-07
2.26176e-07
1.28596e-06
2.14106e-07
1.1123e-06
2.31431e-07
1.2655e-06
2.43842e-07
1.67469e-06
2.35265e-07
2.50683e-06
2.14908e-07
3.30773e-06
2.33866e-07
6.19898e-06
2.17758e-07
7.58611e-06
2.3373e-07
8.76124e-06
2.36791e-07
5.73306e-06
2.22877e-07
5.60972e-06
2.34001e-07
8.45956e-06
2.22449e-07
1.03208e-05
2.20064e-07
1.12051e-05
2.29973e-07
1.34076e-05
3.25265e-07
2.74086e-05
2.09817e-07
6.34904e-05
2.06846e-07
5.79013e-05
2.42949e-07
9.9329e-05
2.0676e-07
0.000111851
1.99596e-07
6.64252e-05
2.41227e-07
6.45607e-05
2.40611e-07
6.20254e-05
2.23088e-07
7.4301e-05
2.28226e-07
9.53835e-05
2.0942e-07
9.27404e-05
2.29927e-07
0.000143882
2.3283e-07
0.000277976
2.07592e-07
0.000265466
2.13887e-07
0.000324418
2.7337e-07
0.000497214
2.03969e-07
0.000540664
2.29882e-07
0.000507289
2.16301e-07
0.000524967
2.25703e-07
0.000472761
2.29339e-07
0.000366394
2.99577e-07
0.000357478
1.9262e-07
0.000416335
1.93965e-07
0.000461036
1.96691e-07
0.000527434
1.93635e-07
0.000539129
2.32236e-07
0.000360303
2.14822e-07
0.000280171
2.16496e-07
0.000211482
2.25362e-07
0.00019601
2.01637e-07
0.000214051
2.30226e-07
0.000287309
2.17759e-07
0.000192425
2.29949e-07
8.13791e-05
2.15356e-07
5.42896e-05
2.04942e-07
6.45922e-05
1.98327e-07
8.95625e-05
2.05138e-07
9.70609e-05
1.94924e-07
0.000115107
2.6966e-07
3.55571e-05
2.38548e-07
1.25738e-05
2.13929e-07
7.56218e-06
1.91963e-07
1.10763e-05
2.13398e-07
1.69268e-05
2.25932e-07
7.68973e-06
2.26743e-07
3.45975e-06
2.10967e-07
2.20571e-06
2.13071e-07
1.82985e-06
2.15393e-07
7.5442e-07
2.5122e-07
5.54788e-07
1.99469e-07
5.60661e-07
2.04283e-07
4.18684e-07
2.67164e-07
2.90553e-07
2.84359e-07
4.00993e-07
2.02166e-07
6.56142e-07
1.91069e-07
1.52813e-06
1.84452e-07
1.33052e-06
2.3441e-07
7.45172e-07
1.96157e-07
7.92359e-07
2.2379e-07
4.33403e-07
3.00544e-07
2.5439e-07
5.50257e-07
1.962e-07
6.25807e-07
2.07655e-07
9.27845e-07
1.84268e-07
9.44425e-07
2.10399e-07
8.85885e-07
2.08607e-07
1.67734e-06
1.8052e-07
7.46271e-07
2.03459e-07
4.57599e-07
2.17437e-07
3.9642e-07
2.00095e-07
4.16354e-07
1.96963e-07
4.00743e-07
2.18207e-07
4.17724e-07
1.99798e-07
5.04575e-07
2.00589e-07
4.7489e-07
2.3249e-07
4.92381e-07
1.94569e-07
5.24673e-07
2.23627e-07
7.66373e-07
2.05171e-07
1.96416e-06
2.22721e-07
3.18517e-06
2.29627e-07
4.6803e-06
2.23175e-07
7.98078e-06
1.82859e-07
8.06628e-06
1.94871e-07
1.11098e-05
2.08677e-07
2.24651e-05
1.88429e-07
3.44018e-05
1.73474e-07
3.72922e-05
2.00699e-07
5.89815e-05
2.07113e-07
0.000141316
1.83912e-07
0.000187168
1.88789e-07
0.000276226
1.68255e-07
0.000136697
1.81378e-07
8.57174e-05
1.84587e-07
8.10149e-05
1.72551e-07
5.38908e-05
1.69121e-07
4.52229e-05
1.64989e-07
4.53691e-05
1.7072e-07
4.44583e-05
2.07938e-07
6.41178e-05
1.84828e-07
8.44726e-05
2.50086e-07
0.000317706
1.8605e-07
0.00041446
1.82071e-07
0.000435426
1.76666e-07
0.000449119
1.76418e-07
0.00040425
1.86934e-07
0.000385759
1.58852e-07
0.000355888
1.65888e-07
0.000356269
1.88424e-07
0.000421476
1.65375e-07
0.000444337
1.66087e-07
0.000427045
1.90201e-07
0.00027905
1.96907e-07
0.000259344
1.68521e-07
0.000303985
1.80597e-07
0.000212458
1.65512e-07
0.000142496
1.73196e-07
0.000168981
1.74894e-07
0.000230292
1.76124e-07
0.000169648
1.87144e-07
6.86234e-05
2.2036e-07
1.44438e-05
1.9289e-07
7.99412e-06
1.64447e-07
8.75033e-06
1.55604e-07
8.93748e-06
1.82937e-07
3.62715e-06
1.80822e-07
1.82606e-06
1.82295e-07
1.67939e-06
1.7246e-07
1.22152e-06
1.71944e-07
2.28531e-06
1.54533e-07
2.89457e-06
1.96307e-07
1.67958e-06
1.51088e-07
2.74304e-06
1.46562e-07
4.67573e-06
1.56711e-07
4.61119e-06
1.95853e-07
1.84712e-06
1.51388e-07
2.23281e-06
1.50601e-07
1.95875e-06
1.65489e-07
1.70143e-06
1.62067e-07
1.29255e-06
1.70822e-07
5.94403e-07
2.11864e-07
2.84566e-07
2.62798e-07
2.57051e-07
2.29348e-07
2.80556e-07
2.01571e-07
2.39678e-07
2.13734e-07
2.06848e-07
2.59704e-07
1.76119e-07
3.69393e-07
1.60655e-07
3.29694e-07
2.10647e-07
7.42295e-07
1.5519e-07
1.35503e-06
1.50365e-07
1.04205e-06
1.57762e-07
7.12612e-07
1.64002e-07
8.50489e-07
1.57433e-07
1.21986e-06
1.64175e-07
9.24684e-07
1.68186e-07
7.66038e-07
1.5521e-07
9.1077e-07
1.55263e-07
1.0219e-06
1.43159e-07
1.15686e-06
1.40829e-07
9.21097e-07
2.33328e-07
2.19634e-06
1.60583e-07
5.47164e-06
1.63467e-07
1.40544e-05
1.45883e-07
1.28791e-05
1.78428e-07
2.22578e-05
1.61951e-07
4.69747e-05
1.51872e-07
2.9552e-05
1.47005e-07
1.98786e-05
1.36297e-07
1.63661e-05
1.31741e-07
1.22339e-05
1.55281e-07
9.77865e-06
1.52703e-07
1.16114e-05
1.50198e-07
1.87759e-05
1.58402e-07
3.86434e-05
1.27275e-07
2.41574e-05
1.2759e-07
1.64306e-05
1.45118e-07
2.40404e-05
1.56134e-07
3.79246e-05
1.64014e-07
7.06572e-05
1.51569e-07
4.67308e-05
1.86104e-07
0.000105325
1.72601e-07
0.000223638
1.58267e-07
0.000330122
1.37887e-07
0.000350937
1.47675e-07
0.00025998
1.4211e-07
0.000247041
1.37395e-07
0.000207981
1.3719e-07
0.000235781
1.46227e-07
0.000223046
1.36668e-07
0.000191272
1.56591e-07
0.000155278
1.34668e-07
0.000148499
1.37385e-07
0.000214303
1.37333e-07
0.000288319
1.39659e-07
0.000259806
1.36311e-07
0.000258928
1.29619e-07
0.000200385
1.56562e-07
9.5755e-05
1.34886e-07
0.000100007
1.27297e-07
0.000106314
1.54933e-07
2.39966e-05
1.59488e-07
1.10863e-05
1.3203e-07
7.14412e-06
1.56859e-07
3.37038e-06
1.40906e-07
6.02141e-06
1.27718e-07
7.22951e-06
1.27013e-07
6.89932e-06
1.16393e-07
1.68779e-05
1.2155e-07
1.34841e-05
1.53327e-07
6.63411e-06
1.2224e-07
8.0695e-06
1.22173e-07
7.55436e-06
1.43885e-07
4.41847e-06
1.33688e-07
2.10115e-06
1.51144e-07
7.43916e-07
1.33892e-07
5.874e-07
1.17371e-07
1.14419e-06
1.19775e-07
2.29916e-06
1.20413e-07
3.15407e-06
1.28705e-07
1.74622e-06
1.467e-07
8.00199e-07
1.68665e-07
3.37246e-07
1.4364e-07
2.36895e-07
1.46487e-07
2.0207e-07
1.56011e-07
1.80797e-07
1.69392e-07
1.81544e-07
1.6632e-07
2.12524e-07
1.53946e-07
1.81422e-07
1.6145e-07
1.57676e-07
2.14409e-07
1.47854e-07
3.09874e-07
1.38057e-07
2.76916e-07
1.5511e-07
2.04569e-07
1.3321e-07
2.95397e-07
1.24257e-07
3.45182e-07
1.26407e-07
4.32704e-07
1.25516e-07
4.79657e-07
1.20581e-07
6.32991e-07
1.16009e-07
6.74038e-07
1.18905e-07
8.10245e-07
1.49954e-07
2.28689e-06
1.36803e-07
5.98953e-06
1.43657e-07
1.61072e-05
1.28875e-07
1.21839e-05
1.16761e-07
1.1621e-05
1.07619e-07
5.66957e-06
1.17769e-07
5.7219e-06
1.26522e-07
1.0574e-05
1.21978e-07
1.28865e-05
1.25053e-07
1.89865e-05
1.36529e-07
4.04844e-05
1.15899e-07
6.5071e-05
1.1174e-07
5.31612e-05
1.15868e-07
6.94787e-05
1.18703e-07
7.92527e-05
1.12372e-07
9.26708e-05
1.12335e-07
8.78313e-05
1.16215e-07
5.12744e-05
1.04718e-07
3.60776e-05
1.20695e-07
4.82237e-05
1.22671e-07
9.95347e-05
1.09328e-07
8.53877e-05
1.68626e-07
0.000221338
1.15822e-07
0.000255228
1.15977e-07
0.000285766
1.05973e-07
0.000296111
1.07682e-07
0.000283784
1.15371e-07
0.000220298
1.23192e-07
0.000170749
1.11424e-07
0.000200809
1.06953e-07
0.000301279
1.00714e-07
0.000286382
1.08938e-07
0.000257631
1.04459e-07
0.000236658
1.16738e-07
0.00020962
1.0571e-07
0.000195698
1.10555e-07
9.52397e-05
1.24325e-07
5.15762e-05
1.17626e-07
3.72613e-05
1.18027e-07
3.05635e-05
1.08741e-07
2.49242e-05
1.3455e-07
1.91167e-05
1.27779e-07
1.04764e-05
1.30026e-07
9.3042e-06
1.0775e-07
8.80615e-06
1.35623e-07
3.55337e-06
9.98503e-08
3.06468e-06
9.85312e-08
3.0988e-06
1.14614e-07
2.20335e-06
1.1277e-07
1.53888e-06
1.0515e-07
9.90754e-07
1.06556e-07
6.84478e-07
9.97023e-08
7.59659e-07
1.14723e-07
5.7541e-07
1.02429e-07
1.0264e-06
1.09357e-07
1.31471e-06
1.04602e-07
1.10092e-06
1.06288e-07
8.82243e-07
9.92149e-08
7.17396e-07
1.13775e-07
3.47637e-07
1.13557e-07
4.2925e-07
1.00505e-07
5.15088e-07
1.36596e-07
1.88438e-07
1.50198e-07
1.28172e-07
1.93121e-07
1.09887e-07
2.70311e-07
1.03234e-07
3.91979e-07
1.02526e-07
2.07024e-07
1.48537e-07
1.17912e-07
2.14836e-07
1.01085e-07
2.36858e-07
1.10435e-07
2.01705e-07
1.25225e-07
1.99709e-07
1.2413e-07
1.43121e-07
2.22621e-07
9.94941e-08
2.88674e-07
1.16837e-07
4.20876e-07
1.03032e-07
6.53952e-07
9.80077e-08
6.28879e-07
1.21e-07
1.18378e-06
1.03665e-07
1.46341e-06
1.03152e-07
1.0148e-06
9.67886e-08
7.02927e-07
1.22072e-07
7.67842e-07
1.31944e-07
3.37581e-06
9.68364e-08
6.56206e-06
9.12794e-08
4.80625e-06
1.08649e-07
6.77803e-06
1.00114e-07
1.06582e-05
8.98481e-08
8.89318e-06
1.14604e-07
2.07689e-05
8.84848e-08
2.73419e-05
9.95834e-08
2.59961e-05
1.11217e-07
3.70846e-05
9.44106e-08
2.2109e-05
8.32613e-08
1.16607e-05
9.20215e-08
1.01777e-05
1.0485e-07
2.25706e-05
9.6748e-08
3.42125e-05
1.0355e-07
4.92452e-05
8.96262e-08
3.21859e-05
9.52637e-08
4.6582e-05
8.94239e-08
4.42034e-05
1.40152e-07
0.000105852
9.51893e-08
0.000163605
1.05014e-07
0.000219702
8.80722e-08
0.000211768
8.31879e-08
0.000107672
9.73959e-08
0.000135764
1.04812e-07
0.00021923
1.01286e-07
0.000198072
9.12292e-08
0.000211289
9.2029e-08
0.00015955
8.96158e-08
0.000156568
7.9861e-08
0.000153223
8.71837e-08
0.000103796
9.57574e-08
7.91299e-05
1.01788e-07
6.37863e-05
9.11826e-08
8.38718e-05
9.5034e-08
9.58426e-05
8.56901e-08
0.000126923
8.31016e-08
0.000110638
9.86288e-08
6.55628e-05
8.88493e-08
5.51804e-05
1.20233e-07
1.15352e-05
8.62033e-08
1.06669e-05
7.87352e-08
1.15551e-05
8.82348e-08
7.87755e-06
8.80176e-08
5.47109e-06
8.19983e-08
5.07886e-06
8.37635e-08
6.2445e-06
9.14305e-08
7.67367e-06
8.67607e-08
6.1164e-06
7.60502e-08
8.72667e-06
7.55529e-08
1.26873e-05
8.52468e-08
9.16229e-06
8.29298e-08
7.88813e-06
8.50536e-08
6.57012e-06
8.84156e-08
5.49733e-06
9.21292e-08
4.68021e-06
8.00973e-08
3.75627e-06
8.50563e-08
2.11835e-06
9.91017e-08
1.27589e-06
7.95317e-08
1.13996e-06
1.05095e-07
6.9566e-07
9.31516e-08
4.33326e-07
8.05979e-08
2.66805e-07
8.63775e-08
2.19035e-07
8.07113e-08
2.52034e-07
8.4862e-08
1.6865e-07
1.06556e-07
1.22979e-07
9.19629e-08
1.3268e-07
1.09449e-07
9.2777e-08
1.53906e-07
8.20633e-08
1.674e-07
1.05389e-07
2.52109e-07
8.4926e-08
1.82505e-07
9.43505e-08
1.67376e-07
9.59805e-08
1.74719e-07
8.39498e-08
2.00128e-07
8.52456e-08
2.64222e-07
7.87646e-08
2.35064e-07
7.86716e-08
3.82819e-07
8.1933e-08
8.33461e-07
7.26102e-08
8.19507e-07
1.17197e-07
2.64883e-06
7.35043e-08
3.71508e-06
7.19423e-08
3.19608e-06
8.28805e-08
4.1338e-06
7.85929e-08
2.85568e-06
7.28127e-08
2.57593e-06
7.47126e-08
2.42536e-06
7.02855e-08
2.58281e-06
6.96132e-08
2.75556e-06
7.38384e-08
3.82167e-06
8.19259e-08
6.55196e-06
8.52967e-08
1.09515e-05
7.1314e-08
9.79904e-06
6.50774e-08
6.75035e-06
7.08229e-08
9.36246e-06
6.87045e-08
1.29243e-05
6.75562e-08
5.32206e-06
6.92916e-08
3.84076e-06
7.48603e-08
4.39134e-06
8.84308e-08
1.03417e-05
7.6369e-08
4.63683e-05
6.87395e-08
5.14708e-05
7.68673e-08
9.23577e-05
7.70092e-08
0.000150574
6.7193e-08
0.000174111
7.40059e-08
0.000160431
7.00857e-08
0.000159814
7.30168e-08
0.000152975
8.10205e-08
0.000143582
6.69068e-08
0.000179511
6.61748e-08
0.000160164
7.15327e-08
0.000171426
6.4894e-08
0.000170391
7.21677e-08
0.000145189
7.01636e-08
0.000151517
6.2427e-08
0.000160035
7.07027e-08
0.000131041
6.76503e-08
9.64455e-05
7.27035e-08
5.9541e-05
6.47481e-08
4.85941e-05
7.54217e-08
2.47475e-05
8.50323e-08
1.91461e-05
7.23842e-08
1.85344e-05
5.87724e-08
1.81052e-05
6.88068e-08
1.01441e-05
7.58228e-08
6.18926e-06
6.88048e-08
3.09968e-06
6.74348e-08
2.06824e-06
6.02771e-08
2.36514e-06
6.25708e-08
2.81422e-06
6.50607e-08
3.19684e-06
6.67056e-08
2.23902e-06
5.87816e-08
2.49578e-06
6.90652e-08
3.01674e-06
6.15466e-08
5.22638e-06
5.90611e-08
4.01019e-06
7.08976e-08
1.97246e-06
6.37957e-08
1.45086e-06
6.36074e-08
1.35173e-06
6.15967e-08
1.1146e-06
6.79678e-08
4.49875e-07
7.8903e-08
1.47132e-07
8.57964e-08
1.10976e-07
7.21365e-08
9.22476e-08
9.71781e-08
7.43969e-08
1.15552e-07
1.00048e-07
7.0896e-08
1.08256e-07
8.76882e-08
7.64934e-08
1.37765e-07
6.27557e-08
1.11104e-07
7.97821e-08
7.69325e-08
9.5522e-08
7.8176e-08
1.00352e-07
8.81851e-08
7.23572e-08
9.78425e-08
6.92145e-08
1.48226e-07
6.16653e-08
2.61779e-07
5.61829e-08
1.9399e-07
6.18874e-08
2.76302e-07
7.17109e-08
3.56726e-07
5.98355e-08
2.58659e-07
6.93179e-08
4.29742e-07
6.00969e-08
9.94524e-07
5.79756e-08
1.38733e-06
8.45119e-08
6.92439e-06
5.76937e-08
1.02663e-05
5.81497e-08
1.22786e-05
5.5013e-08
1.31564e-05
5.73465e-08
1.04901e-05
5.47276e-08
8.80533e-06
5.12866e-08
5.01602e-06
5.76216e-08
5.52212e-06
5.71712e-08
3.19078e-06
5.44865e-08
3.34729e-06
5.41288e-08
3.92338e-06
5.11718e-08
2.51646e-06
5.40241e-08
2.42711e-06
5.50765e-08
3.13292e-06
5.94237e-08
6.2778e-06
4.98014e-08
5.12329e-06
5.15486e-08
5.71502e-06
6.18113e-08
7.57982e-06
6.60696e-08
2.3007e-05
6.86124e-08
4.30649e-05
5.83994e-08
3.40738e-05
5.59279e-08
5.10096e-05
5.49258e-08
6.26752e-05
5.43755e-08
7.61551e-05
5.22147e-08
6.54762e-05
5.81289e-08
8.68874e-05
5.5657e-08
8.14276e-05
4.87467e-08
9.34373e-05
7.09031e-08
0.000113472
4.95372e-08
0.000138194
5.17273e-08
0.000106716
5.55145e-08
8.73266e-05
5.67152e-08
0.000105505
5.26629e-08
0.000129941
5.09297e-08
0.000120768
5.54673e-08
0.00010467
4.73564e-08
0.000127009
5.0769e-08
0.000102784
5.17773e-08
5.68828e-05
7.09264e-08
1.05915e-05
5.5845e-08
7.29286e-06
6.17508e-08
4.37007e-06
4.94366e-08
4.04415e-06
4.73223e-08
6.45718e-06
5.78895e-08
5.48031e-06
5.1811e-08
8.64042e-06
5.02987e-08
1.09536e-05
4.86159e-08
9.86506e-06
5.0453e-08
7.787e-06
5.07493e-08
4.55453e-06
5.68827e-08
3.1348e-06
4.67094e-08
3.12922e-06
4.68389e-08
2.25406e-06
5.34807e-08
1.4393e-06
4.71859e-08
1.27291e-06
5.43021e-08
1.03284e-06
5.04407e-08
1.49043e-06
5.24021e-08
1.89399e-06
5.45913e-08
1.11809e-06
5.29137e-08
5.57742e-07
6.44222e-08
1.78987e-07
6.12213e-08
9.61795e-08
7.63517e-08
6.3461e-08
6.95598e-08
7.82486e-08
6.44855e-08
7.96116e-08
9.29093e-08
5.62513e-08
1.0887e-07
5.36255e-08
1.61672e-07
4.75049e-08
1.58033e-07
4.7318e-08
1.30544e-07
6.46988e-08
6.06913e-08
8.57739e-08
6.18296e-08
6.41112e-08
6.77659e-08
7.78835e-08
6.80601e-08
6.14016e-08
8.09094e-08
5.17132e-08
9.2276e-08
5.23404e-08
9.60721e-08
5.13408e-08
9.49839e-08
5.85707e-08
1.17919e-07
5.02738e-08
1.41853e-07
6.94719e-08
3.87865e-07
5.01143e-08
7.69501e-07
5.14809e-08
4.68151e-07
4.77633e-08
5.47905e-07
4.42551e-08
2.97144e-07
4.62954e-08
2.33519e-07
5.35253e-08
4.87963e-07
4.83187e-08
5.58792e-07
5.14216e-08
1.00138e-06
4.28522e-08
9.5483e-07
5.2198e-08
1.61268e-06
4.29441e-08
1.5982e-06
4.65366e-08
2.05344e-06
5.72911e-08
5.68991e-06
4.68764e-08
3.78762e-06
4.45644e-08
2.58136e-06
4.93724e-08
2.67878e-06
4.88129e-08
4.69802e-06
5.15362e-08
8.42143e-06
4.84012e-08
1.47118e-05
4.90408e-08
2.48047e-05
4.63132e-08
3.44185e-05
5.97563e-08
5.53446e-05
5.21877e-08
9.97131e-05
4.43783e-08
0.000100703
4.55562e-08
0.000101198
4.55116e-08
0.000100032
4.44178e-08
0.000109432
4.06241e-08
5.27703e-05
4.93553e-08
6.76859e-05
4.42926e-08
9.9259e-05
4.70601e-08
9.9091e-05
4.42896e-08
0.000111826
4.16733e-08
0.000100303
4.53965e-08
7.0922e-05
4.57305e-08
4.75236e-05
4.68902e-08
3.28351e-05
4.14747e-08
3.79426e-05
4.21122e-08
3.20423e-05
4.31939e-08
5.34401e-05
4.0982e-08
6.91407e-05
4.41188e-08
3.56094e-05
5.19753e-08
1.38838e-05
5.21311e-08
1.01049e-05
4.668e-08
5.66719e-06
4.31972e-08
4.70856e-06
4.09762e-08
3.66636e-06
4.15202e-08
1.81733e-06
4.63415e-08
1.4413e-06
4.01234e-08
1.12003e-06
5.29421e-08
4.92999e-07
3.94008e-08
5.80176e-07
4.88212e-08
6.32259e-07
3.93964e-08
7.68445e-07
3.84171e-08
1.00794e-06
3.71825e-08
1.33947e-06
3.69071e-08
1.45044e-06
4.51138e-08
6.33528e-07
4.29226e-08
3.45298e-07
4.59235e-08
2.47694e-07
4.07683e-08
1.89261e-07
3.91927e-08
1.38128e-07
4.13893e-08
1.456e-07
4.74887e-08
1.07077e-07
4.83551e-08
7.35862e-08
8.45686e-08
5.17806e-08
6.11153e-08
5.04951e-08
5.52847e-08
5.09771e-08
7.54491e-08
4.37059e-08
7.50592e-08
4.33894e-08
7.42251e-08
3.90238e-08
8.46455e-08
3.77916e-08
9.5418e-08
4.19378e-08
1.19399e-07
3.86441e-08
1.55262e-07
3.7817e-08
2.16944e-07
3.5668e-08
1.5424e-07
4.06167e-08
6.99348e-08
4.88753e-08
4.78102e-08
5.32637e-08
5.28175e-08
4.86444e-08
1.05106e-07
3.85424e-08
1.05166e-07
4.28233e-08
1.63482e-07
3.74945e-08
1.39868e-07
5.35571e-08
5.12829e-07
3.53436e-08
4.06071e-07
3.38009e-08
2.91747e-07
3.65995e-08
3.27711e-07
4.02288e-08
5.95753e-07
3.61507e-08
6.51154e-07
3.62523e-08
5.34719e-07
3.68032e-08
3.07489e-07
3.97364e-08
3.28659e-07
3.98959e-08
5.92373e-07
3.9283e-08
1.13484e-06
3.3264e-08
1.04311e-06
3.95425e-08
1.50702e-06
3.78536e-08
2.59474e-06
3.42371e-08
2.75049e-06
3.18786e-08
2.40871e-06
3.60517e-08
3.67446e-06
3.73409e-08
9.03335e-06
3.39425e-08
4.49877e-06
3.84656e-08
4.88837e-06
4.46478e-08
1.34393e-05
4.18391e-08
2.92519e-05
3.94844e-08
3.7719e-05
3.33217e-08
3.54649e-05
3.95721e-08
5.82768e-05
3.61225e-08
8.46573e-05
3.44451e-08
9.11458e-05
3.12594e-08
8.90232e-05
3.72408e-08
7.2088e-05
3.60311e-08
8.44771e-05
3.30819e-08
8.0966e-05
3.64249e-08
7.78961e-05
3.94533e-08
7.42601e-05
3.74404e-08
7.28877e-05
3.61511e-08
4.64206e-05
3.51598e-08
2.59868e-05
3.34523e-08
1.6492e-05
3.6134e-08
8.17034e-06
3.52925e-08
8.53441e-06
3.23509e-08
7.51909e-06
3.52117e-08
5.59739e-06
3.19148e-08
7.66733e-06
4.82613e-08
1.95918e-06
3.34119e-08
2.72049e-06
2.94885e-08
7.52561e-06
3.19166e-08
9.04117e-06
3.45713e-08
7.38248e-06
3.00458e-08
9.24512e-06
3.58034e-08
3.87972e-06
3.54036e-08
1.56448e-06
3.72475e-08
6.90353e-07
3.20118e-08
7.18617e-07
3.07223e-08
6.58932e-07
3.33336e-08
4.41657e-07
3.16159e-08
3.5502e-07
3.20415e-08
5.10618e-07
3.4122e-08
7.16432e-07
2.97064e-08
8.46223e-07
2.98137e-08
8.79221e-07
3.40043e-08
6.93219e-07
3.16734e-08
6.04116e-07
3.34693e-08
2.88304e-07
4.41729e-08
1.3623e-07
3.44925e-08
1.02095e-07
3.48568e-08
1.23766e-07
3.58194e-08
6.42942e-08
4.13494e-08
4.50292e-08
3.81895e-08
4.67991e-08
3.96707e-08
4.37166e-08
4.36163e-08
5.36937e-08
4.04293e-08
6.08195e-08
4.33329e-08
4.14562e-08
3.88857e-08
4.58658e-08
3.58221e-08
4.85306e-08
3.67769e-08
4.09625e-08
5.32976e-08
3.59905e-08
5.10646e-08
3.92045e-08
6.0615e-08
3.45811e-08
8.73409e-08
3.17026e-08
1.12688e-07
3.11857e-08
1.36281e-07
3.27661e-08
2.4525e-07
3.31364e-08
3.35535e-07
4.00915e-08
3.98669e-07
3.44094e-08
1.05607e-06
3.11779e-08
1.19238e-06
2.98563e-08
1.23951e-06
3.47313e-08
1.56616e-06
3.21901e-08
2.18686e-06
2.99773e-08
3.63461e-06
3.04477e-08
6.43224e-06
2.82434e-08
7.15621e-06
3.04409e-08
7.08237e-06
2.75206e-08
6.89158e-06
3.1607e-08
9.30023e-06
2.89557e-08
1.27237e-05
3.2477e-08
1.33301e-05
2.81474e-08
8.52418e-06
2.74746e-08
9.52739e-06
3.19488e-08
1.72149e-05
3.34078e-08
3.83629e-05
2.82911e-08
5.77992e-05
3.17605e-08
5.70061e-05
2.81649e-08
7.62875e-05
2.7373e-08
5.79874e-05
3.59145e-08
2.7286e-05
3.54632e-08
1.7969e-05
2.80574e-08
2.16793e-05
2.55135e-08
2.64431e-05
2.84964e-08
2.54895e-05
2.71054e-08
5.18306e-05
2.54385e-08
4.87199e-05
3.06938e-08
3.5809e-05
2.78673e-08
2.342e-05
2.80681e-08
2.30791e-05
2.54515e-08
2.40548e-05
2.60619e-08
2.01876e-05
2.8936e-08
1.24847e-05
2.67438e-08
1.17573e-05
2.40195e-08
1.35514e-05
2.5362e-08
1.43739e-05
2.88192e-08
7.46851e-06
2.94372e-08
9.04575e-06
2.70229e-08
1.14842e-05
2.52916e-08
1.07506e-05
3.48415e-08
4.00953e-06
3.03018e-08
1.42087e-06
3.23596e-08
5.35273e-07
2.76878e-08
5.59912e-07
2.42673e-08
1.00799e-06
2.22807e-08
1.2653e-06
2.51207e-08
6.93931e-07
2.81402e-08
4.67649e-07
2.42906e-08
2.71959e-07
3.27599e-08
1.11223e-07
2.75477e-08
1.06896e-07
2.57001e-08
2.1664e-07
2.67375e-08
1.99843e-07
2.41771e-08
2.39551e-07
2.22102e-08
3.23397e-07
2.39712e-08
3.02342e-07
2.54694e-08
2.80518e-07
2.36044e-08
2.21743e-07
2.71684e-08
8.99788e-08
2.56164e-08
8.72395e-08
2.83474e-08
5.04989e-08
3.7519e-08
3.54669e-08
3.22844e-08
3.75864e-08
4.10657e-08
2.95586e-08
4.6024e-08
2.56978e-08
4.45423e-08
3.66789e-08
3.31332e-08
3.96659e-08
3.27347e-08
3.15229e-08
3.88503e-08
3.27988e-08
3.96051e-08
2.84205e-08
4.92283e-08
2.44864e-08
5.91792e-08
2.4565e-08
6.49902e-08
2.48867e-08
7.73303e-08
2.69968e-08
1.20537e-07
2.59278e-08
2.37707e-07
2.39289e-08
2.63728e-07
2.62671e-08
5.63652e-07
2.41713e-08
8.14388e-07
2.27787e-08
6.06794e-07
2.70127e-08
5.19879e-07
2.40161e-08
4.66534e-07
3.1562e-08
1.01818e-06
2.79303e-08
1.5287e-06
2.58633e-08
4.7144e-06
2.21012e-08
5.82066e-06
2.31698e-08
6.57727e-06
2.57636e-08
1.17429e-05
2.32865e-08
1.74445e-05
2.46617e-08
2.06171e-05
2.36901e-08
3.46387e-05
2.40137e-08
4.47263e-05
2.36274e-08
5.51275e-05
2.47768e-08
5.50831e-05
2.15748e-08
4.57415e-05
1.9955e-08
3.31794e-05
1.95045e-08
2.82142e-05
2.07135e-08
1.6221e-05
2.547e-08
2.34681e-05
2.12917e-08
2.41314e-05
2.20512e-08
1.82261e-05
2.57595e-08
2.04834e-05
2.30563e-08
2.84386e-05
3.32658e-08
4.68168e-05
2.28224e-08
5.09704e-05
2.32827e-08
4.29338e-05
2.12818e-08
3.63079e-05
2.08692e-08
3.70259e-05
2.0826e-08
4.61665e-05
2.21383e-08
5.42695e-05
2.18778e-08
5.43816e-05
2.16323e-08
4.28805e-05
2.24117e-08
3.37103e-05
2.67503e-08
1.69488e-05
2.10575e-08
1.1976e-05
2.26035e-08
6.91435e-06
2.54526e-08
2.97463e-06
2.23911e-08
2.21916e-06
2.23216e-08
2.50856e-06
2.16904e-08
2.79914e-06
1.98302e-08
3.00473e-06
2.14981e-08
1.66364e-06
2.13198e-08
2.09875e-06
2.37504e-08
1.26086e-06
2.6465e-08
8.99096e-07
1.90219e-08
1.03883e-06
1.87752e-08
8.23564e-07
2.14552e-08
6.21239e-07
2.22625e-08
5.2878e-07
2.04041e-08
3.47294e-07
2.32462e-08
2.40221e-07
2.1055e-08
1.94432e-07
2.10685e-08
1.33897e-07
2.25229e-08
6.48311e-08
2.27631e-08
5.13698e-08
2.23751e-08
4.67741e-08
2.33983e-08
5.01399e-08
2.23471e-08
5.7722e-08
2.01852e-08
1.08311e-07
1.86896e-08
2.17186e-07
2.07148e-08
2.14397e-07
2.14754e-08
1.35772e-07
2.01386e-08
1.06165e-07
2.22896e-08
5.54723e-08
3.10253e-08
2.44459e-08
4.11673e-08
2.06583e-08
5.87456e-08
1.96601e-08
9.39908e-08
2.36303e-08
2.34332e-07
2.06937e-08
3.52361e-07
2.15108e-08
5.61244e-07
2.09356e-08
1.01461e-06
1.93307e-08
1.35304e-06
1.9561e-08
6.79622e-07
1.84767e-08
6.07495e-07
2.25242e-08
1.06144e-06
2.04219e-08
1.14704e-06
2.03907e-08
1.5483e-06
1.74321e-08
1.60811e-06
1.96462e-08
2.48609e-06
1.98063e-08
4.74676e-06
1.80568e-08
3.37455e-06
2.10851e-08
6.3186e-06
1.84479e-08
9.19026e-06
1.88242e-08
1.01598e-05
1.7937e-08
9.27752e-06
2.81428e-08
3.10863e-05
1.81634e-08
2.83472e-05
1.87411e-08
2.59053e-05
1.78797e-08
3.72692e-05
1.64431e-08
3.21502e-05
1.66142e-08
2.30051e-05
1.81337e-08
2.4702e-05
1.89165e-08
2.94878e-05
1.73215e-08
2.53252e-05
1.92397e-08
2.23024e-05
1.78318e-08
2.93797e-05
1.66947e-08
3.40564e-05
1.84224e-08
3.65817e-05
1.97356e-08
4.58658e-05
1.66403e-08
4.11065e-05
2.0804e-08
3.22257e-05
1.8712e-08
4.66503e-05
1.73749e-08
3.39133e-05
2.09802e-08
2.72587e-05
1.69591e-08
2.08123e-05
2.35224e-08
5.53648e-06
2.05422e-08
2.92748e-06
1.69146e-08
2.36396e-06
1.86596e-08
1.25227e-06
1.72728e-08
1.12301e-06
1.62839e-08
1.96707e-06
1.69235e-08
1.55803e-06
2.14486e-08
1.22198e-06
1.62968e-08
2.32582e-06
1.79911e-08
2.50004e-06
1.62779e-08
2.38873e-06
1.57979e-08
3.15261e-06
1.70284e-08
2.86216e-06
1.63716e-08
2.22399e-06
1.63745e-08
1.80423e-06
1.86039e-08
9.0539e-07
1.68963e-08
5.6146e-07
1.75841e-08
3.37962e-07
1.76143e-08
2.65097e-07
1.631e-08
2.6566e-07
1.96901e-08
1.0713e-07
1.94544e-08
1.497e-07
1.68605e-08
1.50675e-07
1.55502e-08
1.55318e-07
1.47659e-08
1.76683e-07
1.73342e-08
1.51928e-07
1.6576e-08
1.76802e-07
1.59348e-08
1.97364e-07
1.8972e-08
1.11872e-07
1.59241e-08
9.4445e-08
2.09158e-08
2.93222e-08
1.82808e-08
2.41096e-08
2.14208e-08
2.06005e-08
3.42066e-08
1.73789e-08
4.26651e-08
1.90656e-08
2.1837e-08
3.04936e-08
1.58984e-08
3.59242e-08
1.591e-08
4.12937e-08
1.77065e-08
3.00349e-08
1.94015e-08
2.54147e-08
3.33369e-08
1.7985e-08
9.63631e-08
1.72199e-08
1.80054e-07
1.68978e-08
2.74018e-07
1.66593e-08
2.86703e-07
1.67888e-08
4.2347e-07
1.5937e-08
5.4716e-07
1.42291e-08
4.0704e-07
1.51764e-08
4.91625e-07
1.76684e-08
4.6031e-07
1.46155e-08
4.47663e-07
1.56445e-08
8.43491e-07
1.53722e-08
1.49432e-06
1.36808e-08
1.09305e-06
1.40782e-08
1.02793e-06
1.43212e-08
1.21628e-06
1.49244e-08
1.56726e-06
1.54756e-08
2.00477e-06
1.47834e-08
2.48484e-06
1.38782e-08
2.1299e-06
1.54962e-08
3.32921e-06
2.0857e-08
8.33387e-06
1.48706e-08
8.10526e-06
1.54957e-08
6.66401e-06
1.54445e-08
6.62123e-06
1.73713e-08
1.25198e-05
1.34702e-08
1.23628e-05
1.45604e-08
1.8378e-05
1.28707e-08
2.14913e-05
1.3287e-08
1.66002e-05
1.5405e-08
2.47395e-05
1.46101e-08
3.22835e-05
1.45664e-08
3.11408e-05
1.48956e-08
2.37798e-05
1.3351e-08
3.18112e-05
1.48082e-08
3.33301e-05
1.36681e-08
3.52036e-05
1.40594e-08
3.5168e-05
1.31314e-08
3.32925e-05
1.67802e-08
2.22609e-05
1.42767e-08
1.81533e-05
1.61022e-08
1.31814e-05
1.82692e-08
4.55506e-06
1.48768e-08
4.08257e-06
1.30394e-08
4.22675e-06
1.38064e-08
2.06346e-06
1.51952e-08
1.45952e-06
1.30693e-08
1.2522e-06
1.3279e-08
1.48419e-06
1.23753e-08
3.80313e-06
1.40552e-08
3.01702e-06
1.28743e-08
3.49789e-06
1.28296e-08
3.85619e-06
1.39452e-08
1.96793e-06
1.49964e-08
8.96036e-07
1.3759e-08
8.49877e-07
1.37362e-08
6.01513e-07
1.47795e-08
2.272e-07
1.47218e-08
1.48231e-07
1.50671e-08
1.38564e-07
1.32084e-08
1.13207e-07
1.33782e-08
8.59272e-08
1.54288e-08
7.17177e-08
1.71276e-08
3.93288e-08
1.70551e-08
2.15442e-08
1.48725e-08
1.88578e-08
1.54323e-08
2.00917e-08
2.10755e-08
1.58751e-08
2.10417e-08
1.49821e-08
2.97804e-08
1.42701e-08
4.10681e-08
1.25594e-08
2.93184e-08
1.45183e-08
3.07362e-08
1.39548e-08
5.17114e-08
1.20536e-08
4.93704e-08
1.33072e-08
3.04086e-08
1.64563e-08
2.18692e-08
1.43033e-08
2.60183e-08
1.49283e-08
3.31107e-08
1.45449e-08
3.39703e-08
1.40263e-08
4.11843e-08
1.44725e-08
8.05645e-08
1.3089e-08
1.1284e-07
1.53482e-08
2.98095e-07
1.50436e-08
1.15137e-06
1.10767e-08
1.36821e-06
1.13427e-08
1.28774e-06
1.15782e-08
9.69968e-07
1.10973e-08
4.74705e-07
1.24843e-08
2.54374e-07
1.18615e-08
2.67034e-07
1.29452e-08
3.88875e-07
1.37729e-08
7.88781e-07
1.33783e-08
1.78971e-06
1.21624e-08
2.79631e-06
1.18205e-08
2.88807e-06
1.21657e-08
2.20805e-06
1.10529e-08
1.99209e-06
1.10828e-08
1.56413e-06
1.15185e-08
1.84258e-06
1.20727e-08
2.37696e-06
1.18397e-08
1.59833e-06
1.74152e-08
3.07841e-06
1.1779e-08
3.92504e-06
1.39836e-08
8.59409e-06
1.13767e-08
1.07547e-05
1.10278e-08
8.4678e-06
1.14725e-08
8.849e-06
1.1378e-08
1.02165e-05
1.24402e-08
1.72465e-05
1.25627e-08
2.66797e-05
1.07687e-08
3.2136e-05
1.00804e-08
2.37389e-05
1.32947e-08
2.45022e-05
1.11203e-08
2.13373e-05
1.22288e-08
1.96454e-05
1.20182e-08
2.29851e-05
1.34165e-08
2.28719e-05
1.10208e-08
3.16976e-05
1.0273e-08
2.69782e-05
1.28854e-08
2.01417e-05
1.02098e-08
1.82266e-05
1.51498e-08
5.05173e-06
1.17949e-08
3.99202e-06
1.10288e-08
2.85452e-06
1.19391e-08
1.82738e-06
1.16962e-08
1.78109e-06
1.34038e-08
1.6219e-06
1.13585e-08
1.79647e-06
1.14427e-08
1.44276e-06
1.09814e-08
1.03316e-06
1.21981e-08
5.35565e-07
1.11111e-08
3.87469e-07
1.13821e-08
4.28885e-07
1.11653e-08
4.68591e-07
1.03719e-08
5.06549e-07
1.01824e-08
5.70536e-07
1.048e-08
4.76705e-07
1.1789e-08
3.8865e-07
1.12981e-08
3.18495e-07
1.02146e-08
6.53263e-07
1.09586e-08
6.49327e-07
1.20408e-08
2.81963e-07
1.51365e-08
9.69318e-08
1.06853e-08
6.47753e-08
1.03306e-08
4.34448e-08
1.06805e-08
3.03451e-08
1.16622e-08
1.77959e-08
1.51019e-08
1.30294e-08
1.5688e-08
1.44766e-08
1.88471e-08
1.36086e-08
1.61957e-08
1.38227e-08
1.39523e-08
2.17265e-08
1.20681e-08
2.49822e-08
1.31752e-08
1.58466e-08
1.76593e-08
1.25571e-08
1.51748e-08
1.33341e-08
1.77502e-08
1.20309e-08
4.2431e-08
9.76861e-09
3.96449e-08
1.00932e-08
3.28947e-08
1.26149e-08
7.22717e-08
1.08327e-08
1.05835e-07
1.0809e-08
1.82237e-07
1.41084e-08
9.05908e-07
1.06308e-08
7.89277e-07
1.02359e-08
7.20369e-07
9.8916e-09
7.80678e-07
9.7271e-09
8.07998e-07
1.04519e-08
8.85349e-07
9.74026e-09
9.17302e-07
9.4956e-09
7.36307e-07
9.85732e-09
5.70278e-07
1.01813e-08
8.77216e-07
8.76285e-09
6.13155e-07
9.30519e-09
5.47528e-07
9.38903e-09
7.50931e-07
8.96566e-09
8.59018e-07
1.0244e-08
8.03852e-07
1.02015e-08
6.31469e-07
9.24039e-09
5.33291e-07
1.05664e-08
7.79103e-07
9.71941e-09
1.26225e-06
1.42416e-08
3.57341e-06
9.13795e-09
7.3991e-06
9.32519e-09
1.19082e-05
8.86778e-09
1.31818e-05
9.53688e-09
1.45946e-05
9.06607e-09
1.20381e-05
8.49639e-09
8.53044e-06
1.15193e-08
1.539e-05
8.8974e-09
1.22633e-05
1.02018e-08
1.12535e-05
9.35177e-09
1.89394e-05
8.70589e-09
1.59752e-05
1.16979e-08
2.04863e-05
8.23408e-09
2.47787e-05
8.77293e-09
1.96275e-05
1.04802e-08
1.48116e-05
8.66694e-09
1.57753e-05
9.55416e-09
1.03563e-05
8.53226e-09
1.15341e-05
8.49424e-09
1.25198e-05
1.17728e-08
4.20049e-06
1.07408e-08
4.58002e-06
9.24346e-09
3.31141e-06
8.85874e-09
1.90377e-06
9.73481e-09
1.52901e-06
9.73086e-09
1.41124e-06
8.70842e-09
1.35262e-06
8.01129e-09
1.15806e-06
9.64165e-09
6.5659e-07
8.3799e-09
6.36019e-07
8.66857e-09
4.11249e-07
9.68139e-09
3.46005e-07
7.79657e-09
4.42968e-07
7.8418e-09
1.02129e-06
8.20765e-09
1.48126e-06
9.35537e-09
9.85589e-07
8.82391e-09
6.38367e-07
9.05115e-09
3.7252e-07
8.54007e-09
2.46181e-07
8.4415e-09
2.20395e-07
1.09161e-08
5.9145e-08
9.46642e-09
5.41208e-08
8.54692e-09
7.02798e-08
8.13369e-09
7.37954e-08
9.81391e-09
2.45444e-08
9.59261e-09
2.26189e-08
7.86025e-09
5.41224e-08
8.38917e-09
5.23184e-08
1.00428e-08
3.47486e-08
8.67945e-09
2.7742e-08
9.6914e-09
1.97834e-08
8.40445e-09
2.29882e-08
8.21324e-09
2.08845e-08
9.29907e-09
1.57529e-08
9.80051e-09
1.48156e-08
8.7631e-09
1.68011e-08
9.14386e-09
1.22951e-08
1.01654e-08
1.18145e-08
1.04685e-08
1.21492e-08
1.02136e-08
1.59232e-08
1.06752e-08
1.40186e-08
1.55109e-08
9.655e-09
1.75701e-08
9.17348e-09
2.44019e-08
8.61975e-09
2.20022e-08
8.20043e-09
1.94847e-08
8.6007e-09
3.17541e-08
7.8479e-09
5.76292e-08
7.71075e-09
8.90613e-08
8.32357e-09
1.9595e-07
8.06474e-09
2.94185e-07
8.73069e-09
5.52183e-07
7.51874e-09
5.09868e-07
7.33217e-09
2.30435e-07
7.43035e-09
1.61514e-07
7.35465e-09
2.27412e-07
8.01925e-09
3.47265e-07
8.81357e-09
6.7482e-07
8.30756e-09
9.42012e-07
8.02485e-09
1.02099e-06
8.19396e-09
1.40129e-06
7.91357e-09
1.35068e-06
9.7197e-09
3.8652e-06
8.79968e-09
1.26677e-05
7.7788e-09
1.58402e-05
7.27145e-09
1.45293e-05
8.16925e-09
1.10224e-05
7.63112e-09
9.73304e-06
8.91906e-09
1.40986e-05
7.57844e-09
1.86425e-05
7.28234e-09
1.82228e-05
7.92037e-09
1.69139e-05
7.15428e-09
1.82106e-05
7.12747e-09
1.42422e-05
7.37743e-09
9.23132e-06
8.18787e-09
6.56341e-06
7.2434e-09
5.33509e-06
7.89399e-09
5.61747e-06
7.08612e-09
8.65579e-06
7.07084e-09
1.31331e-05
7.24239e-09
1.76624e-05
6.67183e-09
1.81879e-05
8.21088e-09
1.16115e-05
9.3824e-09
3.26908e-06
8.23885e-09
1.38739e-06
7.76567e-09
7.70811e-07
7.03474e-09
6.15561e-07
6.50643e-09
7.18026e-07
6.5842e-09
6.7203e-07
8.49006e-09
3.74097e-07
6.80135e-09
5.8619e-07
7.38915e-09
8.432e-07
7.5017e-09
8.30618e-07
7.66577e-09
4.85854e-07
8.49509e-09
2.72573e-07
7.15201e-09
2.50027e-07
7.09269e-09
2.34931e-07
7.14507e-09
2.18077e-07
7.42287e-09
2.58968e-07
6.90581e-09
2.45951e-07
6.73626e-09
2.07053e-07
6.75334e-09
2.01977e-07
7.70695e-09
8.20883e-08
7.89477e-09
4.04083e-08
8.74579e-09
2.23236e-08
8.37554e-09
2.53125e-08
7.05793e-09
1.89967e-08
9.51574e-09
1.32886e-08
8.10473e-09
9.95571e-09
1.0759e-08
8.19309e-09
1.19416e-08
7.97242e-09
1.00829e-08
7.89687e-09
9.76566e-09
8.26159e-09
1.02289e-08
1.00501e-08
1.05267e-08
9.21679e-09
1.32757e-08
8.87318e-09
1.05963e-08
8.29154e-09
1.24357e-08
8.85961e-09
1.02621e-08
1.23717e-08
9.40519e-09
8.80094e-09
9.5703e-09
8.24742e-09
1.09346e-08
8.20444e-09
1.04958e-08
9.15078e-09
1.36229e-08
9.55132e-09
3.66772e-08
7.07233e-09
6.01285e-08
7.24012e-09
7.64588e-08
7.93219e-09
1.62351e-07
6.59798e-09
1.74421e-07
7.88254e-09
4.35756e-07
6.86659e-09
5.58969e-07
6.48383e-09
2.30543e-07
7.06573e-09
2.61682e-07
6.53039e-09
2.42994e-07
6.19169e-09
1.64331e-07
6.14207e-09
9.03434e-08
7.03051e-09
8.31668e-08
7.01438e-09
1.74949e-07
6.01123e-09
1.6449e-07
8.23786e-09
3.27242e-07
6.66708e-09
6.77158e-07
5.97958e-09
4.80604e-07
7.11812e-09
4.5973e-07
6.78611e-09
6.70364e-07
8.02851e-09
4.63527e-07
7.98004e-09
1.68402e-06
7.48973e-09
3.29607e-06
6.67616e-09
5.51272e-06
6.69622e-09
6.92983e-06
7.00416e-09
1.02459e-05
7.04267e-09
1.08441e-05
7.02356e-09
1.34117e-05
6.68698e-09
1.19524e-05
6.7847e-09
1.36223e-05
6.66943e-09
1.60457e-05
6.94618e-09
1.37656e-05
6.552e-09
1.66588e-05
6.44388e-09
1.4491e-05
6.64324e-09
1.45964e-05
6.06675e-09
1.30698e-05
7.13593e-09
1.39957e-05
7.06834e-09
1.30533e-05
7.32902e-09
7.2238e-06
6.6625e-09
4.69076e-06
6.36344e-09
3.5804e-06
7.17169e-09
1.66122e-06
6.20516e-09
1.19508e-06
8.99839e-09
2.67128e-07
6.4907e-09
3.68944e-07
5.97816e-09
7.17507e-07
6.15084e-09
1.04372e-06
6.22694e-09
1.39839e-06
6.37578e-09
1.38037e-06
6.10445e-09
9.48987e-07
6.38426e-09
5.54934e-07
6.4079e-09
5.12106e-07
6.05973e-09
4.93077e-07
5.76546e-09
6.85194e-07
5.62257e-09
4.78799e-07
8.05661e-09
1.64888e-07
5.80841e-09
1.95766e-07
5.86666e-09
2.14427e-07
6.66052e-09
2.44282e-07
6.52416e-09
2.9688e-07
5.65596e-09
3.69494e-07
5.9865e-09
2.93773e-07
6.75597e-09
7.1998e-08
8.09605e-09
3.91955e-08
5.77899e-09
5.52933e-08
6.38697e-09
4.45334e-08
6.14181e-09
5.77787e-08
5.6994e-09
6.10514e-08
5.5627e-09
6.7063e-08
6.80883e-09
3.87634e-08
6.73103e-09
1.86813e-08
7.01428e-09
1.5763e-08
6.40218e-09
2.46849e-08
6.78278e-09
2.19404e-08
6.56981e-09
1.36467e-08
6.25481e-09
1.31254e-08
6.81552e-09
8.72237e-09
1.01935e-08
6.4679e-09
1.45334e-08
6.36637e-09
2.37738e-08
5.83076e-09
3.48067e-08
6.16364e-09
5.33765e-08
5.84697e-09
4.13633e-08
6.70806e-09
5.27581e-08
7.78869e-09
1.69955e-07
5.58978e-09
1.33292e-07
5.84815e-09
7.58781e-08
5.56492e-09
8.10561e-08
5.78346e-09
7.58203e-08
5.71345e-09
1.08884e-07
5.23997e-09
1.31318e-07
5.7433e-09
1.48658e-07
5.93919e-09
1.65498e-07
6.12223e-09
3.39269e-07
6.4079e-09
1.08642e-06
5.69232e-09
1.23684e-06
5.54725e-09
1.09789e-06
5.47382e-09
9.0691e-07
5.93087e-09
5.38899e-07
5.5346e-09
5.76457e-07
6.26304e-09
1.10835e-06
5.50631e-09
1.24748e-06
5.45691e-09
9.53574e-07
6.52217e-09
1.05292e-06
6.68507e-09
3.52011e-06
6.61762e-09
7.14829e-06
5.54332e-09
1.05218e-05
6.54897e-09
1.12879e-05
5.94499e-09
9.9571e-06
5.16013e-09
1.14462e-05
4.95144e-09
1.35605e-05
6.53097e-09
1.23629e-05
5.23915e-09
1.47472e-05
5.69733e-09
1.18334e-05
5.80186e-09
1.23906e-05
5.29019e-09
1.22588e-05
5.14357e-09
1.05103e-05
5.24238e-09
9.04563e-06
5.48786e-09
1.01784e-05
5.50835e-09
1.00433e-05
5.36678e-09
1.29083e-05
5.23981e-09
1.25061e-05
5.79856e-09
7.42569e-06
6.57336e-09
2.77494e-06
6.92652e-09
2.52399e-06
6.40534e-09
1.49815e-06
5.35971e-09
1.63869e-06
4.99079e-09
2.03494e-06
6.31583e-09
9.60364e-07
5.40014e-09
7.9539e-07
5.68289e-09
6.69992e-07
5.64198e-09
4.99388e-07
5.58731e-09
4.22493e-07
5.52941e-09
2.23218e-07
6.24748e-09
8.49617e-08
5.78637e-09
5.92163e-08
4.90646e-09
1.52807e-07
4.87789e-09
3.02486e-07
5.00195e-09
3.97553e-07
5.69342e-09
3.20356e-07
6.21926e-09
2.05121e-07
5.64759e-09
1.04256e-07
5.68146e-09
6.96514e-08
5.02062e-09
7.82634e-08
6.0674e-09
2.05741e-08
7.01048e-09
1.27893e-08
6.61045e-09
7.68279e-09
8.15633e-09
5.64035e-09
8.63847e-09
6.12786e-09
1.03484e-08
7.1309e-09
8.8091e-09
7.41568e-09
6.64699e-09
7.05831e-09
8.40386e-09
6.11677e-09
9.11373e-09
6.14756e-09
1.11045e-08
6.13088e-09
1.11009e-08
5.93464e-09
9.14259e-09
6.642e-09
8.296e-09
6.33144e-09
9.12542e-09
5.86077e-09
8.03318e-09
6.921e-09
6.56957e-09
6.4273e-09
7.10703e-09
7.20469e-09
7.13699e-09
8.18131e-09
1.77646e-08
5.46229e-09
1.81973e-08
5.53625e-09
1.02875e-08
6.03446e-09
1.00738e-08
6.06335e-09
1.67663e-08
5.29992e-09
3.27484e-08
5.87844e-09
4.60444e-08
5.11392e-09
8.01551e-08
5.27258e-09
1.00613e-07
5.24285e-09
1.51383e-07
5.78636e-09
3.86381e-07
5.35896e-09
5.07655e-07
5.48449e-09
6.23696e-07
5.5707e-09
8.20672e-07
5.01573e-09
9.3659e-07
5.12797e-09
5.5652e-07
5.19069e-09
5.1373e-07
5.19092e-09
7.25013e-07
4.68088e-09
8.71261e-07
4.83703e-09
1.10892e-06
4.49517e-09
1.29753e-06
4.97719e-09
1.53567e-06
6.52783e-09
6.85256e-06
5.06748e-09
8.54135e-06
5.13009e-09
1.22733e-05
4.94192e-09
9.5217e-06
4.80918e-09
1.26156e-05
4.4617e-09
1.08607e-05
4.57446e-09
9.0941e-06
4.63803e-09
8.55739e-06
4.62251e-09
8.09872e-06
4.77744e-09
7.90059e-06
4.8977e-09
7.61956e-06
4.85817e-09
8.46362e-06
5.13551e-09
1.13986e-05
4.48226e-09
1.17712e-05
4.56549e-09
9.87503e-06
4.90841e-09
1.06125e-05
4.23203e-09
1.11716e-05
4.40409e-09
9.87933e-06
5.02124e-09
7.92412e-06
6.31733e-09
4.70897e-06
4.76818e-09
3.17797e-06
5.25822e-09
2.1405e-06
5.20999e-09
7.15421e-07
4.89064e-09
4.26018e-07
4.50789e-09
3.44131e-07
4.46146e-09
3.38272e-07
4.85454e-09
2.62997e-07
5.09817e-09
2.10906e-07
4.42881e-09
1.139e-07
5.16476e-09
7.06226e-08
4.41959e-09
8.58569e-08
4.77637e-09
1.39102e-07
4.30474e-09
1.46131e-07
4.68619e-09
9.32417e-08
4.04482e-09
1.00073e-07
3.94592e-09
1.55754e-07
4.01124e-09
1.43635e-07
4.92692e-09
6.5307e-08
4.20973e-09
8.09469e-08
5.59407e-09
2.23847e-08
5.13497e-09
8.19728e-09
6.66545e-09
5.62637e-09
6.00656e-09
6.0944e-09
6.48911e-09
7.75279e-09
5.22532e-09
9.77136e-09
4.39085e-09
1.26265e-08
4.17297e-09
1.80707e-08
4.54201e-09
1.73735e-08
4.2772e-09
1.98565e-08
4.11283e-09
1.63679e-08
4.37788e-09
1.03884e-08
4.59367e-09
8.4172e-09
5.28357e-09
6.39738e-09
5.03762e-09
7.06823e-09
5.24979e-09
6.10888e-09
8.81947e-09
4.43295e-09
1.10978e-08
4.48755e-09
8.99851e-09
5.92953e-09
6.42423e-09
5.04423e-09
1.26759e-08
5.72381e-09
6.79857e-08
4.00889e-09
1.21081e-07
4.40738e-09
1.60155e-07
3.69926e-09
1.67164e-07
4.3368e-09
1.13996e-07
4.20447e-09
2.2181e-07
4.30767e-09
3.24421e-07
4.31061e-09
7.83762e-07
3.80271e-09
9.20063e-07
4.29814e-09
9.40094e-07
3.62914e-09
4.99317e-07
4.08917e-09
3.2895e-07
3.84046e-09
4.69674e-07
3.36208e-09
4.5709e-07
3.63012e-09
4.23977e-07
4.19802e-09
5.82245e-07
3.76479e-09
7.54478e-07
3.71773e-09
8.07726e-07
4.30798e-09
1.77516e-06
3.88105e-09
2.88561e-06
5.48782e-09
7.10464e-06
3.87023e-09
8.1901e-06
3.94758e-09
7.58863e-06
3.62956e-09
5.57864e-06
3.40758e-09
3.20679e-06
4.39371e-09
4.94995e-06
3.43149e-09
6.24595e-06
3.14116e-09
3.70343e-06
3.79779e-09
4.46212e-06
3.99186e-09
7.90154e-06
3.74544e-09
7.89459e-06
4.03234e-09
8.01556e-06
3.93425e-09
4.74368e-06
4.00424e-09
2.94198e-06
3.42044e-09
3.55355e-06
3.3564e-09
6.01005e-06
3.4074e-09
8.69539e-06
3.15132e-09
9.42073e-06
3.60397e-09
5.49517e-06
3.77955e-09
3.98081e-06
4.48938e-09
9.92219e-07
3.6603e-09
1.29432e-06
3.22073e-09
1.57105e-06
3.30989e-09
1.85452e-06
3.46795e-09
1.22033e-06
4.04872e-09
5.3153e-07
3.39479e-09
5.86287e-07
3.18738e-09
6.37401e-07
3.1586e-09
8.98462e-07
3.1962e-09
1.95159e-06
3.06197e-09
2.77487e-06
3.12338e-09
2.3494e-06
3.08515e-09
2.02132e-06
3.22368e-09
1.11328e-06
3.24046e-09
6.53464e-07
2.93217e-09
5.2377e-07
2.84728e-09
6.21484e-07
3.03568e-09
3.60533e-07
4.5667e-09
1.9509e-07
3.30273e-09
1.68593e-07
3.10118e-09
2.02494e-07
3.7188e-09
1.74957e-07
3.21129e-09
1.63758e-07
3.55157e-09
1.10022e-07
2.94442e-09
8.93827e-08
3.30051e-09
3.36792e-08
3.06904e-09
3.0435e-08
2.92864e-09
2.54357e-08
3.31521e-09
1.28483e-08
3.12599e-09
9.60378e-09
3.10676e-09
8.90561e-09
3.5784e-09
6.11939e-09
3.38476e-09
9.19865e-09
3.07759e-09
1.25883e-08
3.56389e-09
9.06486e-09
2.99971e-09
8.60712e-09
3.58697e-09
5.8438e-09
3.10011e-09
7.34304e-09
2.82207e-09
8.20472e-09
5.13248e-09
3.86183e-09
4.39597e-09
4.08641e-09
7.84286e-09
2.99785e-09
1.15579e-08
3.01429e-09
1.80427e-08
2.86042e-09
1.9893e-08
3.2389e-09
4.20414e-08
2.75963e-09
3.15727e-08
3.04699e-09
2.32039e-08
2.74261e-09
1.56337e-08
2.95747e-09
2.57792e-08
2.76433e-09
4.32785e-08
2.71435e-09
5.57866e-08
2.70204e-09
5.32225e-08
2.74057e-09
6.49336e-08
2.78977e-09
9.9459e-08
2.71262e-09
1.08808e-07
2.89552e-09
1.07605e-07
2.85856e-09
1.18566e-07
3.27267e-09
1.94947e-07
2.68883e-09
1.65526e-07
3.3441e-09
1.92415e-07
3.52166e-09
4.62811e-07
2.71747e-09
9.6592e-07
2.79026e-09
1.48459e-06
2.69473e-09
2.01595e-06
2.5835e-09
1.90225e-06
2.68903e-09
3.29265e-06
2.65754e-09
5.33485e-06
2.65066e-09
5.81212e-06
2.78978e-09
6.10509e-06
2.58575e-09
6.59724e-06
2.31056e-09
6.16932e-06
2.28313e-09
3.20578e-06
2.48592e-09
4.1306e-06
2.64102e-09
5.30665e-06
2.46746e-09
6.04303e-06
2.49077e-09
5.08158e-06
2.3003e-09
5.10117e-06
2.44766e-09
5.06801e-06
2.87599e-09
4.46195e-06
2.69126e-09
2.11064e-06
3.20098e-09
5.37866e-07
2.71958e-09
3.1332e-07
2.53182e-09
5.48797e-07
2.15208e-09
1.01402e-06
2.34291e-09
7.10634e-07
2.51437e-09
6.2333e-07
2.46372e-09
3.46409e-07
2.61266e-09
2.14809e-07
2.3804e-09
1.49399e-07
2.28876e-09
1.31151e-07
2.23731e-09
1.78652e-07
2.20989e-09
1.64707e-07
2.48869e-09
1.40672e-07
2.7096e-09
8.05399e-08
2.41165e-09
6.34738e-08
2.29298e-09
1.00493e-07
2.20722e-09
1.90277e-07
2.12676e-09
2.39664e-07
2.06449e-09
2.32401e-07
2.39879e-09
1.07343e-07
2.98334e-09
4.35319e-08
2.49304e-09
2.24441e-08
2.22035e-09
2.80959e-08
2.10486e-09
1.99884e-08
2.59156e-09
1.14015e-08
2.01006e-09
1.27762e-08
2.20983e-09
9.1043e-09
2.31875e-09
7.47937e-09
2.42022e-09
1.02013e-08
2.22324e-09
1.20322e-08
2.1222e-09
1.03943e-08
2.25632e-09
8.98647e-09
2.08227e-09
7.94083e-09
2.48301e-09
7.77766e-09
2.27275e-09
6.07979e-09
2.226e-09
6.19901e-09
2.17416e-09
5.35333e-09
2.57951e-09
3.30949e-09
3.28845e-09
2.43621e-09
3.93417e-09
2.44519e-09
7.46639e-09
2.9049e-09
2.89578e-08
1.92897e-09
1.38433e-08
1.9416e-09
1.392e-08
1.99393e-09
1.9772e-08
2.09605e-09
2.39242e-08
1.97709e-09
3.36067e-08
2.55166e-09
8.3456e-08
1.96658e-09
1.05038e-07
1.93759e-09
9.3646e-08
2.34046e-09
1.49462e-07
1.89499e-09
1.2995e-07
1.83851e-09
8.27483e-08
1.81653e-09
6.69755e-08
2.13995e-09
6.19578e-08
2.11124e-09
5.25514e-08
2.05362e-09
5.08268e-08
1.80478e-09
4.04586e-08
1.90344e-09
5.05706e-08
2.26139e-09
1.46494e-07
2.00283e-09
2.8922e-07
2.66432e-09
1.68189e-06
1.77353e-09
1.82252e-06
1.87657e-09
1.54073e-06
1.88939e-09
1.95829e-06
1.95399e-09
2.28511e-06
1.99315e-09
1.53056e-06
1.79898e-09
1.1905e-06
1.64285e-09
1.03037e-06
1.75326e-09
7.72406e-07
1.80658e-09
5.59987e-07
1.74805e-09
3.77107e-07
1.99241e-09
7.11329e-07
2.07329e-09
1.47473e-06
1.97743e-09
1.89242e-06
1.94939e-09
3.32693e-06
1.72936e-09
4.1167e-06
1.84851e-09
4.19048e-06
1.94672e-09
3.66003e-06
2.19359e-09
3.78293e-06
2.27292e-09
2.82332e-06
2.14959e-09
1.4094e-06
1.99293e-09
1.17904e-06
1.7156e-09
1.25365e-06
1.85622e-09
1.01458e-06
1.70004e-09
9.69616e-07
1.91764e-09
6.83493e-07
1.71326e-09
7.43779e-07
1.79391e-09
6.19107e-07
1.8125e-09
6.63916e-07
1.69376e-09
1.04639e-06
1.70792e-09
8.64293e-07
2.05805e-09
8.86743e-07
1.59653e-09
2.04454e-06
1.84155e-09
1.45061e-06
1.81552e-09
1.36861e-06
1.65348e-09
1.10892e-06
1.95512e-09
7.57983e-07
1.76089e-09
4.77787e-07
1.78413e-09
1.99814e-07
2.45675e-09
3.68371e-08
1.81287e-09
2.268e-08
1.89587e-09
1.07391e-08
1.86357e-09
9.18288e-09
1.79272e-09
1.58295e-08
1.88086e-09
8.66292e-09
1.82145e-09
6.48525e-09
1.8915e-09
5.21478e-09
1.8932e-09
6.54045e-09
1.72012e-09
6.40603e-09
1.73457e-09
4.96598e-09
2.00546e-09
3.20031e-09
1.74786e-09
3.80323e-09
1.89504e-09
3.58187e-09
2.51094e-09
2.16227e-09
3.15685e-09
1.89738e-09
3.93955e-09
2.04298e-09
3.96733e-09
2.2835e-09
3.30313e-09
2.05889e-09
4.05393e-09
1.78583e-09
5.16693e-09
1.81171e-09
7.65843e-09
2.44768e-09
2.81542e-08
1.71061e-09
5.49626e-08
1.71448e-09
5.23428e-08
1.89789e-09
1.06558e-07
1.5569e-09
1.35006e-07
1.52885e-09
8.11474e-08
1.56468e-09
5.08613e-08
1.59301e-09
3.95452e-08
1.67139e-09
4.99164e-08
1.66704e-09
2.82661e-08
1.57088e-09
2.20238e-08
1.61249e-09
2.74874e-08
1.90392e-09
4.32918e-08
1.579e-09
5.00127e-08
1.70235e-09
7.16195e-08
1.62421e-09
1.00409e-07
1.51702e-09
9.06465e-08
1.73054e-09
1.36094e-07
1.82655e-09
3.15664e-07
2.29278e-09
1.01728e-06
1.53677e-09
1.26486e-06
1.49166e-09
5.04485e-07
1.47595e-09
3.11682e-07
1.64585e-09
2.72373e-07
1.7438e-09
3.9121e-07
1.89915e-09
5.21026e-07
1.62723e-09
7.07947e-07
1.44685e-09
5.84286e-07
1.70267e-09
5.64817e-07
1.75549e-09
1.04661e-06
1.54621e-09
1.30677e-06
1.55938e-09
1.46667e-06
1.58834e-09
2.37045e-06
1.95127e-09
3.47319e-06
1.50025e-09
4.11429e-06
1.57663e-09
3.28459e-06
1.51286e-09
3.52562e-06
1.46755e-09
2.97557e-06
1.86482e-09
2.92425e-06
2.12292e-09
1.76348e-06
1.47655e-09
1.94929e-06
1.52569e-09
1.44347e-06
1.768e-09
8.58037e-07
1.49483e-09
1.22674e-06
1.48382e-09
1.45179e-06
1.63633e-09
8.14938e-07
1.62655e-09
4.08816e-07
1.50453e-09
2.96135e-07
1.6405e-09
4.53544e-07
1.42564e-09
7.18607e-07
1.40552e-09
6.74897e-07
1.75355e-09
4.47302e-07
1.52583e-09
2.80765e-07
1.53983e-09
2.19315e-07
1.36087e-09
2.95327e-07
1.43209e-09
3.78747e-07
1.55266e-09
1.7143e-07
1.73681e-09
5.86652e-08
2.06144e-09
1.21666e-08
1.54741e-09
1.22503e-08
1.98625e-09
6.94233e-09
1.43438e-09
1.33964e-08
1.36564e-09
2.91395e-08
1.57684e-09
2.28098e-08
1.5812e-09
1.64052e-08
1.54588e-09
1.20254e-08
1.55026e-09
9.99072e-09
1.42003e-09
7.37113e-09
1.49207e-09
4.7531e-09
1.68181e-09
3.57978e-09
1.5333e-09
3.68048e-09
1.68172e-09
2.43954e-09
2.40656e-09
1.76041e-09
2.38561e-09
1.80562e-09
2.51654e-09
1.64602e-09
2.93925e-09
1.69093e-09
2.14709e-09
3.05271e-09
1.73219e-09
2.33143e-09
2.52916e-09
2.03769e-09
7.10662e-09
1.45496e-09
8.12605e-09
1.68128e-09
1.16361e-08
1.4179e-09
1.04532e-08
1.3003e-09
8.25607e-09
1.33952e-09
6.70571e-09
1.68144e-09
1.44474e-08
1.31388e-09
1.60784e-08
1.52786e-09
2.22523e-08
1.46731e-09
2.62186e-08
1.30431e-09
2.75091e-08
1.36435e-09
2.53991e-08
1.47092e-09
4.5901e-08
1.39649e-09
6.4146e-08
1.4807e-09
6.34327e-08
1.63699e-09
5.79949e-08
1.44881e-09
1.30043e-07
1.29869e-09
1.46468e-07
1.43241e-09
1.71513e-07
1.50148e-09
2.57218e-07
1.89898e-09
5.45856e-07
1.46578e-09
1.01069e-06
1.2601e-09
1.02661e-06
1.30911e-09
1.0233e-06
1.31389e-09
1.00529e-06
1.24137e-09
8.48875e-07
1.23466e-09
7.92805e-07
1.38213e-09
5.69257e-07
1.44627e-09
4.18887e-07
1.50351e-09
5.21581e-07
1.45027e-09
1.00608e-06
1.47355e-09
1.35007e-06
1.50077e-09
2.05071e-06
1.31211e-09
2.61535e-06
1.35421e-09
2.83269e-06
1.36816e-09
3.33472e-06
1.34362e-09
3.27589e-06
1.36792e-09
3.37716e-06
1.34782e-09
2.67318e-06
1.9075e-09
1.72144e-06
1.50725e-09
1.08782e-06
1.43551e-09
1.19299e-06
1.22139e-09
2.70902e-06
1.23639e-09
3.23244e-06
1.44106e-09
1.97628e-06
1.39357e-09
1.26971e-06
1.34145e-09
9.78802e-07
1.32025e-09
1.04026e-06
1.42826e-09
4.61665e-07
1.50147e-09
2.11788e-07
1.43986e-09
9.62083e-08
1.45487e-09
4.60006e-08
1.4696e-09
2.82927e-08
1.3634e-09
3.43486e-08
1.27956e-09
7.11348e-08
1.33627e-09
6.63868e-08
1.30285e-09
5.28886e-08
1.41882e-09
4.81421e-08
1.26625e-09
5.73259e-08
1.56693e-09
3.24794e-08
1.57774e-09
1.11691e-08
1.61873e-09
6.01611e-09
1.2825e-09
5.36619e-09
1.20843e-09
5.42349e-09
1.24606e-09
5.37537e-09
1.26446e-09
7.39816e-09
1.23923e-09
1.0992e-08
1.19649e-09
2.62214e-08
1.35215e-09
2.38493e-08
1.45228e-09
1.22352e-08
1.53509e-09
7.62195e-09
1.27601e-09
9.24583e-09
1.2277e-09
6.97289e-09
1.37594e-09
3.91183e-09
1.29045e-09
3.34154e-09
1.53605e-09
2.24933e-09
1.69508e-09
2.83634e-09
1.46704e-09
2.30512e-09
1.89011e-09
2.05535e-09
4.28854e-09
1.29053e-09
5.54971e-09
1.37407e-09
2.57262e-09
1.68426e-09
2.49434e-09
1.51113e-09
2.81875e-09
1.57741e-09
8.11971e-09
1.31037e-09
1.46259e-08
1.34142e-09
1.78133e-08
1.31985e-09
3.00509e-08
1.18648e-09
4.50375e-08
1.26001e-09
6.95619e-08
1.2479e-09
8.56594e-08
1.16104e-09
6.45766e-08
1.23963e-09
3.87006e-08
1.37929e-09
3.32458e-08
1.28257e-09
2.88082e-08
1.3587e-09
4.17598e-08
1.3549e-09
5.02521e-08
1.22494e-09
4.54969e-08
1.29523e-09
5.08833e-08
1.73402e-09
1.57874e-07
1.32551e-09
3.07725e-07
1.3429e-09
5.37244e-07
1.27065e-09
7.7681e-07
1.23966e-09
1.21826e-06
1.21617e-09
1.31272e-06
1.18654e-09
1.28939e-06
1.11922e-09
8.66563e-07
1.17015e-09
3.90877e-07
1.31845e-09
4.89903e-07
1.24931e-09
8.70557e-07
1.39338e-09
1.78321e-06
1.2098e-09
2.50817e-06
1.17881e-09
2.43395e-06
1.30296e-09
2.83097e-06
1.17055e-09
2.71697e-06
1.20781e-09
2.89966e-06
1.15128e-09
2.93673e-06
1.1849e-09
2.89116e-06
1.24344e-09
1.91433e-06
1.48401e-09
1.01844e-06
1.4361e-09
8.40011e-07
1.34869e-09
6.33056e-07
1.23955e-09
3.0591e-07
1.32538e-09
1.23997e-07
1.09021e-09
1.12802e-07
1.05758e-09
1.16223e-07
1.12118e-09
1.19983e-07
1.20535e-09
8.7866e-08
1.23423e-09
6.58671e-08
1.11778e-09
4.17138e-08
1.23119e-09
2.06742e-08
1.1398e-09
2.72878e-08
1.10848e-09
5.4897e-08
1.0628e-09
6.8434e-08
1.15699e-09
5.88818e-08
1.1577e-09
5.97168e-08
1.06504e-09
9.34067e-08
1.02912e-09
9.34902e-08
1.12474e-09
6.89673e-08
1.44903e-09
1.31304e-08
1.16117e-09
9.72421e-09
1.02129e-09
1.15756e-08
1.06343e-09
1.16195e-08
1.05156e-09
9.59316e-09
1.10553e-09
7.3489e-09
1.12794e-09
8.87335e-09
1.14149e-09
1.05835e-08
1.18676e-09
4.57608e-09
1.08093e-09
3.14025e-09
1.01204e-09
2.45523e-09
1.42675e-09
1.42748e-09
1.68483e-09
1.3997e-09
1.96383e-09
1.20081e-09
1.7357e-09
1.46904e-09
1.52195e-09
1.43354e-09
2.39833e-09
1.10397e-09
3.72496e-09
1.25285e-09
6.76888e-09
9.77119e-10
6.86229e-09
1.06631e-09
3.98946e-09
1.41945e-09
6.94179e-09
1.14593e-09
1.19388e-08
9.24043e-10
1.17797e-08
9.73917e-10
1.34436e-08
1.04566e-09
1.94404e-08
9.06252e-10
2.15977e-08
1.05543e-09
3.18889e-08
9.90013e-10
5.16836e-08
9.09674e-10
4.12525e-08
1.01635e-09
4.62664e-08
1.11353e-09
1.02386e-07
9.21204e-10
5.78928e-08
9.12755e-10
2.93367e-08
1.04204e-09
2.38161e-08
9.53543e-10
2.34964e-08
8.89249e-10
1.40755e-08
8.93914e-10
1.38538e-08
9.297e-10
1.79501e-08
1.41375e-09
7.77009e-08
9.25053e-10
8.43675e-08
1.03734e-09
1.40537e-07
9.66698e-10
3.03448e-07
8.70144e-10
4.16737e-07
9.18456e-10
5.41934e-07
9.56074e-10
3.47864e-07
9.67085e-10
2.56664e-07
1.06711e-09
3.5663e-07
9.96254e-10
6.00448e-07
1.05745e-09
8.54682e-07
9.75066e-10
1.42305e-06
8.89359e-10
1.37225e-06
1.14335e-09
1.80213e-06
9.10008e-10
2.28993e-06
9.76033e-10
1.91289e-06
9.70399e-10
2.26717e-06
9.15219e-10
2.18667e-06
9.8985e-10
1.55098e-06
9.45819e-10
1.1054e-06
9.38801e-10
1.53997e-06
1.08036e-09
6.5408e-07
1.06893e-09
3.21256e-07
1.02618e-09
1.11354e-07
9.15946e-10
9.47878e-08
9.13199e-10
6.01908e-08
9.22819e-10
5.7977e-08
8.24674e-10
6.51259e-08
8.2436e-10
7.21475e-08
7.95985e-10
7.30327e-08
9.14603e-10
5.02724e-08
9.03514e-10
6.20905e-08
8.59851e-10
7.91317e-08
8.16727e-10
1.49618e-07
8.30587e-10
2.69787e-07
7.89868e-10
4.52877e-07
8.20156e-10
3.84558e-07
9.03943e-10
2.58695e-07
8.50927e-10
1.96369e-07
8.70725e-10
6.98558e-08
1.19704e-09
3.62527e-08
7.97318e-10
3.22176e-08
9.165e-10
2.58156e-08
7.73938e-10
2.10848e-08
8.53886e-10
9.26169e-09
1.01733e-09
5.78793e-09
7.71938e-10
1.11046e-08
9.53479e-10
9.77192e-09
7.97451e-10
1.02777e-08
7.8781e-10
6.81853e-09
8.84124e-10
5.26468e-09
7.62127e-10
5.47775e-09
1.07635e-09
2.89029e-09
7.94437e-10
4.85054e-09
7.48178e-10
5.40998e-09
8.06158e-10
4.21821e-09
8.82534e-10
3.30771e-09
8.22103e-10
2.28701e-09
9.86969e-10
1.19857e-09
9.96776e-10
1.6428e-09
1.65404e-09
9.72432e-10
1.62225e-09
9.25702e-10
2.805e-09
7.48147e-10
2.45748e-09
8.40517e-10
3.69122e-09
7.92055e-10
4.60382e-09
7.52138e-10
4.11008e-09
9.30667e-10
9.94787e-09
7.57809e-10
1.22314e-08
8.416e-10
1.44489e-08
7.72699e-10
1.69712e-08
6.98482e-10
1.25836e-08
6.99098e-10
6.57641e-09
7.31996e-10
4.44974e-09
7.84629e-10
2.48805e-09
8.58076e-10
2.70947e-09
7.77292e-10
3.69862e-09
7.67697e-10
3.73396e-09
7.30876e-10
4.02829e-09
9.96171e-10
1.31877e-08
8.57207e-10
4.66457e-08
7.88575e-10
8.00667e-08
8.49139e-10
2.13826e-07
7.8554e-10
5.33977e-07
7.73307e-10
7.65462e-07
8.01389e-10
7.25933e-07
6.69173e-10
3.9279e-07
6.73528e-10
2.80436e-07
7.65198e-10
5.11783e-07
7.4047e-10
7.32644e-07
7.50504e-10
8.21209e-07
6.59409e-10
5.73103e-07
7.42758e-10
7.34584e-07
7.92122e-10
1.31739e-06
7.50044e-10
1.61724e-06
7.26988e-10
1.19167e-06
6.87611e-10
1.15724e-06
6.5168e-10
1.61432e-06
6.39243e-10
1.76323e-06
6.69209e-10
1.35654e-06
9.57047e-10
1.03774e-06
6.94247e-10
1.15598e-06
6.62464e-10
7.90585e-07
7.04676e-10
5.75561e-07
6.621e-10
5.58439e-07
6.63098e-10
4.77245e-07
6.08334e-10
5.94145e-07
5.89256e-10
9.07123e-07
6.09593e-10
9.16892e-07
6.41404e-10
1.25977e-06
6.4742e-10
9.97491e-07
7.57569e-10
8.86414e-07
6.2867e-10
1.35163e-06
6.5917e-10
1.19087e-06
6.67378e-10
1.06788e-06
6.69215e-10
5.73093e-07
7.55151e-10
2.30438e-07
6.51937e-10
1.76329e-07
6.53746e-10
1.16591e-07
6.59556e-10
4.71432e-08
8.82979e-10
1.39241e-08
6.31826e-10
1.07157e-08
6.61181e-10
8.55503e-09
6.31168e-10
8.27788e-09
6.57714e-10
1.26919e-08
6.09234e-10
8.60916e-09
6.12673e-10
6.09052e-09
6.29969e-10
5.10468e-09
6.06329e-10
6.718e-09
6.74669e-10
3.95284e-09
6.15655e-10
3.12392e-09
5.79988e-10
4.06318e-09
7.34898e-10
1.41922e-09
6.58464e-10
1.22542e-09
6.12562e-10
1.09751e-09
7.41212e-10
8.56034e-10
7.53635e-10
1.37021e-09
5.85118e-10
2.65472e-09
6.89403e-10
1.56549e-09
6.1769e-10
1.29036e-09
1.25404e-09
6.20879e-10
1.24856e-09
6.26377e-10
2.04144e-09
5.28039e-10
2.2927e-09
5.37055e-10
1.70296e-09
6.89048e-10
1.90601e-09
5.64793e-10
2.96973e-09
5.67126e-10
1.86776e-09
6.55932e-10
2.36696e-09
5.53778e-10
2.49963e-09
5.94619e-10
2.56537e-09
6.49865e-10
1.85785e-09
5.92354e-10
2.74162e-09
6.46427e-10
6.73214e-09
5.92406e-10
1.19167e-08
5.50879e-10
1.97833e-08
5.29228e-10
3.15732e-08
5.35918e-10
3.17183e-08
5.38004e-10
3.26433e-08
6.28175e-10
5.14735e-08
6.87541e-10
1.60861e-07
5.85644e-10
3.05574e-07
5.68829e-10
3.09143e-07
4.75015e-10
1.39618e-07
4.98064e-10
8.97337e-08
5.42816e-10
1.34714e-07
6.13261e-10
2.03204e-07
4.96304e-10
1.77203e-07
5.37356e-10
1.64622e-07
5.07188e-10
1.91205e-07
5.00054e-10
2.07692e-07
5.10557e-10
3.24754e-07
5.72842e-10
5.52422e-07
5.6105e-10
1.10468e-06
4.81817e-10
1.13876e-06
4.72191e-10
6.82026e-07
5.76247e-10
5.89713e-07
4.71228e-10
5.00937e-07
4.76676e-10
5.01137e-07
7.07294e-10
8.99707e-07
5.14156e-10
1.05861e-06
5.2587e-10
9.59695e-07
4.94253e-10
8.06163e-07
5.07605e-10
7.16306e-07
4.5228e-10
9.18851e-07
4.86042e-10
1.01482e-06
4.71571e-10
1.15974e-06
5.22941e-10
7.14982e-07
5.26136e-10
5.16752e-07
5.79282e-10
6.35e-07
4.39181e-10
8.89187e-07
4.94695e-10
4.48184e-07
5.12689e-10
3.57154e-07
4.79597e-10
3.47414e-07
4.47319e-10
4.30978e-07
4.40812e-10
3.4935e-07
4.81481e-10
2.51137e-07
4.70726e-10
2.49373e-07
4.95735e-10
9.31001e-08
6.24013e-10
2.68093e-08
5.24477e-10
1.47196e-08
4.76042e-10
2.10352e-08
4.53595e-10
3.80642e-08
4.23415e-10
3.34869e-08
4.40848e-10
3.05017e-08
4.28094e-10
5.72974e-08
4.32596e-10
4.45614e-08
4.58554e-10
2.78962e-08
4.35331e-10
1.84446e-08
4.7197e-10
7.51602e-09
4.9155e-10
3.96323e-09
4.57869e-10
3.17758e-09
4.68542e-10
1.83824e-09
5.14461e-10
2.11736e-09
4.4788e-10
2.86582e-09
4.7429e-10
2.51148e-09
3.89103e-10
2.46472e-09
4.73961e-10
1.38397e-09
4.87828e-10
1.15951e-09
6.64031e-10
4.90107e-10
1.07759e-09
4.4781e-10
1.12211e-09
5.14105e-10
1.40583e-09
4.22922e-10
1.50138e-09
4.84004e-10
1.30124e-09
4.43405e-10
1.75879e-09
4.87951e-10
2.34705e-09
4.47533e-10
4.59211e-09
4.13581e-10
3.96068e-09
4.38955e-10
2.48812e-09
3.97246e-10
2.63948e-09
4.26557e-10
4.31129e-09
4.30271e-10
7.62654e-09
3.72842e-10
7.8886e-09
4.19981e-10
9.65613e-09
4.37346e-10
1.49737e-08
3.71633e-10
1.67399e-08
4.2825e-10
2.82621e-08
3.81424e-10
3.1211e-08
4.91936e-10
5.18523e-08
4.3091e-10
7.86469e-08
3.90926e-10
6.11284e-08
3.74578e-10
4.41956e-08
3.55297e-10
2.49857e-08
3.85826e-10
2.97438e-08
3.82881e-10
2.72819e-08
4.24451e-10
4.16461e-08
3.79817e-10
5.67164e-08
3.76135e-10
5.01497e-08
3.76571e-10
6.12598e-08
3.63793e-10
6.76001e-08
4.19613e-10
7.20794e-08
4.24801e-10
1.19522e-07
4.2467e-10
1.49107e-07
3.89212e-10
9.7845e-08
3.46689e-10
8.37375e-08
4.09909e-10
1.04738e-07
4.14436e-10
1.52281e-07
4.57932e-10
3.24226e-07
4.84361e-10
8.3759e-07
4.14221e-10
7.02597e-07
4.23769e-10
6.51241e-07
4.08614e-10
5.63151e-07
3.8762e-10
5.71493e-07
3.69646e-10
3.66641e-07
3.9616e-10
1.65218e-07
4.18822e-10
1.98906e-07
3.50823e-10
3.80296e-07
3.56003e-10
3.82876e-07
3.45295e-10
2.96819e-07
3.51094e-10
3.0072e-07
3.27344e-10
4.43297e-07
3.57859e-10
3.16504e-07
3.71403e-10
2.10671e-07
3.75826e-10
1.26023e-07
3.9565e-10
7.94002e-08
3.53258e-10
6.88887e-08
3.52642e-10
8.10911e-08
4.41442e-10
4.36195e-08
4.57315e-10
3.61652e-08
3.48096e-10
5.34549e-08
3.32102e-10
7.9826e-08
3.41822e-10
8.35509e-08
3.78325e-10
6.1533e-08
3.65732e-10
5.46342e-08
3.36104e-10
3.93156e-08
4.10303e-10
2.41936e-08
3.27367e-10
2.02465e-08
3.81299e-10
1.2296e-08
3.32144e-10
1.41509e-08
3.51768e-10
1.04575e-08
3.9198e-10
8.9813e-09
3.15724e-10
2.31584e-08
4.22708e-10
1.04892e-08
3.42699e-10
9.60955e-09
3.54202e-10
5.64445e-09
3.80867e-10
2.96271e-09
4.06378e-10
1.9615e-09
3.44295e-10
1.35058e-09
4.64996e-10
6.08151e-10
5.35553e-10
5.09775e-10
5.01197e-10
4.16904e-10
6.19157e-10
3.73436e-10
5.88322e-10
3.95451e-10
8.40358e-10
3.77277e-10
9.84209e-10
4.18445e-10
6.24433e-10
4.10385e-10
6.45495e-10
3.72631e-10
4.7356e-10
4.06321e-10
5.32224e-10
3.70468e-10
1.03489e-09
3.40445e-10
1.70391e-09
3.63303e-10
1.97877e-09
3.6347e-10
3.25286e-09
3.08465e-10
3.15726e-09
3.07983e-10
2.9792e-09
2.94327e-10
2.14151e-09
3.08347e-10
1.34324e-09
5.25828e-10
2.51799e-09
3.06524e-10
2.44291e-09
3.3304e-10
1.56279e-09
3.26752e-10
2.60149e-09
3.34361e-10
3.9209e-09
3.27922e-10
5.74121e-09
3.24656e-10
7.98166e-09
3.53646e-10
1.29386e-08
3.02736e-10
1.25388e-08
3.35424e-10
2.02463e-08
3.06392e-10
2.81134e-08
3.15451e-10
2.46747e-08
3.06147e-10
2.46677e-08
3.42931e-10
1.43411e-08
3.43736e-10
2.7706e-08
3.48023e-10
6.08352e-08
3.00536e-10
9.24763e-08
3.31941e-10
1.31818e-07
3.37901e-10
2.19778e-07
2.73781e-10
1.32307e-07
3.26841e-10
1.59028e-07
4.05163e-10
5.0861e-07
3.32501e-10
7.09034e-07
2.94724e-10
8.05317e-07
2.82657e-10
7.66318e-07
2.82916e-10
6.66623e-07
2.89743e-10
3.65652e-07
3.19523e-10
4.00954e-07
2.8394e-10
4.11432e-07
3.22809e-10
6.53137e-07
3.03833e-10
6.2323e-07
3.09619e-10
8.13537e-07
2.57874e-10
7.96809e-07
2.91989e-10
6.52139e-07
3.21621e-10
6.26808e-07
2.75581e-10
5.13301e-07
3.23125e-10
2.61762e-07
2.95679e-10
3.72981e-07
2.9215e-10
4.08007e-07
2.96461e-10
4.80434e-07
3.90432e-10
1.88221e-07
3.28592e-10
1.28392e-07
3.20773e-10
7.19378e-08
2.93457e-10
4.93255e-08
3.02338e-10
3.36293e-08
2.61165e-10
4.1391e-08
3.03679e-10
2.01193e-08
2.859e-10
2.34163e-08
2.55455e-10
2.51136e-08
2.88173e-10
1.3507e-08
2.96665e-10
8.43126e-09
2.77631e-10
1.3305e-08
3.49268e-10
7.02939e-09
2.76128e-10
5.94292e-09
2.70775e-10
6.62621e-09
2.68461e-10
6.84885e-09
2.6511e-10
7.27035e-09
3.11717e-10
3.06362e-09
2.90528e-10
2.92074e-09
3.01867e-10
2.37458e-09
2.91302e-10
1.53269e-09
3.06565e-10
6.81312e-10
4.31367e-10
3.39861e-10
6.4414e-10
2.88183e-10
6.68925e-10
2.88842e-10
4.79889e-10
4.64098e-10
2.85793e-10
6.57757e-10
3.12282e-10
4.46804e-10
3.15024e-10
4.20616e-10
3.31137e-10
4.02961e-10
3.60651e-10
3.11712e-10
5.31642e-10
2.53639e-10
6.71078e-10
2.68695e-10
6.99523e-10
2.89758e-10
1.04296e-09
2.8971e-10
1.66596e-09
2.61223e-10
1.31953e-09
2.51956e-10
9.94149e-10
2.71506e-10
4.56805e-10
3.84926e-10
3.47248e-10
4.19756e-10
6.81828e-10
3.04398e-10
1.5166e-09
2.56595e-10
2.52538e-09
2.34752e-10
1.97556e-09
2.49791e-10
1.87798e-09
3.16788e-10
4.06253e-09
2.56555e-10
5.95617e-09
2.41627e-10
4.83624e-09
3.0025e-10
9.1752e-09
2.57393e-10
1.45523e-08
2.46428e-10
1.31257e-08
2.42136e-10
9.48745e-09
2.33778e-10
3.76112e-09
2.44902e-10
3.53496e-09
2.75213e-10
6.047e-09
2.57608e-10
1.10765e-08
2.95703e-10
3.04748e-08
2.46854e-10
3.09261e-08
2.27632e-10
1.88571e-08
2.4643e-10
1.66957e-08
2.9994e-10
4.40485e-08
3.00465e-10
1.90444e-07
2.73577e-10
2.39594e-07
2.49932e-10
3.93025e-07
2.25203e-10
2.02868e-07
2.46849e-10
1.39633e-07
2.40159e-10
2.16438e-07
2.5526e-10
3.91986e-07
2.51005e-10
5.54455e-07
2.49593e-10
5.86313e-07
2.41261e-10
5.69462e-07
2.47469e-10
4.9635e-07
2.50278e-10
4.92358e-07
2.32962e-10
4.07089e-07
2.47219e-10
3.58177e-07
2.5563e-10
3.20718e-07
2.32517e-10
4.26968e-07
2.24902e-10
5.65625e-07
2.28192e-10
5.91733e-07
2.57208e-10
4.81217e-07
2.72198e-10
3.65177e-07
2.96388e-10
1.84061e-07
3.02022e-10
6.66132e-08
2.2897e-10
6.45676e-08
2.15422e-10
6.17863e-08
2.47767e-10
3.66087e-08
2.32491e-10
2.98155e-08
2.33896e-10
1.97879e-08
2.59649e-10
8.76088e-09
2.24358e-10
7.46084e-09
2.3714e-10
1.11666e-08
2.3039e-10
1.64724e-08
2.2912e-10
1.45567e-08
2.29955e-10
1.05138e-08
2.26302e-10
7.04419e-09
2.39736e-10
7.02862e-09
2.62671e-10
4.24763e-09
2.412e-10
3.96684e-09
2.22569e-10
3.47802e-09
2.58723e-10
1.80471e-09
2.43598e-10
8.74122e-10
2.47339e-10
6.34643e-10
3.45679e-10
2.83715e-10
4.76517e-10
2.30107e-10
5.00296e-10
2.86078e-10
5.54272e-10
2.46186e-10
6.03784e-10
2.89579e-10
3.32928e-10
3.0989e-10
4.29081e-10
2.32067e-10
5.71269e-10
2.31381e-10
4.55465e-10
2.36362e-10
5.73945e-10
2.37544e-10
7.88706e-10
2.31911e-10
7.09807e-10
2.40866e-10
9.9294e-10
2.1782e-10
1.58809e-09
2.57051e-10
2.45008e-09
2.41165e-10
2.97195e-09
2.374e-10
4.56766e-09
2.17423e-10
5.04226e-09
2.20069e-10
4.93461e-09
2.1914e-10
2.76188e-09
3.03834e-10
5.11556e-09
2.39471e-10
1.09712e-08
2.23095e-10
1.62031e-08
2.15881e-10
2.83644e-08
2.14361e-10
3.72512e-08
2.0486e-10
4.12508e-08
1.98776e-10
4.49182e-08
2.12365e-10
4.48519e-08
1.99511e-10
4.14926e-08
2.14503e-10
4.50913e-08
2.38019e-10
9.83316e-08
2.09718e-10
1.07259e-07
2.2098e-10
1.0578e-07
2.41324e-10
1.41452e-07
2.24868e-10
1.00782e-07
2.18008e-10
1.58564e-07
1.86209e-10
1.03235e-07
1.89476e-10
5.49592e-08
2.07206e-10
5.74604e-08
2.68993e-10
1.68412e-07
2.51834e-10
4.38954e-07
2.18467e-10
4.36771e-07
2.10797e-10
3.93005e-07
1.89173e-10
4.76543e-07
2.30718e-10
2.18838e-07
2.07747e-10
1.8791e-07
1.9292e-10
1.76874e-07
2.23215e-10
1.75366e-07
2.10669e-10
2.58132e-07
1.97589e-10
2.0529e-07
2.363e-10
9.00802e-08
2.15298e-10
6.30564e-08
2.17696e-10
4.13607e-08
1.86954e-10
3.52399e-08
2.01259e-10
2.18265e-08
2.0772e-10
2.11556e-08
1.89868e-10
3.23869e-08
1.84575e-10
3.63243e-08
2.09264e-10
2.1084e-08
1.96249e-10
1.88308e-08
2.26989e-10
4.74932e-09
2.36338e-10
2.73118e-09
2.01894e-10
1.83475e-09
2.12759e-10
1.84207e-09
1.75286e-10
3.50189e-09
1.89905e-10
6.77069e-09
1.7535e-10
8.1529e-09
2.03482e-10
4.2937e-09
1.87427e-10
3.06515e-09
2.12979e-10
1.24774e-09
1.95405e-10
9.58347e-10
1.9328e-10
9.25617e-10
1.9043e-10
8.02688e-10
2.50775e-10
3.09243e-10
2.31243e-10
3.22858e-10
2.35028e-10
3.29146e-10
2.25509e-10
4.62737e-10
2.13038e-10
3.6527e-10
2.4155e-10
3.61705e-10
2.16999e-10
6.09928e-10
2.79319e-10
2.71802e-10
3.08708e-10
2.56379e-10
2.33849e-10
2.87366e-10
3.03371e-10
2.25169e-10
4.10257e-10
2.44004e-10
8.74708e-10
1.85304e-10
1.18886e-09
2.02109e-10
1.31661e-09
1.92227e-10
1.96288e-09
1.69928e-10
1.89884e-09
1.64888e-10
1.54753e-09
1.8132e-10
1.66187e-09
2.29768e-10
3.37653e-09
1.71969e-10
2.73081e-09
1.78472e-10
2.28849e-09
1.87195e-10
1.4197e-09
1.77713e-10
7.67653e-10
1.85709e-10
9.99675e-10
2.09084e-10
2.17213e-09
2.18403e-10
6.76544e-09
2.47278e-10
2.96877e-08
1.82105e-10
3.50503e-08
2.04079e-10
4.63376e-08
1.80154e-10
5.4126e-08
1.76172e-10
3.07636e-08
1.83073e-10
3.16831e-08
1.88916e-10
3.90414e-08
1.977e-10
6.32526e-08
1.73559e-10
7.16146e-08
2.2495e-10
5.22761e-08
1.82695e-10
8.11908e-08
1.83657e-10
1.02957e-07
2.05032e-10
1.57886e-07
1.75144e-10
1.73294e-07
1.78991e-10
1.9119e-07
1.92469e-10
2.04406e-07
1.86302e-10
3.36605e-07
1.96801e-10
3.80618e-07
2.15653e-10
3.96024e-07
1.9182e-10
3.01366e-07
2.15458e-10
1.47001e-07
2.47023e-10
6.58175e-08
1.81657e-10
1.05747e-07
1.76767e-10
1.42695e-07
2.14321e-10
7.48507e-08
1.6884e-10
1.06386e-07
1.79153e-10
1.08597e-07
1.89676e-10
1.28693e-07
1.75416e-10
1.11337e-07
1.72889e-10
9.87932e-08
1.87859e-10
7.54946e-08
1.96374e-10
4.82428e-08
1.85462e-10
2.83033e-08
1.72015e-10
1.91831e-08
1.73043e-10
1.5653e-08
2.06229e-10
1.28884e-08
1.79352e-10
2.55905e-08
1.77691e-10
1.99184e-08
1.85508e-10
1.47917e-08
1.79697e-10
1.29147e-08
2.57804e-10
2.30935e-09
1.81149e-10
1.41811e-09
2.02409e-10
6.5075e-10
1.80731e-10
5.16957e-10
2.36286e-10
2.92454e-10
2.05038e-10
3.80359e-10
1.94395e-10
4.21533e-10
1.91115e-10
5.17446e-10
1.90637e-10
6.28432e-10
1.77304e-10
1.04964e-09
2.0434e-10
8.14949e-10
2.02261e-10
5.14149e-10
1.93732e-10
5.36841e-10
1.69814e-10
6.63349e-10
2.1747e-10
2.64316e-10
2.73764e-10
2.08268e-10
5.39838e-10
1.71595e-10
4.81938e-10
1.89471e-10
5.32634e-10
1.74595e-10
5.83921e-10
1.87572e-10
6.05e-10
2.45642e-10
3.0954e-09
1.64612e-10
4.04961e-09
1.96862e-10
3.00449e-09
1.66237e-10
2.40642e-09
1.61058e-10
1.98908e-09
1.70294e-10
2.36327e-09
1.72633e-10
3.92252e-09
1.58233e-10
4.15407e-09
1.84754e-10
5.43839e-09
1.83826e-10
1.04935e-08
1.65388e-10
7.73582e-09
1.77376e-10
7.11481e-09
1.69627e-10
7.11191e-09
1.62758e-10
7.60657e-09
1.71421e-10
1.01753e-08
1.68175e-10
9.2373e-09
1.80446e-10
7.87262e-09
1.67446e-10
4.74644e-09
2.06465e-10
7.14274e-09
1.88e-10
2.2238e-08
1.66357e-10
2.00599e-08
1.88316e-10
4.02869e-08
1.59608e-10
4.58414e-08
1.67151e-10
5.64445e-08
1.84655e-10
1.0472e-07
1.83911e-10
1.36417e-07
1.81747e-10
2.59116e-07
1.70187e-10
3.00988e-07
1.86439e-10
3.84119e-07
1.77286e-10
3.52834e-07
1.70999e-10
2.95672e-07
1.83693e-10
2.87596e-07
1.8024e-10
3.2978e-07
1.49099e-10
4.366e-07
1.49843e-10
4.05442e-07
1.66932e-10
3.6524e-07
1.84665e-10
2.84756e-07
1.53708e-10
3.09097e-07
1.64981e-10
2.32471e-07
1.7111e-10
1.40725e-07
2.41498e-10
3.08885e-08
1.54734e-10
2.16414e-08
1.8896e-10
7.01421e-09
1.54518e-10
5.77118e-09
1.51961e-10
9.22098e-09
1.56642e-10
1.49084e-08
1.7071e-10
1.50125e-08
1.55061e-10
1.55452e-08
1.58249e-10
1.29657e-08
1.74848e-10
6.09806e-09
1.53904e-10
5.48016e-09
1.53489e-10
6.19909e-09
1.47848e-10
7.25996e-09
1.43762e-10
1.12895e-08
1.64229e-10
8.996e-09
1.43096e-10
7.24798e-09
1.48183e-10
5.22049e-09
1.51021e-10
3.65245e-09
1.73347e-10
1.84623e-09
2.06281e-10
7.86329e-10
1.68628e-10
1.09147e-09
1.6354e-10
9.14517e-10
1.83974e-10
3.49081e-10
1.69429e-10
3.56491e-10
1.44699e-10
3.41526e-10
1.68603e-10
2.29058e-10
2.13058e-10
1.79032e-10
2.64101e-10
1.82054e-10
2.68888e-10
1.87567e-10
5.39042e-10
1.47886e-10
8.40389e-10
1.47166e-10
6.03701e-10
1.50558e-10
5.13908e-10
1.53801e-10
6.38096e-10
1.4995e-10
7.21823e-10
1.44525e-10
3.66446e-10
1.82891e-10
2.56022e-10
1.70208e-10
5.50618e-10
1.36661e-10
6.09192e-10
1.65464e-10
6.03385e-10
1.91538e-10
2.94307e-09
1.46066e-10
5.34768e-09
1.39865e-10
6.79123e-09
1.45353e-10
1.10891e-08
1.56519e-10
2.5229e-08
1.33481e-10
2.89272e-08
1.32356e-10
2.80559e-08
1.29486e-10
2.47574e-08
1.31719e-10
1.20549e-08
1.30978e-10
6.77885e-09
1.29585e-10
5.25881e-09
1.5665e-10
6.24847e-09
1.34354e-10
7.06834e-09
1.31002e-10
4.2861e-09
1.62871e-10
8.64597e-09
1.51568e-10
1.81822e-08
1.2766e-10
1.71165e-08
1.4029e-10
2.01709e-08
1.41084e-10
2.95593e-08
1.88219e-10
8.17705e-08
1.36621e-10
2.24232e-07
1.48293e-10
2.56452e-07
1.37038e-10
3.04743e-07
1.31659e-10
1.80574e-07
1.30695e-10
2.48863e-07
1.31142e-10
2.71883e-07
1.36446e-10
2.70004e-07
1.36904e-10
2.92922e-07
1.59209e-10
2.46239e-07
1.22816e-10
3.13821e-07
1.3117e-10
2.21522e-07
1.40569e-10
1.88876e-07
1.31028e-10
2.07771e-07
1.30732e-10
2.17856e-07
1.27257e-10
1.96003e-07
1.21768e-10
1.34414e-07
1.29833e-10
1.1571e-07
1.35925e-10
1.64881e-07
1.24496e-10
1.89678e-07
1.53723e-10
4.23377e-08
1.40282e-10
1.75447e-08
1.5554e-10
8.8163e-09
1.15295e-10
1.25961e-08
1.10286e-10
1.13847e-08
1.21698e-10
6.35437e-09
1.3437e-10
4.66516e-09
1.26535e-10
2.44161e-09
1.37326e-10
2.02338e-09
1.19651e-10
2.2286e-09
1.24197e-10
2.65715e-09
1.29279e-10
3.61963e-09
1.19027e-10
4.15122e-09
1.4957e-10
2.69131e-09
1.23521e-10
1.73778e-09
1.18815e-10
1.74152e-09
1.08519e-10
2.22885e-09
1.08221e-10
1.96441e-09
1.1649e-10
1.55396e-09
1.20587e-10
1.6974e-09
1.41324e-10
3.60647e-10
1.39831e-10
2.14241e-10
1.15498e-10
2.57109e-10
1.24174e-10
2.09612e-10
1.41484e-10
1.72791e-10
1.46517e-10
2.67098e-10
1.35681e-10
2.28378e-10
1.61563e-10
1.43966e-10
1.4836e-10
1.60748e-10
2.04983e-10
1.3458e-10
1.97203e-10
1.44773e-10
2.15726e-10
1.38251e-10
2.12537e-10
1.23031e-10
2.52211e-10
1.11428e-10
2.11169e-10
1.19857e-10
2.38373e-10
1.23194e-10
3.66467e-10
1.1186e-10
4.2301e-10
1.10041e-10
5.16894e-10
1.26797e-10
6.63725e-10
1.46233e-10
1.157e-09
1.04967e-10
1.1555e-09
1.13141e-10
1.09059e-09
1.1347e-10
2.12078e-09
1.07493e-10
3.60322e-09
1.18547e-10
5.80501e-09
1.18119e-10
7.98149e-09
1.22099e-10
1.66003e-08
1.07258e-10
2.44745e-08
1.0508e-10
1.98483e-08
1.18535e-10
2.73997e-08
9.91464e-11
2.16697e-08
1.20871e-10
2.67442e-08
1.01044e-10
3.32644e-08
9.50337e-11
1.65763e-08
1.17967e-10
1.1266e-08
1.07491e-10
1.68009e-08
1.12815e-10
3.16749e-08
9.82222e-11
4.91685e-08
1.14552e-10
7.75087e-08
1.00493e-10
7.71469e-08
1.55021e-10
2.15673e-07
1.07222e-10
2.10303e-07
9.83111e-11
1.91341e-07
9.23808e-11
2.07733e-07
9.91963e-11
1.70718e-07
1.15484e-10
1.6217e-07
1.00509e-10
2.10854e-07
1.09956e-10
1.07072e-07
1.12475e-10
1.13639e-07
1.03343e-10
9.02167e-08
1.0209e-10
7.76439e-08
9.59444e-11
7.57957e-08
9.11989e-11
6.5553e-08
1.07421e-10
4.3097e-08
9.3996e-11
3.68844e-08
9.50631e-11
3.31758e-08
1.09094e-10
2.3305e-08
9.62245e-11
1.66813e-08
9.50371e-11
1.43881e-08
1.00508e-10
1.56942e-08
1.39984e-10
6.94336e-09
9.26613e-11
9.36149e-09
9.8704e-11
4.33533e-09
1.12561e-10
2.31999e-09
9.31862e-11
1.55711e-09
9.73545e-11
1.08795e-09
8.79989e-11
1.25946e-09
9.338e-11
1.20418e-09
9.17686e-11
1.59452e-09
8.46355e-11
2.80695e-09
8.68305e-11
3.35247e-09
8.3744e-11
3.6083e-09
8.41176e-11
3.39598e-09
8.52916e-11
3.45506e-09
9.92197e-11
3.30916e-09
9.36607e-11
5.24812e-09
9.16403e-11
3.35216e-09
1.02282e-10
2.35123e-09
9.20636e-11
1.25936e-09
1.29161e-10
3.32924e-10
1.0297e-10
1.87152e-10
1.09245e-10
1.38027e-10
1.47806e-10
9.83852e-11
1.4376e-10
1.08329e-10
1.44613e-10
1.12469e-10
3.44041e-10
8.60292e-11
2.94217e-10
1.02004e-10
3.19015e-10
8.70951e-11
2.61435e-10
1.06884e-10
1.57101e-10
1.14943e-10
1.38454e-10
1.37566e-10
1.08161e-10
1.28616e-10
1.15206e-10
1.27728e-10
1.49182e-10
1.02062e-10
1.67888e-10
9.29818e-11
2.17226e-10
9.72928e-11
3.87669e-10
9.7076e-11
1.01035e-09
9.09081e-11
1.56646e-09
9.4384e-11
2.59267e-09
9.34735e-11
3.9151e-09
1.18816e-10
1.57829e-08
7.97323e-11
1.95534e-08
8.14478e-11
7.97326e-09
8.06883e-11
7.32464e-09
8.41671e-11
1.11466e-08
8.72576e-11
2.12718e-08
8.17366e-11
1.98348e-08
8.12962e-11
1.67482e-08
8.64235e-11
1.39816e-08
8.06355e-11
2.00788e-08
7.63608e-11
1.97324e-08
7.76853e-11
1.73608e-08
8.6415e-11
2.55641e-08
8.62644e-11
5.80524e-08
7.98848e-11
7.85625e-08
8.02022e-11
6.84013e-08
7.21568e-11
3.47181e-08
9.03518e-11
2.12289e-08
1.02121e-10
5.51707e-08
8.99884e-11
1.64618e-07
7.57202e-11
1.22797e-07
1.01814e-10
1.85697e-07
7.79349e-11
1.90608e-07
8.71663e-11
1.12149e-07
8.31533e-11
9.62896e-08
8.08005e-11
8.22898e-08
8.38667e-11
1.02266e-07
7.5199e-11
1.0318e-07
8.12114e-11
6.30134e-08
8.59679e-11
4.51096e-08
8.06765e-11
3.57556e-08
8.87386e-11
4.50575e-08
7.78518e-11
5.61672e-08
9.4726e-11
2.48239e-08
8.07347e-11
1.86093e-08
7.06522e-11
2.15932e-08
7.59512e-11
1.74771e-08
8.42615e-11
1.26233e-08
7.07652e-11
9.15069e-09
8.14354e-11
2.08067e-09
9.87171e-11
1.26806e-09
7.11525e-11
1.08633e-09
8.41082e-11
6.49165e-10
7.27215e-11
9.23063e-10
6.78448e-11
2.08307e-09
7.00583e-11
3.75844e-09
7.71524e-11
3.37608e-09
7.54799e-11
4.62231e-09
7.32818e-11
2.87584e-09
7.64814e-11
2.18372e-09
8.10619e-11
1.59581e-09
7.15194e-11
1.63199e-09
6.75231e-11
1.85908e-09
7.16404e-11
1.45975e-09
7.23797e-11
8.8234e-10
6.84073e-11
6.95359e-10
7.00337e-11
4.74045e-10
8.22471e-11
1.83808e-10
9.14595e-11
1.57066e-10
1.20582e-10
1.04585e-10
9.94503e-11
9.43105e-11
1.63522e-10
7.6872e-11
2.62615e-10
7.49141e-11
3.83053e-10
6.90778e-11
3.03235e-10
7.47227e-11
3.14673e-10
7.05222e-11
2.62883e-10
8.34258e-11
4.87706e-10
7.45521e-11
9.17781e-10
7.30095e-11
1.21344e-09
6.68625e-11
1.82892e-09
7.62247e-11
3.20716e-09
6.7272e-11
4.86174e-09
6.46178e-11
4.78043e-09
6.43347e-11
2.15608e-09
6.91183e-11
1.45494e-09
6.76469e-11
1.55407e-09
6.54914e-11
1.83313e-09
7.20207e-11
2.90027e-09
7.53603e-11
5.20434e-09
8.14971e-11
9.6515e-09
8.31928e-11
3.43052e-08
5.96437e-11
3.86983e-08
5.79691e-11
2.73017e-08
6.72679e-11
2.40072e-08
6.26748e-11
1.74406e-08
7.06767e-11
2.88308e-08
6.52833e-11
4.0886e-08
6.3302e-11
1.96984e-08
7.35623e-11
2.05914e-08
6.13566e-11
2.13443e-08
6.00072e-11
1.94137e-08
6.1764e-11
1.98935e-08
6.50193e-11
3.34926e-08
6.27483e-11
5.67941e-08
6.19084e-11
7.60278e-08
6.47932e-11
7.54792e-08
7.0751e-11
1.12316e-07
6.77851e-11
1.45847e-07
8.04055e-11
8.32919e-08
7.22721e-11
7.88854e-08
7.74595e-11
6.65906e-08
6.09362e-11
5.85464e-08
6.21351e-11
5.50654e-08
7.83973e-11
3.01158e-08
6.0605e-11
4.21256e-08
5.79611e-11
4.71505e-08
6.41537e-11
2.9287e-08
5.9901e-11
2.99768e-08
5.61523e-11
2.97772e-08
5.76432e-11
2.70842e-08
6.29158e-11
2.95632e-08
5.71087e-11
2.89521e-08
6.33153e-11
1.84368e-08
6.1721e-11
2.80291e-08
5.58959e-11
5.44775e-08
6.59803e-11
3.66711e-08
6.05174e-11
2.51336e-08
6.27468e-11
1.04381e-08
6.89644e-11
2.87689e-09
7.88776e-11
8.51085e-10
6.54303e-11
6.35911e-10
5.63576e-11
9.79338e-10
5.38262e-11
1.65728e-09
5.95845e-11
1.09573e-09
6.86151e-11
5.91403e-10
5.43707e-11
7.83965e-10
5.8681e-11
6.61147e-10
6.61866e-11
9.85693e-10
5.75952e-11
9.7646e-10
5.91129e-11
8.78976e-10
5.36474e-11
1.00008e-09
5.58848e-11
8.04678e-10
6.09183e-11
4.02136e-10
5.94753e-11
2.04578e-10
5.79211e-11
1.65061e-10
7.8564e-11
9.77909e-11
7.07473e-11
7.95382e-11
1.05527e-10
6.48262e-11
1.49002e-10
6.97436e-11
1.90106e-10
7.03913e-11
5.45057e-10
6.80182e-11
5.4435e-10
5.99107e-11
6.29524e-10
5.67331e-11
5.35994e-10
5.71929e-11
4.50598e-10
5.73018e-11
4.89939e-10
5.61973e-11
4.67371e-10
5.9386e-11
6.64341e-10
5.27198e-11
7.7993e-10
5.41141e-11
9.13957e-10
5.83105e-11
1.36907e-09
5.20303e-11
1.61708e-09
5.5323e-11
2.04206e-09
5.38279e-11
3.03874e-09
4.95045e-11
3.54495e-09
5.42121e-11
1.97287e-09
6.03942e-11
1.89006e-09
5.39246e-11
1.49708e-09
5.80948e-11
2.44833e-09
6.50409e-11
7.93879e-09
7.40776e-11
2.70357e-08
5.21018e-11
2.22423e-08
4.84305e-11
1.85771e-08
5.68215e-11
2.46e-08
5.28963e-11
3.74033e-08
4.7369e-11
3.57354e-08
5.22974e-11
3.15394e-08
5.4432e-11
3.15125e-08
5.77086e-11
3.21369e-08
5.5267e-11
2.35186e-08
6.01907e-11
2.71859e-08
5.66621e-11
4.89509e-08
6.31911e-11
9.29787e-08
4.80437e-11
8.40347e-08
6.26436e-11
1.00189e-07
5.25374e-11
1.35794e-07
5.57041e-11
1.21018e-07
5.51234e-11
1.03024e-07
6.02302e-11
5.19813e-08
5.73038e-11
4.87732e-08
5.84097e-11
3.2507e-08
7.3941e-11
1.16478e-08
5.3667e-11
1.53477e-08
4.95447e-11
3.49777e-08
5.20633e-11
4.00191e-08
5.13354e-11
3.41245e-08
5.39205e-11
2.69853e-08
5.4742e-11
1.88765e-08
4.90595e-11
2.06729e-08
5.65175e-11
9.99446e-09
5.5611e-11
6.35795e-09
5.00466e-11
5.32756e-09
5.00696e-11
4.72448e-09
5.93756e-11
3.10883e-09
4.90598e-11
4.97301e-09
4.63949e-11
1.33224e-08
6.0616e-11
7.32989e-09
5.18643e-11
6.67943e-09
4.84248e-11
6.96925e-09
5.3688e-11
3.69949e-09
7.45365e-11
2.16767e-09
4.89263e-11
2.38178e-09
4.79193e-11
3.63616e-09
4.9711e-11
3.50168e-09
5.68619e-11
2.34459e-09
5.29638e-11
1.5672e-09
5.5006e-11
9.95544e-10
5.20087e-11
6.42084e-10
6.17978e-11
6.06749e-10
5.72014e-11
5.55559e-10
5.13992e-11
4.87193e-10
5.17966e-11
4.92582e-10
5.02383e-11
5.1319e-10
5.30977e-11
2.37003e-10
5.8113e-11
1.18788e-10
6.9498e-11
7.55942e-11
6.30451e-11
8.69586e-11
5.47788e-11
8.80582e-11
6.5973e-11
7.70298e-11
6.46574e-11
1.02513e-10
8.29728e-11
6.34869e-11
1.33313e-10
5.90595e-11
1.13452e-10
7.03126e-11
9.92498e-11
5.54338e-11
1.39146e-10
5.18824e-11
2.27881e-10
4.80682e-11
3.2572e-10
5.38218e-11
4.92305e-10
5.18818e-11
8.33971e-10
4.7972e-11
8.39139e-10
5.63731e-11
1.15041e-09
4.99691e-11
1.3584e-09
4.54763e-11
1.57292e-09
4.8521e-11
1.16626e-09
4.90097e-11
7.5345e-10
4.90175e-11
3.78743e-10
5.22569e-11
5.76344e-10
4.77607e-11
7.33358e-10
5.00981e-11
1.03817e-09
4.96336e-11
1.07681e-09
6.04236e-11
1.65361e-09
6.51591e-11
4.42018e-09
4.59468e-11
5.06154e-09
5.67786e-11
1.09648e-08
4.67802e-11
1.29019e-08
5.29704e-11
1.65773e-08
5.41627e-11
3.39713e-08
5.48375e-11
3.13583e-08
5.0571e-11
2.94717e-08
4.53582e-11
2.22557e-08
4.72154e-11
2.46475e-08
4.74675e-11
2.80091e-08
5.4642e-11
3.7107e-08
5.17449e-11
7.39949e-08
5.41731e-11
1.08328e-07
5.04522e-11
1.21061e-07
4.75163e-11
1.01947e-07
5.48015e-11
5.1286e-08
4.78794e-11
5.58383e-08
4.88845e-11
7.40053e-08
4.94765e-11
9.94837e-08
4.44321e-11
1.27921e-07
5.01891e-11
8.89347e-08
6.87379e-11
3.67055e-08
4.82637e-11
4.88117e-08
4.69016e-11
3.51029e-08
5.30254e-11
1.45447e-08
5.15642e-11
8.01362e-09
4.52551e-11
8.05994e-09
4.12368e-11
1.06529e-08
4.2392e-11
1.30596e-08
4.9427e-11
9.78238e-09
5.43036e-11
1.06891e-08
4.67915e-11
1.81496e-08
5.1337e-11
9.40699e-09
4.78768e-11
8.17075e-09
4.42482e-11
6.22201e-09
5.22403e-11
3.38587e-09
4.74446e-11
3.23828e-09
5.26081e-11
2.63526e-09
4.37665e-11
4.63428e-09
4.45485e-11
4.94913e-09
6.0756e-11
2.20353e-09
4.85954e-11
1.07591e-09
6.45973e-11
2.71965e-10
5.42367e-11
3.5149e-10
4.91579e-11
4.30807e-10
4.67215e-11
4.14471e-10
4.68073e-11
3.79691e-10
4.48878e-11
4.24456e-10
4.9723e-11
2.39509e-10
5.23822e-11
1.20849e-10
5.83186e-11
8.80016e-11
6.21776e-11
7.25212e-11
5.55155e-11
7.87564e-11
5.45502e-11
7.01291e-11
7.69599e-11
5.47671e-11
6.90081e-11
8.34903e-11
5.70021e-11
1.08138e-10
5.24206e-11
1.08554e-10
4.83638e-11
1.15294e-10
5.78508e-11
6.82241e-11
6.38368e-11
9.17097e-11
5.16968e-11
8.91225e-11
5.8366e-11
7.73553e-11
1.01793e-10
4.89402e-11
2.59856e-10
4.6951e-11
2.68784e-10
4.69363e-11
3.74885e-10
4.31331e-11
4.08344e-10
4.4705e-11
3.61067e-10
4.652e-11
2.16206e-10
4.61321e-11
1.35335e-10
5.15577e-11
2.56192e-10
4.56443e-11
3.15054e-10
5.00688e-11
4.71551e-10
4.69952e-11
1.03254e-09
4.47886e-11
9.8455e-10
5.59883e-11
1.93025e-09
4.66834e-11
3.11877e-09
4.872e-11
5.11844e-09
4.98261e-11
6.03469e-09
4.63612e-11
6.45571e-09
4.40481e-11
4.85511e-09
4.89675e-11
3.86927e-09
4.59004e-11
3.30166e-09
4.84735e-11
5.27701e-09
4.49122e-11
4.34334e-09
6.20741e-11
2.53813e-08
4.08164e-11
3.82381e-08
4.20279e-11
4.85909e-08
5.41036e-11
8.19553e-08
4.389e-11
1.15937e-07
4.13038e-11
1.04022e-07
4.35426e-11
1.075e-07
4.51921e-11
1.01072e-07
4.93541e-11
9.54196e-08
4.22568e-11
1.17115e-07
4.05838e-11
1.15937e-07
4.13009e-11
1.15172e-07
4.43209e-11
9.64234e-08
4.6407e-11
1.04086e-07
3.85963e-11
1.19469e-07
4.14076e-11
1.01212e-07
4.39087e-11
1.04896e-07
4.429e-11
9.92363e-08
4.66585e-11
8.67736e-08
4.16128e-11
8.58521e-08
4.56489e-11
8.81895e-08
5.47527e-11
5.31829e-08
5.15409e-11
3.47947e-08
4.46811e-11
2.50927e-08
3.86287e-11
3.36956e-08
4.09176e-11
2.63288e-08
5.48525e-11
1.26456e-08
4.03921e-11
1.53031e-08
4.19037e-11
8.34037e-09
4.51677e-11
5.82979e-09
3.85997e-11
7.9035e-09
4.46945e-11
5.19362e-09
4.2534e-11
4.88986e-09
3.91703e-11
1.31805e-08
4.02849e-11
1.25553e-08
3.87154e-11
1.12602e-08
4.85524e-11
5.73537e-09
4.28238e-11
5.53752e-09
4.88465e-11
4.40263e-09
4.02389e-11
4.22686e-09
4.89144e-11
1.83298e-09
4.26082e-11
1.1609e-09
4.24825e-11
7.32087e-10
4.46323e-11
2.61372e-10
5.8816e-11
9.63503e-11
4.88732e-11
1.53985e-10
4.40927e-11
1.40185e-10
4.71353e-11
9.59852e-11
4.5293e-11
6.97702e-11
4.69068e-11
5.67847e-11
5.64303e-11
5.27289e-11
6.16903e-11
5.71269e-11
5.19822e-11
5.85401e-11
5.635e-11
5.28778e-11
5.93105e-11
4.96763e-11
6.3011e-11
5.22121e-11
1.10807e-10
4.35364e-11
7.44646e-11
6.23993e-11
4.56874e-11
8.01647e-11
4.98145e-11
7.26995e-11
5.59306e-11
6.11342e-11
6.88975e-11
4.72727e-11
7.10423e-11
4.32887e-11
7.39325e-11
4.83766e-11
1.26956e-10
4.69015e-11
2.11363e-10
4.76564e-11
6.82189e-10
3.90132e-11
8.4303e-10
4.33679e-11
1.91829e-09
3.94955e-11
2.72297e-09
3.65741e-11
1.68038e-09
3.89309e-11
8.38068e-10
4.17782e-11
1.06529e-09
3.63042e-11
1.01783e-09
3.63933e-11
1.02806e-09
4.18392e-11
2.15468e-09
4.076e-11
4.20596e-09
3.93033e-11
5.90405e-09
4.18099e-11
8.14438e-09
4.21311e-11
1.34091e-08
4.15668e-11
2.10452e-08
3.54432e-11
1.3361e-08
3.64618e-11
1.09399e-08
3.56311e-11
5.94263e-09
4.1322e-11
4.06368e-09
3.69938e-11
5.46154e-09
4.8209e-11
1.16379e-08
4.20546e-11
2.97608e-08
3.53831e-11
2.583e-08
3.71232e-11
2.73511e-08
4.24024e-11
4.87629e-08
3.82585e-11
8.69209e-08
3.6624e-11
8.50533e-08
4.31162e-11
7.08287e-08
3.5232e-11
9.34469e-08
3.29862e-11
8.47963e-08
3.60924e-11
6.28837e-08
4.55e-11
8.28935e-08
3.77971e-11
7.49388e-08
3.89976e-11
5.96376e-08
3.37331e-11
6.85214e-08
3.45933e-11
7.48679e-08
3.30932e-11
7.63696e-08
3.20941e-11
6.56083e-08
3.67804e-11
6.71296e-08
3.4844e-11
7.3279e-08
4.07108e-11
2.67008e-08
4.60345e-11
1.876e-08
3.53535e-11
2.90006e-08
3.46731e-11
2.26586e-08
3.32676e-11
1.69122e-08
3.70907e-11
1.41701e-08
3.45515e-11
9.64249e-09
3.75443e-11
6.98329e-09
3.51171e-11
5.61761e-09
3.7327e-11
2.86582e-09
3.89866e-11
1.92431e-09
3.40538e-11
1.68352e-09
3.14019e-11
1.29931e-09
3.47604e-11
1.95365e-09
3.13275e-11
3.27421e-09
3.79024e-11
1.62144e-09
3.32158e-11
1.74415e-09
3.43551e-11
1.04716e-09
3.56807e-11
6.6949e-10
3.2355e-11
6.3683e-10
3.37333e-11
4.12364e-10
3.29484e-11
3.25986e-10
4.25178e-11
1.40301e-10
3.82163e-11
9.59865e-11
3.572e-11
5.93371e-11
4.22473e-11
5.77519e-11
5.15073e-11
5.29133e-11
4.38248e-11
5.42172e-11
4.81368e-11
4.23471e-11
4.25709e-11
4.51218e-11
3.79799e-11
4.59045e-11
5.09388e-11
4.0187e-11
7.20282e-11
3.56855e-11
7.9547e-11
3.51714e-11
1.18867e-10
3.27077e-11
1.55098e-10
3.5613e-11
3.76488e-10
2.92316e-11
3.24759e-10
3.30861e-11
2.80974e-10
3.14408e-11
1.93717e-10
3.54097e-11
1.46887e-10
3.10506e-11
1.796e-10
3.34122e-11
2.42215e-10
3.31906e-11
4.47849e-10
3.23909e-11
3.82278e-10
4.49006e-11
9.85768e-10
3.01631e-11
2.14344e-09
2.76733e-11
1.52812e-09
3.13143e-11
1.87511e-09
3.07573e-11
2.59112e-09
3.75559e-11
6.87063e-09
3.00154e-11
8.58952e-09
2.7859e-11
3.48682e-09
2.89011e-11
2.17169e-09
3.03034e-11
2.9998e-09
3.13657e-11
5.13088e-09
3.2372e-11
1.13566e-08
2.81115e-11
1.30154e-08
2.65918e-11
8.15293e-09
3.21476e-11
1.31234e-08
2.92185e-11
2.1343e-08
3.31407e-11
2.17693e-08
3.30668e-11
3.63506e-08
2.73411e-11
3.07766e-08
2.81202e-11
2.28492e-08
3.08829e-11
1.53139e-08
3.07033e-11
1.65301e-08
4.1938e-11
4.50446e-08
2.72878e-11
7.22195e-08
2.596e-11
5.49002e-08
2.75809e-11
5.73158e-08
2.65381e-11
5.27015e-08
2.78307e-11
5.31038e-08
2.90556e-11
6.7385e-08
2.59267e-11
6.63364e-08
2.61071e-11
5.86112e-08
3.1902e-11
6.12852e-08
2.68221e-11
6.89046e-08
3.1783e-11
6.02109e-08
2.60811e-11
7.48064e-08
2.67665e-11
5.72113e-08
3.08637e-11
4.81685e-08
2.6006e-11
4.65e-08
2.60869e-11
4.69647e-08
2.90835e-11
4.07204e-08
2.96466e-11
2.84439e-08
2.8628e-11
1.21862e-08
3.07292e-11
4.05708e-09
3.2484e-11
1.60531e-09
3.44745e-11
8.46137e-10
2.45459e-11
1.84374e-09
2.77313e-11
2.03153e-09
2.57864e-11
1.99145e-09
2.40731e-11
1.57676e-09
2.80839e-11
8.91475e-10
2.56874e-11
7.82678e-10
2.42005e-11
1.05348e-09
2.83031e-11
5.1167e-10
2.88813e-11
2.65266e-10
2.67014e-11
1.7117e-10
2.56923e-11
1.72453e-10
2.40696e-11
2.16487e-10
2.53298e-11
3.66024e-10
2.68663e-11
4.01872e-10
2.77108e-11
4.3401e-10
2.60906e-11
4.79007e-10
2.41698e-11
6.09212e-10
2.49225e-11
3.95084e-10
2.85634e-11
1.98524e-10
3.51324e-11
6.17583e-11
2.94523e-11
4.0211e-11
3.72884e-11
2.80203e-11
6.32092e-11
2.46063e-11
7.78947e-11
2.4043e-11
6.68017e-11
2.76902e-11
5.95771e-11
2.806e-11
3.9929e-11
4.50461e-11
2.86459e-11
3.5414e-11
3.57365e-11
3.07049e-11
3.41255e-11
3.33635e-11
4.24055e-11
2.86506e-11
7.30593e-11
2.62239e-11
7.8607e-11
3.0177e-11
1.20654e-10
2.33107e-11
1.11291e-10
2.63321e-11
1.18176e-10
2.48614e-11
2.48024e-10
2.30994e-11
2.95244e-10
2.45314e-11
2.4382e-10
2.9389e-11
4.27053e-10
2.96536e-11
5.64813e-10
2.82724e-11
1.09568e-09
2.32476e-11
1.8419e-09
2.48656e-11
2.61029e-09
2.57323e-11
4.85111e-09
2.67651e-11
9.12904e-09
2.56215e-11
1.94253e-08
2.1839e-11
2.22374e-08
2.40644e-11
2.77008e-08
2.37759e-11
3.14029e-08
2.12506e-11
2.62524e-08
2.15239e-11
1.7217e-08
2.39683e-11
1.21193e-08
2.31407e-11
1.08396e-08
2.11428e-11
4.72745e-09
2.19734e-11
5.52835e-09
2.19036e-11
6.27202e-09
2.53323e-11
1.02314e-08
2.17873e-11
1.30688e-08
2.46298e-11
1.6467e-08
2.61699e-11
2.9956e-08
2.99092e-11
4.96253e-08
2.40606e-11
3.40054e-08
2.25523e-11
2.39211e-08
2.1322e-11
2.34481e-08
2.38657e-11
3.1573e-08
2.05718e-11
5.42328e-08
2.24392e-11
4.30702e-08
2.46555e-11
3.505e-08
2.02482e-11
4.02457e-08
2.0368e-11
3.42418e-08
2.72025e-11
2.0749e-08
2.22239e-11
2.30934e-08
2.21164e-11
2.29635e-08
1.96776e-11
2.81849e-08
1.97643e-11
2.93217e-08
2.15059e-11
1.56732e-08
2.48118e-11
9.25279e-09
2.40409e-11
5.14797e-09
2.248e-11
9.25368e-09
2.05834e-11
1.09288e-08
2.40158e-11
5.19096e-09
2.87198e-11
1.58787e-09
2.2012e-11
1.05124e-09
1.97363e-11
6.52792e-10
2.44209e-11
4.04091e-10
2.09667e-11
3.47269e-10
2.12117e-11
3.00515e-10
2.01051e-11
2.54204e-10
2.11878e-11
1.87644e-10
2.45878e-11
1.47906e-10
1.98173e-11
2.28371e-10
1.9325e-11
3.45077e-10
2.12763e-11
4.68821e-10
2.12159e-11
5.83532e-10
2.19532e-11
3.51222e-10
2.05361e-11
2.60666e-10
1.89122e-11
2.43071e-10
1.91125e-11
2.00439e-10
2.20993e-11
1.85376e-10
1.87809e-11
1.8893e-10
1.97144e-11
1.06747e-10
2.88945e-11
3.20336e-11
2.92339e-11
2.23273e-11
3.66495e-11
2.35862e-11
4.94403e-11
2.5663e-11
3.15273e-11
2.41699e-11
3.59624e-11
2.10075e-11
5.4544e-11
2.23279e-11
8.49345e-11
2.11203e-11
1.37021e-10
2.17296e-11
2.11602e-10
1.85598e-11
1.63158e-10
1.79349e-11
1.93316e-10
2.00194e-11
2.07075e-10
2.29133e-11
6.01693e-10
1.75003e-11
5.3508e-10
1.74005e-11
4.71093e-10
1.89072e-11
4.69756e-10
1.99324e-11
3.15393e-10
1.71586e-11
2.27966e-10
1.69441e-11
2.0532e-10
1.97579e-11
2.62955e-10
2.63468e-11
8.16339e-10
1.80296e-11
1.40658e-09
1.94076e-11
1.7874e-09
1.92838e-11
2.98009e-09
1.8831e-11
3.1325e-09
1.68732e-11
3.34413e-09
1.73301e-11
3.94356e-09
1.7559e-11
4.42121e-09
1.81271e-11
3.26068e-09
1.81534e-11
2.42109e-09
1.74904e-11
1.47766e-09
2.09036e-11
2.03745e-09
1.63258e-11
1.6355e-09
1.86106e-11
2.21161e-09
1.94013e-11
3.61199e-09
1.61714e-11
4.17606e-09
1.67371e-11
3.81771e-09
1.86378e-11
4.69998e-09
1.79688e-11
9.95799e-09
1.72038e-11
1.3718e-08
2.64827e-11
3.05928e-08
1.71015e-11
4.2485e-08
1.96706e-11
3.45803e-08
1.88686e-11
3.92188e-08
1.95912e-11
3.39869e-08
1.69101e-11
2.41433e-08
2.04901e-11
8.97717e-09
1.85275e-11
5.67958e-09
1.76951e-11
4.80331e-09
1.84203e-11
5.32366e-09
1.6316e-11
5.64942e-09
1.59485e-11
7.44789e-09
1.80784e-11
4.99016e-09
1.88953e-11
2.72512e-09
1.60103e-11
3.61585e-09
1.56127e-11
7.17457e-09
1.6921e-11
1.10878e-08
1.53966e-11
1.06453e-08
1.64175e-11
8.25009e-09
1.76011e-11
8.07739e-09
1.67662e-11
4.47393e-09
2.25596e-11
9.32134e-10
1.95242e-11
3.79038e-10
1.80249e-11
2.63859e-10
1.59772e-11
2.08175e-10
1.86226e-11
9.4753e-11
1.61124e-11
1.50448e-10
1.63307e-11
2.49578e-10
1.67188e-11
2.42754e-10
1.6019e-11
2.62555e-10
1.64599e-11
2.56519e-10
1.6721e-11
2.79351e-10
1.77759e-11
2.25893e-10
1.64754e-11
1.85618e-10
1.69251e-11
1.47172e-10
1.67745e-11
9.29237e-11
1.68739e-11
5.8879e-11
1.91886e-11
3.42617e-11
2.36567e-11
2.2125e-11
2.16532e-11
3.00543e-11
1.89878e-11
4.25467e-11
2.05013e-11
3.68092e-11
2.17274e-11
2.52067e-11
4.19653e-11
1.83566e-11
7.3166e-11
1.76004e-11
9.9555e-11
1.75227e-11
1.81079e-10
1.80736e-11
4.74102e-10
1.5601e-11
5.33472e-10
1.80246e-11
8.03042e-10
1.47087e-11
9.59386e-10
1.471e-11
8.28921e-10
1.71119e-11
8.72908e-10
1.52379e-11
6.22636e-10
1.56175e-11
3.27661e-10
1.66477e-11
2.83051e-10
1.72079e-11
2.60504e-10
1.62423e-11
4.1759e-10
1.42247e-11
4.02236e-10
1.44936e-11
3.6386e-10
1.45543e-11
3.03819e-10
1.65898e-11
3.27459e-10
1.58389e-11
4.64548e-10
2.36444e-11
2.55332e-09
1.47612e-11
4.44573e-09
1.49289e-11
5.2452e-09
1.54063e-11
3.84222e-09
1.65613e-11
2.78933e-09
1.62477e-11
5.16824e-09
1.39233e-11
4.65197e-09
1.3726e-11
3.64609e-09
1.5627e-11
2.73129e-09
1.82492e-11
8.16072e-09
1.48527e-11
1.08312e-08
1.66868e-11
1.1816e-08
1.47912e-11
1.02612e-08
1.41154e-11
1.35647e-08
1.47517e-11
1.63787e-08
1.71706e-11
2.2455e-08
1.65248e-11
2.84206e-08
1.59258e-11
1.99989e-08
1.63051e-11
3.12839e-08
1.60037e-11
3.5175e-08
1.60798e-11
3.07461e-08
2.13805e-11
1.10279e-08
1.56073e-11
8.76217e-09
1.57038e-11
5.66886e-09
1.44759e-11
5.64488e-09
1.4893e-11
4.28144e-09
1.53004e-11
4.56561e-09
1.42435e-11
3.09745e-09
1.82056e-11
1.8214e-09
1.40446e-11
3.55438e-09
1.43348e-11
5.8364e-09
1.5233e-11
6.61664e-09
1.55794e-11
7.32346e-09
1.38502e-11
9.4545e-09
1.53361e-11
5.52141e-09
1.63394e-11
4.42883e-09
1.39331e-11
4.57242e-09
1.42955e-11
4.13577e-09
1.43735e-11
4.08965e-09
1.58906e-11
2.64897e-09
1.56172e-11
2.01176e-09
1.79328e-11
5.82778e-10
1.83044e-11
2.11944e-10
1.44151e-11
2.15774e-10
1.55944e-11
2.86961e-10
1.66196e-11
2.28206e-10
1.63414e-11
1.51949e-10
1.37409e-11
1.32907e-10
1.47055e-11
1.20628e-10
1.56455e-11
8.6003e-11
1.46318e-11
7.19267e-11
1.36561e-11
1.11221e-10
1.47345e-11
1.30332e-10
1.42504e-11
9.29801e-11
1.75289e-11
4.39488e-11
1.61543e-11
2.76456e-11
2.0237e-11
1.91072e-11
2.4396e-11
2.04422e-11
2.02228e-11
2.87077e-11
2.07469e-11
1.90429e-11
1.91983e-11
1.80582e-11
2.0713e-11
1.7261e-11
2.7119e-11
2.09454e-11
1.17316e-10
1.51952e-11
1.40659e-10
1.36542e-11
1.53985e-10
1.24838e-11
1.26419e-10
1.27094e-11
7.72328e-11
1.51266e-11
6.76455e-11
1.47671e-11
1.17136e-10
1.44516e-11
8.48544e-11
1.43326e-11
7.02168e-11
1.64834e-11
5.74354e-11
1.51232e-11
5.15663e-11
1.46844e-11
5.03255e-11
1.56456e-11
1.01282e-10
1.44905e-11
1.70837e-10
1.49382e-11
3.5721e-10
1.54836e-11
6.94194e-10
1.60107e-11
1.09339e-09
1.47175e-11
2.19315e-09
1.27625e-11
2.65435e-09
1.42741e-11
3.96147e-09
1.58133e-11
6.45496e-09
1.88004e-11
1.46728e-08
1.43565e-11
1.06102e-08
1.41616e-11
1.34078e-08
1.27904e-11
1.13303e-08
1.34114e-11
1.1932e-08
1.32496e-11
8.17888e-09
1.47e-11
8.30912e-09
1.41239e-11
1.47102e-08
1.52522e-11
2.34172e-08
1.36882e-11
2.69202e-08
1.65509e-11
2.81785e-08
1.32808e-11
3.55919e-08
1.29278e-11
3.33486e-08
1.38747e-11
3.13224e-08
1.25399e-11
3.4522e-08
1.26407e-11
3.07794e-08
1.49907e-11
3.06461e-08
1.2276e-11
2.96574e-08
1.27503e-11
2.66577e-08
1.72463e-11
2.17481e-08
1.55532e-11
1.64827e-08
1.3116e-11
1.45071e-08
1.31925e-11
1.12048e-08
1.52002e-11
6.91216e-09
1.22941e-11
1.10059e-08
1.26212e-11
1.08604e-08
1.46215e-11
1.02939e-08
1.32113e-11
7.06028e-09
1.52278e-11
2.48231e-09
1.41268e-11
2.13592e-09
1.49593e-11
2.58576e-09
1.24646e-11
2.26037e-09
1.25709e-11
2.10459e-09
1.26902e-11
1.66024e-09
1.31549e-11
8.71484e-10
1.3051e-11
5.74395e-10
1.30335e-11
5.15088e-10
1.32447e-11
3.56722e-10
1.44594e-11
2.34601e-10
1.37126e-11
1.99871e-10
1.59348e-11
4.63634e-11
1.56138e-11
4.8455e-11
1.41179e-11
5.35363e-11
1.49844e-11
4.97776e-11
1.25794e-11
8.92921e-11
1.29352e-11
6.07195e-11
1.37383e-11
4.13413e-11
1.3817e-11
3.43706e-11
1.71981e-11
1.75095e-11
1.85546e-11
1.73216e-11
2.29837e-11
1.32796e-11
3.12269e-11
1.25396e-11
2.76523e-11
1.4269e-11
3.21185e-11
1.35088e-11
3.66243e-11
1.24242e-11
3.11744e-11
1.3611e-11
2.57866e-11
1.87704e-11
1.68245e-11
1.90399e-11
1.61448e-11
1.83237e-11
1.87082e-11
1.75441e-11
2.9263e-11
1.61172e-11
8.85389e-11
1.26187e-11
1.30492e-10
1.48514e-11
1.89721e-10
1.29835e-11
2.34727e-10
1.33937e-11
2.93256e-10
1.31464e-11
5.33281e-10
1.23303e-11
7.09171e-10
1.28408e-11
1.12929e-09
1.17842e-11
1.19448e-09
1.14249e-11
9.56119e-10
1.19567e-11
7.55208e-10
1.30708e-11
4.89929e-10
1.21656e-11
4.04459e-10
1.12178e-11
2.82575e-10
1.21766e-11
3.64896e-10
1.32715e-11
8.58311e-10
1.22143e-11
1.07301e-09
1.30183e-11
1.61543e-09
1.24874e-11
1.98138e-09
1.16959e-11
2.50274e-09
1.48683e-11
4.99215e-09
1.33875e-11
1.38607e-08
1.28814e-11
1.15748e-08
1.34546e-11
2.43045e-08
1.27387e-11
2.56756e-08
1.29435e-11
2.79522e-08
1.09079e-11
1.92903e-08
1.11653e-11
1.65725e-08
1.22574e-11
2.11357e-08
1.35044e-11
2.80053e-08
1.16461e-11
2.69348e-08
1.18502e-11
2.6589e-08
1.16729e-11
2.54041e-08
1.12696e-11
2.5868e-08
1.11685e-11
2.37083e-08
1.31826e-11
1.01315e-08
1.19677e-11
7.52726e-09
1.40275e-11
4.47191e-09
1.17278e-11
7.47395e-09
1.1255e-11
1.16831e-08
1.26608e-11
8.06311e-09
1.18788e-11
6.12341e-09
1.65142e-11
2.42063e-09
1.16216e-11
1.91153e-09
1.15392e-11
1.34882e-09
1.30517e-11
9.64597e-10
1.07617e-11
6.84591e-10
1.04894e-11
5.22505e-10
1.07823e-11
3.77683e-10
1.26193e-11
2.33202e-10
1.18919e-11
1.94096e-10
1.14865e-11
2.03122e-10
1.08204e-11
4.8406e-10
1.15178e-11
3.45988e-10
1.19215e-11
2.72952e-10
1.03053e-11
2.21285e-10
1.15637e-11
1.13127e-10
1.1015e-11
1.50033e-10
9.87761e-12
2.46907e-10
1.2697e-11
1.42717e-10
1.17009e-11
1.24714e-10
1.10025e-11
4.98573e-11
1.71723e-11
1.79869e-11
1.38721e-11
1.7162e-11
1.34617e-11
2.33424e-11
1.1436e-11
4.62656e-11
1.09979e-11
7.22469e-11
1.06406e-11
8.14211e-11
1.06236e-11
4.47006e-11
1.49712e-11
2.68481e-11
1.07763e-11
3.23393e-11
1.20977e-11
1.86625e-11
1.52378e-11
1.54381e-11
1.44565e-11
1.45245e-11
2.09224e-11
1.18659e-11
2.63707e-11
1.28745e-11
3.73921e-11
1.12865e-11
5.10277e-11
1.13005e-11
5.46512e-11
1.06438e-11
2.43977e-11
1.31192e-11
1.94963e-11
1.44999e-11
1.7099e-11
1.64337e-11
4.96374e-11
1.10015e-11
1.19837e-10
1.05902e-11
1.60527e-10
9.55967e-12
1.46441e-10
1.12794e-11
2.13709e-10
1.08944e-11
3.67162e-10
1.13131e-11
6.18137e-10
1.00291e-11
7.7261e-10
1.04108e-11
1.04231e-09
1.04034e-11
6.92562e-10
9.84775e-12
3.93076e-10
1.0024e-11
2.71531e-10
1.09423e-11
4.14397e-10
1.16287e-11
7.15617e-10
1.10837e-11
1.02433e-09
1.04706e-11
1.30876e-09
1.07177e-11
1.44977e-09
9.30797e-12
9.86733e-10
9.65029e-12
6.48701e-10
1.16446e-11
1.24167e-09
1.26075e-11
4.28678e-09
1.24411e-11
1.36181e-08
9.93534e-12
1.61478e-08
1.2119e-11
1.43057e-08
1.0385e-11
1.64947e-08
9.59708e-12
1.28142e-08
1.06751e-11
1.73863e-08
9.84146e-12
2.3383e-08
9.979e-12
2.15647e-08
1.10744e-11
2.33866e-08
9.8159e-12
2.40197e-08
9.87393e-12
2.02794e-08
1.03668e-11
1.4434e-08
9.58049e-12
1.17862e-08
9.16339e-12
1.18963e-08
1.13839e-11
1.08497e-08
9.21122e-12
1.35536e-08
1.01496e-11
1.69531e-08
9.8266e-12
1.81856e-08
8.83378e-12
1.80919e-08
1.05888e-11
1.14005e-08
1.09472e-11
3.29231e-09
1.22197e-11
1.46416e-09
8.76612e-12
1.72407e-09
1.04735e-11
1.14089e-09
1.01005e-11
7.88324e-10
1.00818e-11
4.28411e-10
9.10105e-12
3.62013e-10
8.63987e-12
4.40819e-10
1.06051e-11
5.6275e-10
8.7798e-12
8.68583e-10
8.74135e-12
7.10834e-10
1.03918e-11
4.21752e-10
9.99827e-12
2.41406e-10
1.05728e-11
1.77136e-10
8.69151e-12
2.63344e-10
8.51141e-12
4.28668e-10
9.40144e-12
2.03189e-10
1.08515e-11
6.46672e-11
1.01003e-11
3.5974e-11
9.28847e-12
4.37845e-11
9.63743e-12
3.034e-11
1.00943e-11
3.51181e-11
1.47776e-11
1.49007e-11
1.0789e-11
1.25036e-11
1.60681e-11
9.91738e-12
1.41076e-11
1.20132e-11
1.4492e-11
1.01296e-11
2.17061e-11
8.9102e-12
2.35282e-11
1.08838e-11
3.44595e-11
8.50531e-12
5.07225e-11
8.14311e-12
4.03261e-11
8.83033e-12
2.83467e-11
8.87425e-12
2.77339e-11
9.56281e-12
1.6233e-11
1.22742e-11
1.29901e-11
1.35505e-11
1.38641e-11
1.1639e-11
1.26592e-11
1.02288e-11
1.65998e-11
9.36927e-12
2.03056e-11
9.7298e-12
2.09363e-11
1.13686e-11
4.92468e-11
9.99962e-12
1.71056e-10
8.8377e-12
2.94159e-10
8.56925e-12
4.12662e-10
8.44552e-12
6.15486e-10
7.8037e-12
6.00798e-10
9.43117e-12
3.28207e-10
8.97745e-12
5.96253e-10
7.73029e-12
5.14039e-10
9.38753e-12
9.58759e-10
9.21952e-12
2.11507e-09
8.78655e-12
2.70921e-09
9.58799e-12
3.74087e-09
8.54944e-12
4.25592e-09
8.61328e-12
4.93457e-09
7.97831e-12
5.45131e-09
9.23577e-12
7.90042e-09
7.91883e-12
9.29666e-09
8.49169e-12
1.21108e-08
7.81011e-12
1.21056e-08
8.95998e-12
7.76347e-09
8.17456e-12
9.36068e-09
8.68607e-12
9.00008e-09
1.01214e-11
2.05076e-08
7.50446e-12
2.09269e-08
7.52878e-12
2.10185e-08
7.44378e-12
1.97698e-08
7.59121e-12
2.0194e-08
7.51718e-12
1.71801e-08
9.22739e-12
8.65402e-09
7.63971e-12
1.18543e-08
7.07775e-12
1.47027e-08
6.85503e-12
2.24093e-08
6.92698e-12
1.69031e-08
7.35486e-12
8.94916e-09
7.77888e-12
7.08691e-09
8.08577e-12
1.10763e-08
7.51369e-12
1.36032e-08
7.54375e-12
1.37295e-08
8.90192e-12
1.71405e-08
9.41331e-12
1.22566e-08
9.03519e-12
4.43836e-09
9.57232e-12
1.92861e-09
7.42525e-12
1.17843e-09
8.53617e-12
4.79337e-10
8.63978e-12
4.94766e-10
7.83397e-12
6.67063e-10
7.95872e-12
6.99191e-10
7.36288e-12
6.93495e-10
7.58101e-12
5.98801e-10
6.9076e-12
7.17536e-10
6.87751e-12
7.53913e-10
8.78449e-12
4.49825e-10
7.00253e-12
6.02969e-10
7.88952e-12
5.3357e-10
7.65947e-12
4.08895e-10
7.23785e-12
4.3367e-10
7.75685e-12
1.78735e-10
7.93737e-12
1.46443e-10
7.22832e-12
1.61428e-10
7.05883e-12
3.42109e-10
6.81403e-12
3.60874e-10
9.76543e-12
6.74143e-11
8.1618e-12
2.63941e-11
8.08975e-12
1.72605e-11
7.20671e-12
1.68896e-11
9.73152e-12
8.26727e-12
1.0441e-11
8.22188e-12
1.30687e-11
7.87456e-12
2.16964e-11
6.7164e-12
1.70903e-11
7.89974e-12
1.62776e-11
8.66922e-12
1.30903e-11
8.97149e-12
9.10607e-12
1.2712e-11
7.78442e-12
1.51623e-11
8.35563e-12
1.05889e-11
1.17826e-11
7.89398e-12
1.9652e-11
7.30199e-12
2.10676e-11
6.88905e-12
1.86661e-11
7.89464e-12
2.9852e-11
6.76031e-12
4.70427e-11
7.55005e-12
7.75903e-11
7.53801e-12
2.00606e-10
8.84883e-12
4.5923e-10
7.64557e-12
9.51572e-10
7.03878e-12
6.29039e-10
7.1435e-12
8.93683e-10
6.36964e-12
1.18129e-09
6.87331e-12
1.71849e-09
7.0983e-12
2.12134e-09
6.33352e-12
2.76596e-09
6.39509e-12
4.46057e-09
6.19607e-12
4.22761e-09
6.18334e-12
2.48818e-09
6.74411e-12
3.77719e-09
6.28505e-12
5.04795e-09
5.74551e-12
3.51334e-09
6.10389e-12
2.69238e-09
6.44406e-12
1.64779e-09
6.16419e-12
1.15073e-09
6.78734e-12
1.93015e-09
6.54273e-12
3.19377e-09
6.89492e-12
4.78302e-09
8.23281e-12
1.26774e-08
7.04937e-12
1.45334e-08
5.92575e-12
1.62946e-08
6.09539e-12
1.43289e-08
6.61544e-12
1.10527e-08
6.69101e-12
9.24591e-09
6.41003e-12
5.54813e-09
6.39873e-12
4.31313e-09
5.9634e-12
7.62089e-09
7.52874e-12
4.19469e-09
5.94665e-12
4.98011e-09
5.63297e-12
7.00494e-09
6.51228e-12
5.58011e-09
5.92613e-12
4.84023e-09
5.68584e-12
3.94905e-09
6.34289e-12
2.52338e-09
5.88247e-12
1.39046e-09
7.15536e-12
4.69602e-10
5.81744e-12
4.71352e-10
5.53879e-12
4.58174e-10
5.7084e-12
4.22141e-10
7.71535e-12
1.36399e-10
6.2173e-12
2.2696e-10
5.64007e-12
3.12875e-10
5.34674e-12
2.90527e-10
5.61476e-12
1.96665e-10
6.45727e-12
1.21423e-10
5.59948e-12
9.07638e-11
5.83032e-12
8.23557e-11
5.57427e-12
1.0581e-10
5.15983e-12
1.99943e-10
5.22985e-12
1.57801e-10
6.70333e-12
7.70107e-11
5.25941e-12
1.20259e-10
5.3175e-12
7.84036e-11
5.51174e-12
8.52173e-11
5.18914e-12
1.46872e-10
5.34456e-12
2.98374e-10
5.37902e-12
2.83346e-10
6.32305e-12
1.06015e-10
6.51803e-12
3.83236e-11
7.21794e-12
1.15927e-11
7.10906e-12
7.36333e-12
8.78674e-12
6.50207e-12
1.5038e-11
5.63015e-12
2.38365e-11
5.67388e-12
3.46582e-11
5.11214e-12
3.24283e-11
5.76593e-12
3.44412e-11
5.66135e-12
5.18644e-11
5.25517e-12
3.26173e-11
5.37099e-12
2.43015e-11
6.7094e-12
2.38167e-11
5.46905e-12
2.76565e-11
5.63857e-12
5.31559e-11
5.57673e-12
1.05068e-10
5.65448e-12
1.60294e-10
5.57384e-12
1.9916e-10
5.45225e-12
3.1272e-10
4.93444e-12
3.55503e-10
4.89703e-12
2.93745e-10
4.96649e-12
2.68074e-10
6.72389e-12
4.83661e-10
5.66904e-12
1.51733e-09
5.29928e-12
2.20999e-09
4.98969e-12
2.58301e-09
4.77646e-12
2.09144e-09
5.53732e-12
3.5238e-09
4.85019e-12
2.56769e-09
4.69756e-12
1.30563e-09
5.18361e-12
2.23623e-09
5.25266e-12
4.01608e-09
5.22461e-12
6.22709e-09
4.90684e-12
6.75193e-09
5.45646e-12
1.04454e-08
4.74903e-12
9.69923e-09
5.30542e-12
8.73942e-09
5.90581e-12
1.02172e-08
4.88204e-12
1.11536e-08
4.44192e-12
1.19583e-08
5.22347e-12
9.98084e-09
4.75101e-12
1.30109e-08
4.4432e-12
9.34256e-09
7.47511e-12
6.69912e-09
4.58348e-12
5.89277e-09
4.82868e-12
4.69059e-09
5.15956e-12
3.72622e-09
4.3846e-12
4.23702e-09
4.71995e-12
2.92585e-09
5.46595e-12
1.96476e-09
4.93319e-12
9.61915e-10
4.91041e-12
8.27894e-10
4.23099e-12
8.55266e-10
4.34449e-12
2.2873e-09
4.21318e-12
3.48653e-09
4.89313e-12
2.35746e-09
4.93789e-12
2.08363e-09
4.50438e-12
1.58809e-09
4.53833e-12
1.52137e-09
4.74073e-12
1.70263e-09
4.94811e-12
8.20205e-10
4.98433e-12
4.34106e-10
4.42645e-12
3.84388e-10
6.64075e-12
7.62805e-11
4.42453e-12
7.29981e-11
5.04857e-12
4.53096e-11
4.65202e-12
7.28471e-11
4.32952e-12
1.19026e-10
4.63076e-12
7.23744e-11
4.42501e-12
4.72968e-11
4.52126e-12
2.4578e-11
5.14366e-12
1.01227e-11
5.7529e-12
7.59699e-12
4.94023e-12
8.29337e-12
5.39206e-12
7.7481e-12
6.08009e-12
5.83469e-12
7.14727e-12
4.78508e-12
7.0637e-12
6.75595e-12
6.22504e-12
7.34683e-12
5.54543e-12
8.938e-12
5.00006e-12
1.05124e-11
4.6843e-12
1.01527e-11
5.20316e-12
8.25369e-12
5.02453e-12
7.33818e-12
9.758e-12
5.27344e-12
2.37968e-11
4.2675e-12
4.35034e-11
4.29885e-12
6.52087e-11
4.6841e-12
1.38208e-10
4.90994e-12
2.31685e-10
4.12596e-12
2.73388e-10
4.19142e-12
1.87952e-10
4.40841e-12
1.33844e-10
3.812e-12
1.09201e-10
3.72152e-12
9.84175e-11
3.81325e-12
8.78223e-11
4.10327e-12
9.00958e-11
4.28908e-12
1.31567e-10
3.67408e-12
1.26805e-10
3.74284e-12
9.57979e-11
4.07714e-12
8.23531e-11
4.0844e-12
6.98061e-11
4.39981e-12
8.44908e-11
4.67635e-12
1.59744e-10
4.85362e-12
3.07711e-10
5.19473e-12
4.29528e-10
4.18149e-12
7.44734e-10
4.56309e-12
1.12467e-09
3.88164e-12
1.44489e-09
3.78229e-12
1.11971e-09
3.72983e-12
1.23218e-09
4.1245e-12
1.65714e-09
4.42753e-12
3.87815e-09
3.44408e-12
4.40503e-09
3.77794e-12
4.913e-09
4.01758e-12
6.97904e-09
3.40287e-12
2.80507e-09
3.57519e-12
1.53814e-09
3.89131e-12
1.79311e-09
3.75567e-12
1.9027e-09
4.06875e-12
2.69263e-09
4.16858e-12
5.77717e-09
4.18625e-12
7.50366e-09
3.81892e-12
7.62328e-09
3.54127e-12
6.83959e-09
5.6584e-12
5.47363e-09
3.69896e-12
5.43824e-09
3.81655e-12
3.64191e-09
4.13404e-12
3.33325e-09
3.46407e-12
6.11392e-09
3.71224e-12
7.50562e-09
3.75407e-12
5.88728e-09
3.84546e-12
3.72915e-09
3.63803e-12
2.20259e-09
3.84513e-12
1.62284e-09
3.95143e-12
1.43371e-09
3.46071e-12
9.65661e-10
3.54988e-12
4.64504e-10
3.76456e-12
2.56946e-10
4.29462e-12
1.53535e-10
3.76943e-12
1.8363e-10
3.44106e-12
3.43304e-10
3.95489e-12
1.39321e-10
3.68087e-12
9.8864e-11
3.6921e-12
1.38306e-10
3.27369e-12
1.62359e-10
3.82657e-12
6.30637e-11
4.62021e-12
2.24259e-11
4.09705e-12
1.35192e-11
3.45388e-12
1.53012e-11
3.32062e-12
1.37726e-11
3.90816e-12
8.85476e-12
3.93573e-12
8.30246e-12
4.00435e-12
1.29055e-11
3.80014e-12
1.36838e-11
3.42526e-12
1.35785e-11
3.4573e-12
1.06283e-11
3.90792e-12
6.22141e-12
4.29937e-12
5.81738e-12
3.95515e-12
5.76418e-12
6.76889e-12
3.83749e-12
6.35523e-12
4.07676e-12
7.34876e-12
3.85205e-12
1.22465e-11
3.69463e-12
1.46261e-11
3.82404e-12
2.19844e-11
3.47756e-12
1.41877e-11
3.79106e-12
1.00004e-11
4.83637e-12
2.67333e-11
3.46293e-12
6.91336e-11
3.00469e-12
3.60085e-11
3.08278e-12
1.99764e-11
3.22423e-12
1.58501e-11
3.60135e-12
2.08788e-11
3.77439e-12
5.55377e-11
3.84867e-12
1.16021e-10
3.18791e-12
1.11413e-10
3.59531e-12
1.81569e-10
2.98777e-12
1.72723e-10
3.27848e-12
7.53337e-11
3.43017e-12
7.88805e-11
3.59103e-12
1.55705e-10
3.19873e-12
1.70038e-10
3.36925e-12
3.04957e-10
3.04828e-12
4.8575e-10
3.24579e-12
7.52169e-10
3.05759e-12
7.87547e-10
3.66482e-12
7.52238e-10
4.1385e-12
2.40777e-09
3.16321e-12
2.47337e-09
3.17916e-12
2.06476e-09
3.24776e-12
1.46063e-09
3.32191e-12
1.11087e-09
2.81994e-12
9.29409e-10
2.92639e-12
9.79162e-10
4.03541e-12
2.30899e-09
2.84783e-12
2.3331e-09
3.08912e-12
2.6318e-09
3.47466e-12
5.63401e-09
2.80665e-12
5.08552e-09
2.91552e-12
4.54551e-09
3.21877e-12
4.71169e-09
3.22494e-12
7.16494e-09
2.99475e-12
4.75759e-09
3.22614e-12
4.86711e-09
2.96948e-12
6.44189e-09
3.17334e-12
6.37341e-09
3.68415e-12
5.19663e-09
3.22777e-12
3.10046e-09
4.13029e-12
1.46037e-09
3.20847e-12
1.41094e-09
3.0722e-12
1.04331e-09
3.27547e-12
5.95462e-10
2.96497e-12
4.11397e-10
3.22458e-12
2.96214e-10
2.92169e-12
2.98633e-10
3.35321e-12
3.55205e-10
2.88508e-12
3.91697e-10
2.58161e-12
4.13739e-10
2.84267e-12
3.28789e-10
2.93065e-12
3.27631e-10
2.7596e-12
3.44895e-10
3.02237e-12
2.61409e-10
3.09055e-12
1.46504e-10
2.81466e-12
1.15523e-10
2.66172e-12
1.13597e-10
2.71788e-12
1.36805e-10
2.72226e-12
1.7854e-10
3.02109e-12
1.97837e-10
3.95603e-12
6.25085e-11
2.87017e-12
5.51041e-11
2.83737e-12
6.7144e-11
2.78695e-12
6.73955e-11
2.91569e-12
3.92247e-11
3.03194e-12
1.88498e-11
3.18193e-12
1.037e-11
2.83943e-12
9.17823e-12
2.6408e-12
8.77001e-12
2.8607e-12
8.126e-12
2.94745e-12
7.87066e-12
2.95914e-12
9.63219e-12
2.88598e-12
1.48165e-11
2.89219e-12
7.0772e-12
3.52903e-12
3.78457e-12
3.88417e-12
3.01527e-12
7.36469e-12
2.52309e-12
9.51513e-12
2.51971e-12
7.24063e-12
2.74605e-12
4.72399e-12
3.43477e-12
6.86065e-12
3.46144e-12
1.41429e-11
2.824e-12
2.44448e-11
2.55505e-12
2.03841e-11
2.88684e-12
1.88342e-11
2.64577e-12
1.29299e-11
2.58343e-12
1.29675e-11
2.52075e-12
1.85696e-11
2.3763e-12
1.78653e-11
2.73575e-12
2.40737e-11
2.76548e-12
5.96509e-11
2.4752e-12
8.40257e-11
2.84063e-12
1.78412e-10
2.35584e-12
1.96231e-10
2.28528e-12
1.68999e-10
2.58331e-12
9.29439e-11
2.5638e-12
9.98421e-11
2.43704e-12
9.36902e-11
2.63868e-12
1.27745e-10
2.65304e-12
2.37346e-10
2.51098e-12
2.80769e-10
2.96024e-12
4.17556e-10
3.07111e-12
9.93639e-10
2.74207e-12
1.51133e-09
2.72613e-12
3.21294e-09
2.4941e-12
3.89801e-09
2.38757e-12
4.31251e-09
2.2624e-12
4.14359e-09
2.36391e-12
2.5035e-09
2.95779e-12
3.23856e-09
2.42646e-12
4.03548e-09
2.66883e-12
5.42578e-09
2.45878e-12
5.83607e-09
2.29736e-12
5.96483e-09
2.5252e-12
5.09993e-09
2.33338e-12
5.49436e-09
2.14175e-12
5.08572e-09
2.73708e-12
3.09356e-09
2.2345e-12
3.79486e-09
2.09705e-12
4.0081e-09
2.20797e-12
5.43442e-09
2.11873e-12
5.71307e-09
2.68573e-12
3.49962e-09
2.95637e-12
1.90348e-09
2.44565e-12
2.3932e-09
2.20115e-12
1.57201e-09
2.6334e-12
8.00981e-10
2.12835e-12
9.23135e-10
2.07807e-12
9.661e-10
2.29471e-12
5.80807e-10
2.21626e-12
4.00995e-10
2.10178e-12
5.15896e-10
2.20309e-12
8.40778e-10
2.30228e-12
1.15147e-09
2.13707e-12
1.08962e-09
2.32882e-12
8.88088e-10
2.2701e-12
4.95121e-10
2.55025e-12
1.90189e-10
2.35748e-12
1.87777e-10
2.13904e-12
1.77039e-10
2.40965e-12
1.0116e-10
2.38048e-12
5.82907e-11
2.40887e-12
4.00511e-11
2.70433e-12
1.61087e-11
2.76559e-12
1.09235e-11
2.55727e-12
9.70946e-12
2.47025e-12
9.93286e-12
2.41224e-12
1.01542e-11
2.11139e-12
8.4936e-12
2.06524e-12
7.9291e-12
2.03595e-12
7.23178e-12
2.0937e-12
6.52642e-12
2.07642e-12
6.45886e-12
2.27168e-12
4.70992e-12
2.16409e-12
5.22939e-12
2.14322e-12
5.67802e-12
2.60853e-12
5.10433e-12
2.40809e-12
8.17066e-12
1.95037e-12
1.22203e-11
2.15305e-12
8.93867e-12
2.24274e-12
5.46656e-12
2.32891e-12
4.78964e-12
2.65724e-12
3.13102e-12
5.76045e-12
2.36729e-12
1.08106e-11
2.23067e-12
1.63284e-11
2.03624e-12
9.89096e-12
2.26935e-12
1.60872e-11
2.07067e-12
2.28091e-11
2.05525e-12
1.41137e-11
2.25072e-12
1.05534e-11
2.05861e-12
7.1761e-12
2.00846e-12
6.35506e-12
2.41209e-12
9.41118e-12
2.25749e-12
1.89403e-11
2.23147e-12
2.68963e-11
2.19083e-12
4.25315e-11
2.09059e-12
7.28769e-11
2.46605e-12
2.19006e-10
1.95662e-12
1.95211e-10
2.32797e-12
3.46143e-10
2.00216e-12
4.21676e-10
1.91635e-12
1.73096e-10
2.00571e-12
1.9064e-10
2.42946e-12
5.38557e-10
2.70724e-12
1.71007e-09
1.99654e-12
2.69276e-09
2.25807e-12
3.11092e-09
1.89467e-12
2.78333e-09
1.829e-12
2.52408e-09
1.91308e-12
2.5359e-09
1.89405e-12
2.23403e-09
2.01972e-12
2.9101e-09
2.25507e-12
4.29679e-09
1.94423e-12
3.30077e-09
1.96907e-12
2.97292e-09
2.07523e-12
3.64056e-09
2.05256e-12
4.71033e-09
1.92209e-12
4.86862e-09
1.78399e-12
5.20746e-09
1.84351e-12
4.78264e-09
2.00096e-12
4.38926e-09
1.99072e-12
4.07389e-09
1.77775e-12
3.476e-09
2.499e-12
1.06489e-09
2.35588e-12
7.45917e-10
1.90861e-12
1.41457e-09
1.65552e-12
1.63e-09
1.868e-12
1.6203e-09
2.01331e-12
1.69115e-09
1.79146e-12
1.75309e-09
2.36324e-12
8.35577e-10
1.89963e-12
5.59935e-10
2.10037e-12
4.10674e-10
1.73643e-12
3.75755e-10
2.19774e-12
1.34195e-10
1.92825e-12
1.42333e-10
1.8927e-12
9.5834e-11
1.8371e-12
1.71204e-10
1.81564e-12
2.22995e-10
1.81496e-12
2.03539e-10
1.72415e-12
2.60249e-10
1.73778e-12
1.85664e-10
1.96683e-12
9.53835e-11
1.89564e-12
4.71191e-11
2.68556e-12
1.03304e-11
1.87971e-12
1.00971e-11
1.77771e-12
1.41963e-11
1.79668e-12
1.19523e-11
2.14017e-12
1.17888e-11
1.79806e-12
1.66735e-11
1.96846e-12
2.26226e-11
1.76088e-12
2.51092e-11
1.77982e-12
1.7827e-11
1.80611e-12
1.75705e-11
1.69723e-12
1.79709e-11
2.04811e-12
9.40998e-12
1.88704e-12
6.81557e-12
1.78414e-12
5.31506e-12
2.16846e-12
2.92628e-12
2.50326e-12
2.15877e-12
2.98253e-12
2.88088e-12
1.91763e-12
6.23926e-12
1.66811e-12
8.09636e-12
2.31489e-12
3.1463e-12
2.84085e-12
2.31349e-12
5.42639e-12
2.08687e-12
1.27432e-11
1.76197e-12
2.0626e-11
1.78403e-12
1.85697e-11
1.9429e-12
2.47957e-11
1.81225e-12
2.58246e-11
1.74403e-12
2.38409e-11
2.14209e-12
5.22525e-11
1.63374e-12
5.87799e-11
1.69092e-12
4.08739e-11
1.93491e-12
3.14857e-11
1.76924e-12
5.15571e-11
1.72054e-12
5.82776e-11
1.57621e-12
5.88038e-11
1.64734e-12
5.4341e-11
1.80377e-12
5.58653e-11
1.73988e-12
8.54869e-11
1.62361e-12
9.00446e-11
1.93003e-12
1.71787e-10
1.62497e-12
3.09189e-10
1.83419e-12
2.91992e-10
2.19276e-12
5.2642e-10
1.79268e-12
7.78165e-10
1.72853e-12
8.17947e-10
1.67052e-12
1.18168e-09
1.7117e-12
1.52266e-09
1.55799e-12
9.18856e-10
1.70939e-12
9.39126e-10
1.59782e-12
1.25654e-09
1.51185e-12
9.76271e-10
1.79394e-12
1.28152e-09
1.68435e-12
2.1968e-09
1.55852e-12
2.20311e-09
1.58998e-12
8.79331e-10
1.8881e-12
1.57469e-09
1.8826e-12
2.95178e-09
1.62707e-12
3.83506e-09
1.67192e-12
3.67286e-09
1.68067e-12
4.16677e-09
1.61468e-12
3.8499e-09
1.72485e-12
2.72968e-09
2.05964e-12
1.38948e-09
1.99892e-12
5.32828e-10
1.86135e-12
2.85798e-10
1.71991e-12
3.99228e-10
1.56341e-12
6.11654e-10
1.90861e-12
3.77965e-10
1.58488e-12
3.55245e-10
1.50776e-12
3.94044e-10
1.57811e-12
5.76168e-10
1.48864e-12
7.85538e-10
1.60589e-12
5.63412e-10
1.71743e-12
3.45033e-10
1.58102e-12
2.12597e-10
1.79685e-12
8.39522e-11
1.54711e-12
6.50399e-11
1.49743e-12
1.53654e-10
1.50281e-12
2.19913e-10
1.44954e-12
2.43888e-10
1.67061e-12
1.65709e-10
1.45862e-12
1.31914e-10
1.80212e-12
5.2773e-11
1.93898e-12
1.89866e-11
1.88388e-12
1.00805e-11
1.46487e-12
1.13172e-11
1.46331e-12
1.15167e-11
1.75898e-12
6.14752e-12
1.63771e-12
1.24721e-11
1.44469e-12
2.0736e-11
1.64647e-12
1.92361e-11
1.85152e-12
9.83367e-12
1.60813e-12
1.2129e-11
1.55922e-12
1.04724e-11
1.6315e-12
7.86927e-12
1.61051e-12
5.90563e-12
1.70573e-12
3.86203e-12
1.71086e-12
3.20775e-12
1.76221e-12
3.1114e-12
1.7992e-12
2.22881e-12
2.98209e-12
1.6968e-12
3.98033e-12
1.93359e-12
3.18607e-12
1.83874e-12
2.30979e-12
2.14851e-12
2.17121e-12
1.81495e-12
4.34131e-12
1.9782e-12
9.27616e-12
1.54197e-12
2.84726e-11
1.44876e-12
2.78282e-11
1.53627e-12
3.63955e-11
1.42417e-12
5.07089e-11
1.38798e-12
5.53729e-11
1.63382e-12
6.09159e-11
1.4882e-12
4.60948e-11
1.54829e-12
4.01497e-11
1.35675e-12
1.99118e-11
1.60462e-12
2.93831e-11
1.52093e-12
6.77893e-11
1.51352e-12
6.93726e-11
1.52482e-12
1.07846e-10
1.42031e-12
1.32186e-10
1.3681e-12
1.34748e-10
1.29636e-12
9.21886e-11
1.37196e-12
6.75197e-11
1.53219e-12
7.95812e-11
1.46958e-12
9.47437e-11
1.77289e-12
7.70411e-11
1.45882e-12
1.13267e-10
1.32991e-12
1.15639e-10
1.6294e-12
2.06084e-10
1.98951e-12
8.274e-10
1.44295e-12
1.71263e-09
1.34245e-12
1.37289e-09
1.52875e-12
1.45002e-09
1.38512e-12
1.58508e-09
1.50577e-12
1.15399e-09
1.69233e-12
2.23716e-09
1.38415e-12
2.23309e-09
1.40879e-12
1.12457e-09
1.66676e-12
1.466e-09
1.37216e-12
2.19515e-09
1.30471e-12
2.29115e-09
1.49602e-12
3.02696e-09
1.46036e-12
3.23013e-09
1.40346e-12
3.59969e-09
1.41623e-12
3.24734e-09
1.42072e-12
3.13513e-09
1.35218e-12
2.89557e-09
1.3704e-12
3.5369e-09
1.44353e-12
3.20512e-09
1.65431e-12
2.25358e-09
1.8031e-12
1.76835e-09
1.3644e-12
1.58472e-09
1.37289e-12
1.63789e-09
1.30184e-12
1.72465e-09
1.42934e-12
1.75669e-09
1.42755e-12
1.72784e-09
1.48809e-12
1.05363e-09
1.41152e-12
8.04106e-10
1.62015e-12
4.36494e-10
1.43233e-12
1.94302e-10
1.61899e-12
2.23358e-10
1.32206e-12
3.46339e-10
1.51823e-12
2.59434e-10
1.48483e-12
1.37396e-10
1.38003e-12
9.5125e-11
1.28045e-12
7.65683e-11
1.39338e-12
5.49429e-11
1.51497e-12
3.02344e-11
1.33694e-12
3.23147e-11
1.32117e-12
3.00136e-11
1.40853e-12
1.81637e-11
1.42634e-12
1.82915e-11
1.81197e-12
1.01162e-11
1.56288e-12
6.69464e-12
1.60567e-12
4.62941e-12
1.56845e-12
4.00948e-12
1.4218e-12
4.25891e-12
1.36945e-12
3.86708e-12
1.57389e-12
2.631e-12
1.49374e-12
2.06193e-12
2.0107e-12
1.48107e-12
3.48149e-12
1.34468e-12
2.92819e-12
1.62384e-12
3.35621e-12
1.32271e-12
3.45253e-12
1.72773e-12
2.21799e-12
1.73379e-12
2.42964e-12
1.43428e-12
2.2464e-12
1.45975e-12
1.83136e-12
1.51709e-12
1.61689e-12
1.67537e-12
1.66711e-12
1.65144e-12
3.3169e-12
1.37361e-12
3.32421e-12
1.93523e-12
6.20461e-12
1.37572e-12
1.39455e-11
1.5102e-12
2.08629e-11
1.39809e-12
2.94893e-11
1.37512e-12
1.99917e-11
1.21412e-12
1.86814e-11
1.18108e-12
1.97707e-11
1.2648e-12
2.34253e-11
1.34454e-12
4.48364e-11
1.12749e-12
3.80657e-11
1.18596e-12
3.12325e-11
1.39736e-12
4.03913e-11
1.31459e-12
7.55885e-11
1.19124e-12
9.36324e-11
1.19781e-12
7.51093e-11
1.57457e-12
7.66166e-11
1.17129e-12
8.086e-11
1.33228e-12
8.52327e-11
1.2123e-12
1.04176e-10
1.26255e-12
9.71063e-11
1.33788e-12
1.29921e-10
1.41619e-12
1.65621e-10
1.5987e-12
4.1988e-10
1.39987e-12
9.62099e-10
1.23984e-12
1.54395e-09
1.15198e-12
1.6733e-09
1.14312e-12
1.38056e-09
1.16842e-12
1.17607e-09
1.11342e-12
4.4787e-10
1.11056e-12
2.98961e-10
1.16507e-12
2.42923e-10
1.29345e-12
3.95973e-10
1.18155e-12
6.40391e-10
1.11052e-12
6.02164e-10
1.31973e-12
7.94056e-10
1.32703e-12
1.94243e-09
1.27302e-12
2.47079e-09
1.30317e-12
2.72368e-09
1.21775e-12
3.06867e-09
1.10027e-12
2.31641e-09
1.23022e-12
1.87027e-09
1.23067e-12
1.52911e-09
1.73281e-12
2.41482e-09
1.12673e-12
2.45541e-09
1.24511e-12
1.28184e-09
1.22328e-12
9.07387e-10
1.12323e-12
7.55324e-10
1.15924e-12
6.4813e-10
1.08358e-12
9.65193e-10
1.05843e-12
8.60201e-10
1.20407e-12
4.54443e-10
1.26942e-12
5.94232e-10
1.19896e-12
6.03135e-10
1.28244e-12
5.09783e-10
1.06925e-12
4.91935e-10
1.20911e-12
2.76909e-10
1.17138e-12
1.74636e-10
1.10741e-12
1.26084e-10
1.09156e-12
1.98576e-10
1.05704e-12
2.3857e-10
1.18647e-12
1.30515e-10
1.17973e-12
1.03046e-10
1.33017e-12
3.59437e-11
1.38568e-12
1.85746e-11
1.23772e-12
3.08209e-11
1.03047e-12
3.25724e-11
1.0339e-12
2.30572e-11
1.12317e-12
1.44228e-11
1.10017e-12
9.42338e-12
1.25829e-12
4.89817e-12
1.16188e-12
3.26886e-12
1.1971e-12
2.39237e-12
1.33906e-12
1.80935e-12
1.84424e-12
1.22853e-12
2.29878e-12
1.52628e-12
1.37213e-12
2.13618e-12
1.4017e-12
1.79848e-12
1.27841e-12
2.4453e-12
1.07429e-12
3.01726e-12
1.19633e-12
2.69463e-12
1.21252e-12
2.11487e-12
1.40044e-12
1.52289e-12
1.26218e-12
1.87258e-12
1.29912e-12
1.65047e-12
3.35807e-12
1.12038e-12
6.64974e-12
1.05215e-12
1.10272e-11
9.4562e-13
7.43178e-12
1.00927e-12
3.78928e-12
1.24074e-12
3.11434e-12
1.19606e-12
4.90788e-12
1.06427e-12
6.615e-12
1.08041e-12
1.12498e-11
1.05059e-12
1.73044e-11
9.33349e-13
1.86985e-11
9.18068e-13
1.50056e-11
9.41619e-13
1.39295e-11
9.79242e-13
8.44404e-12
1.06424e-12
1.0311e-11
9.48788e-13
1.14042e-11
1.02318e-12
8.63759e-12
9.81396e-13
4.40977e-12
1.09318e-12
5.47386e-12
1.08394e-12
9.45795e-12
1.34414e-12
3.56581e-11
1.03233e-12
5.15796e-11
1.08e-12
1.12145e-10
1.10438e-12
3.82658e-10
1.01963e-12
5.82965e-10
1.06224e-12
8.74922e-10
9.20703e-13
7.72196e-10
1.07488e-12
1.16029e-09
9.09086e-13
5.45869e-10
8.66981e-13
4.61138e-10
9.59995e-13
5.60062e-10
9.94231e-13
5.92668e-10
1.00356e-12
6.93554e-10
9.96947e-13
6.87092e-10
9.27051e-13
7.6738e-10
9.39012e-13
8.81603e-10
1.11928e-12
1.71301e-09
8.80234e-13
2.19652e-09
8.85456e-13
2.05094e-09
9.09121e-13
1.7887e-09
1.05029e-12
1.44705e-09
1.17141e-12
1.67431e-09
1.08178e-12
1.9774e-09
1.00599e-12
1.25063e-09
9.68904e-13
6.24215e-10
1.07825e-12
2.71688e-10
8.71035e-13
1.98211e-10
9.84125e-13
1.3971e-10
8.6974e-13
1.55352e-10
8.55614e-13
1.60318e-10
9.79304e-13
1.75219e-10
8.0876e-13
2.81729e-10
8.30556e-13
4.6306e-10
9.28729e-13
6.60705e-10
8.67203e-13
5.72571e-10
8.89649e-13
4.39931e-10
8.31405e-13
4.16019e-10
1.00485e-12
1.98586e-10
8.57344e-13
1.44524e-10
9.84287e-13
9.80412e-11
9.68771e-13
4.53575e-11
8.82709e-13
2.51772e-11
8.44555e-13
9.01323e-12
1.23878e-12
6.3686e-12
8.46827e-13
9.13597e-12
9.06537e-13
5.32988e-12
9.36248e-13
3.09337e-12
7.90588e-13
3.19543e-12
8.46378e-13
4.08316e-12
8.42509e-13
5.19158e-12
8.11456e-13
5.37286e-12
8.74994e-13
3.98991e-12
8.19447e-13
3.70319e-12
8.68238e-13
3.54756e-12
8.32522e-13
2.86062e-12
8.69263e-13
3.69718e-12
7.27431e-13
1.13961e-11
8.69798e-13
6.17066e-12
8.78121e-13
3.96817e-12
9.47059e-13
2.37741e-12
9.36043e-13
1.69067e-12
8.95731e-13
1.71057e-12
9.28696e-13
1.23519e-12
2.95962e-12
8.40065e-13
6.11383e-12
7.49611e-13
6.25117e-12
8.27743e-13
4.74742e-12
9.06534e-13
7.59216e-12
7.34361e-13
3.30861e-12
7.7078e-13
1.83619e-12
9.63873e-13
1.07753e-12
1.06177e-12
1.27082e-12
9.52008e-13
1.29454e-12
1.04738e-12
1.46273e-12
8.77337e-13
2.93301e-12
8.93147e-13
4.80638e-12
8.00687e-13
8.96304e-12
7.96541e-13
1.29661e-11
7.96028e-13
2.77408e-11
7.6177e-13
3.26643e-11
7.50242e-13
1.50055e-11
7.55179e-13
1.67173e-11
7.48882e-13
1.76352e-11
9.31585e-13
3.84184e-11
9.49233e-13
1.19098e-10
7.63322e-13
2.07136e-10
7.82942e-13
2.33451e-10
8.02079e-13
2.56272e-10
6.87306e-13
2.21246e-10
6.84899e-13
1.83419e-10
7.32544e-13
2.02861e-10
7.55766e-13
2.35152e-10
7.96982e-13
1.90169e-10
7.14843e-13
1.35438e-10
6.53713e-13
9.31832e-11
7.72678e-13
1.08227e-10
8.14124e-13
2.31658e-10
7.37843e-13
3.21945e-10
7.84266e-13
5.51191e-10
6.81426e-13
7.88392e-10
6.7224e-13
8.10545e-10
6.62491e-13
6.23559e-10
6.92666e-13
5.32558e-10
8.14885e-13
8.10101e-10
9.5368e-13
9.79895e-10
7.44644e-13
1.43888e-09
7.80665e-13
1.65434e-09
6.8179e-13
1.77167e-09
6.56027e-13
1.73858e-09
6.30012e-13
1.83432e-09
6.78663e-13
1.40782e-09
8.7027e-13
6.96043e-10
6.69278e-13
7.68739e-10
6.78798e-13
5.82827e-10
7.12072e-13
4.92006e-10
6.80553e-13
6.28466e-10
7.11213e-13
9.22727e-10
7.04038e-13
7.24104e-10
7.44784e-13
3.797e-10
7.01702e-13
2.42217e-10
6.82333e-13
1.71796e-10
6.68353e-13
1.75472e-10
5.93271e-13
2.14918e-10
6.58705e-13
2.34221e-10
7.94295e-13
1.25479e-10
8.72248e-13
3.93544e-11
7.31156e-13
3.2845e-11
6.60231e-13
3.12388e-11
6.92741e-13
5.96621e-11
6.09089e-13
7.97214e-11
6.53747e-13
6.37001e-11
6.66992e-13
6.00873e-11
6.62426e-13
4.52337e-11
7.41558e-13
2.16534e-11
7.2611e-13
1.14937e-11
6.73422e-13
1.32615e-11
6.47889e-13
8.90059e-12
6.16937e-13
6.35528e-12
6.41339e-13
4.69682e-12
7.06067e-13
7.75241e-12
6.11025e-13
1.3736e-11
5.9719e-13
1.70262e-11
5.73322e-13
2.10044e-11
7.33629e-13
1.23888e-11
6.6224e-13
1.18741e-11
9.51187e-13
3.65549e-12
6.31827e-13
2.66798e-12
6.72855e-13
1.43199e-12
8.6968e-13
9.45829e-13
1.08807e-12
7.42195e-13
1.31312e-12
6.87077e-13
1.46457e-12
7.92431e-13
9.26047e-13
1.05747e-12
8.35987e-13
7.96767e-13
1.26315e-12
6.67892e-13
1.81852e-12
6.97477e-13
2.82748e-12
6.37212e-13
4.19598e-12
6.05999e-13
5.17029e-12
6.41499e-13
4.30798e-12
6.72936e-13
5.68358e-12
6.12965e-13
4.75468e-12
6.2573e-13
3.50482e-12
7.26113e-13
5.9748e-12
5.87683e-13
3.08068e-12
6.6743e-13
2.21499e-12
8.85418e-13
7.00272e-12
6.26326e-13
9.21946e-12
7.38863e-13
1.91356e-11
6.04972e-13
2.74036e-11
6.6888e-13
4.69406e-11
6.40064e-13
7.66797e-11
6.99586e-13
1.03129e-10
6.56019e-13
2.41281e-10
5.84303e-13
2.00885e-10
6.8128e-13
2.43631e-10
6.39117e-13
1.47883e-10
6.48505e-13
2.13081e-10
6.2303e-13
3.69994e-10
5.97222e-13
4.68315e-10
5.90164e-13
3.02973e-10
5.74489e-13
2.24148e-10
5.57471e-13
1.53829e-10
5.61389e-13
1.80613e-10
6.32686e-13
2.73817e-10
6.45229e-13
3.30629e-10
8.17349e-13
8.18269e-10
7.08288e-13
1.11099e-09
7.45923e-13
1.28783e-09
6.23851e-13
1.50006e-09
6.36927e-13
1.18827e-09
6.06246e-13
1.27978e-09
5.61424e-13
1.40959e-09
5.65804e-13
1.54767e-09
6.01035e-13
1.42089e-09
5.91841e-13
1.43059e-09
6.06514e-13
1.34162e-09
5.80222e-13
1.44609e-09
6.41682e-13
1.03626e-09
6.36066e-13
1.43357e-09
5.97119e-13
1.5017e-09
5.9087e-13
1.41557e-09
5.86204e-13
1.23405e-09
6.63468e-13
1.46358e-09
5.76204e-13
1.52886e-09
6.66468e-13
1.03364e-09
7.0891e-13
6.1385e-10
7.66512e-13
1.73308e-10
6.9604e-13
8.7052e-11
5.71309e-13
8.90744e-11
5.87889e-13
8.54987e-11
5.4781e-13
1.26174e-10
5.62131e-13
2.68697e-10
6.28535e-13
1.83125e-10
6.52526e-13
8.66127e-11
5.99281e-13
6.95022e-11
5.76131e-13
3.85598e-11
6.76728e-13
2.94507e-11
5.88014e-13
3.22111e-11
6.39607e-13
2.13691e-11
5.56087e-13
2.26736e-11
5.66354e-13
1.91504e-11
5.37032e-13
2.02394e-11
6.44922e-13
1.81593e-11
6.6378e-13
2.073e-11
5.75377e-13
1.969e-11
6.7507e-13
1.12202e-11
6.52686e-13
3.52888e-12
7.24349e-13
2.104e-12
6.94553e-13
1.35466e-12
5.6597e-13
1.40945e-12
6.2981e-13
9.61867e-13
7.4802e-13
7.76251e-13
1.04472e-12
6.12937e-13
1.35382e-12
6.98025e-13
1.06007e-12
8.08615e-13
8.30647e-13
8.87173e-13
8.29035e-13
8.41416e-13
6.52411e-13
1.28762e-12
6.95232e-13
9.2891e-13
7.82631e-13
7.31109e-13
9.08815e-13
6.32551e-13
1.06531e-12
6.36785e-13
9.31745e-13
7.3495e-13
1.40311e-12
6.25086e-13
2.41545e-12
6.3394e-13
4.07538e-12
5.64089e-13
4.98446e-12
8.62613e-13
1.13151e-11
5.28528e-13
8.49822e-12
5.68374e-13
9.32584e-12
5.76873e-13
1.50618e-11
5.45874e-13
1.77636e-11
5.56644e-13
2.66386e-11
5.15103e-13
2.55444e-11
5.17038e-13
1.4254e-11
5.05376e-13
1.04849e-11
5.93148e-13
8.03643e-12
5.74479e-13
1.48173e-11
5.44494e-13
1.3284e-11
6.24362e-13
1.48262e-11
6.05428e-13
1.76222e-11
5.50814e-13
1.13371e-11
5.81445e-13
2.11341e-11
5.40371e-13
2.82436e-11
5.96449e-13
3.97832e-11
6.11466e-13
7.46832e-11
5.60519e-13
1.36982e-10
7.86128e-13
5.69535e-10
5.96822e-13
1.04354e-09
5.3305e-13
1.34251e-09
5.24292e-13
1.06963e-09
5.56613e-13
7.53173e-10
4.89847e-13
4.74663e-10
5.88594e-13
4.52598e-10
5.70317e-13
7.09137e-10
5.17933e-13
4.69272e-10
5.08029e-13
4.42493e-10
5.92948e-13
6.30485e-10
5.03851e-13
7.57898e-10
5.53504e-13
9.43386e-10
6.11761e-13
1.30871e-09
5.43083e-13
1.10231e-09
5.48874e-13
1.13693e-09
4.91573e-13
1.41739e-09
5.08183e-13
1.02954e-09
5.92511e-13
1.16012e-09
5.64523e-13
8.5529e-10
7.49666e-13
3.22347e-10
5.60871e-13
2.77462e-10
5.54347e-13
1.63931e-10
5.3094e-13
1.13374e-10
5.06447e-13
1.00561e-10
5.1231e-13
1.56399e-10
4.92548e-13
1.85431e-10
5.32325e-13
1.18736e-10
5.49061e-13
1.44869e-10
5.37314e-13
1.86751e-10
6.11402e-13
1.07818e-10
5.59066e-13
7.20109e-11
5.47978e-13
4.96577e-11
5.6057e-13
2.97577e-11
4.86812e-13
2.0248e-11
5.15714e-13
1.20059e-11
5.25041e-13
8.19531e-12
5.78985e-13
5.32744e-12
5.20507e-13
4.85051e-12
5.07219e-13
7.19355e-12
5.97826e-13
5.2561e-12
6.87308e-13
2.46625e-12
5.90893e-13
1.33059e-12
5.83017e-13
1.29488e-12
5.35434e-13
1.59448e-12
5.8442e-13
1.61166e-12
5.05495e-13
1.52287e-12
5.34035e-13
1.11777e-12
5.79525e-13
1.15821e-12
5.29871e-13
1.08875e-12
7.67914e-13
6.50262e-13
7.09885e-13
7.59668e-13
9.69008e-13
6.4767e-13
7.84704e-13
9.10369e-13
8.31356e-13
5.86706e-13
8.23875e-13
6.29304e-13
6.29897e-13
7.43175e-13
6.84327e-13
6.31917e-13
7.26818e-13
6.53854e-13
6.94926e-13
6.78748e-13
1.07618e-12
6.71558e-13
3.8812e-12
5.21507e-13
6.89502e-12
4.6899e-13
5.62689e-12
4.49934e-13
2.64618e-12
5.43953e-13
2.33564e-12
5.70973e-13
2.78591e-12
4.55736e-13
1.95212e-12
4.62059e-13
2.42001e-12
5.05863e-13
3.71872e-12
4.93156e-13
3.79759e-12
4.31229e-13
3.14237e-12
4.57326e-13
3.26963e-12
5.12902e-13
4.74133e-12
4.82133e-13
6.88767e-12
5.51457e-13
1.2338e-11
4.45988e-13
5.61588e-12
5.20873e-13
4.48327e-12
4.90355e-13
5.2888e-12
5.68549e-13
8.99667e-12
5.71768e-13
3.82341e-11
4.71071e-13
3.5571e-11
4.6307e-13
2.40739e-11
5.08935e-13
3.12772e-11
4.69276e-13
2.82909e-11
5.88497e-13
5.95327e-11
4.47485e-13
6.88047e-11
5.17139e-13
1.01873e-10
4.67211e-13
1.31662e-10
5.13581e-13
9.22906e-11
4.75597e-13
8.05495e-11
4.57125e-13
7.06162e-11
4.97601e-13
1.28125e-10
4.68779e-13
2.26178e-10
4.5023e-13
3.67898e-10
4.89705e-13
6.42546e-10
5.19362e-13
1.07645e-09
4.35265e-13
1.11908e-09
4.96041e-13
9.85131e-10
4.82867e-13
1.09151e-09
5.88384e-13
8.0851e-10
5.04553e-13
8.0005e-10
6.07107e-13
5.03089e-10
4.38198e-13
3.7338e-10
5.37453e-13
2.19328e-10
4.34336e-13
1.93991e-10
4.10245e-13
2.06667e-10
4.63446e-13
1.50883e-10
4.82593e-13
8.5878e-11
4.6083e-13
7.21835e-11
4.19038e-13
8.58075e-11
4.3624e-13
7.73196e-11
4.86995e-13
1.10408e-10
4.3756e-13
1.44008e-10
4.66611e-13
1.34128e-10
3.97832e-13
1.74484e-10
4.43807e-13
1.13791e-10
4.32518e-13
1.16496e-10
4.10889e-13
1.25348e-10
4.52736e-13
1.13504e-10
4.70163e-13
5.46957e-11
5.98797e-13
3.32084e-11
4.12343e-13
3.35929e-11
4.3772e-13
1.8092e-11
4.6001e-13
1.31072e-11
4.81239e-13
1.54201e-11
4.67788e-13
1.2355e-11
4.3491e-13
1.03971e-11
4.09307e-13
1.06627e-11
4.23585e-13
9.96825e-12
4.07812e-13
9.62374e-12
4.15082e-13
4.25925e-12
4.5985e-13
2.28459e-12
3.89964e-13
2.4935e-12
4.58998e-13
1.22436e-12
5.27612e-13
1.24577e-12
4.47013e-13
1.73519e-12
4.67791e-13
1.4621e-12
4.06652e-13
2.79368e-12
3.86484e-13
3.11585e-12
4.47728e-13
1.35398e-12
6.53515e-13
6.27475e-13
5.16717e-13
5.8852e-13
4.94989e-13
5.97325e-13
7.15682e-13
5.15642e-13
8.67782e-13
4.57418e-13
9.90797e-13
4.36877e-13
1.42265e-12
4.19795e-13
1.86589e-12
4.29923e-13
7.09301e-13
5.39563e-13
8.70171e-13
4.11774e-13
9.37359e-13
4.36935e-13
9.90122e-13
4.71037e-13
1.57023e-12
3.89039e-13
1.45719e-12
4.52044e-13
2.21583e-12
3.98867e-13
3.24891e-12
3.69732e-13
1.68932e-12
3.99191e-13
1.28363e-12
4.96725e-13
2.85272e-12
4.39235e-13
5.73492e-12
5.24272e-13
1.01389e-11
4.11348e-13
1.01389e-11
4.55685e-13
2.43073e-11
3.81437e-13
2.66412e-11
3.82284e-13
3.42294e-11
3.67252e-13
3.5484e-11
3.69554e-13
3.64083e-11
4.23823e-13
6.17488e-11
4.26269e-13
8.67061e-11
4.29267e-13
1.64074e-10
4.26563e-13
3.19605e-10
4.26349e-13
2.21986e-10
3.76364e-13
2.45189e-10
3.54604e-13
1.6064e-10
3.69334e-13
1.26634e-10
4.0276e-13
1.13926e-10
4.13699e-13
1.64711e-10
3.55356e-13
1.31385e-10
3.57711e-13
1.04549e-10
4.38441e-13
2.14912e-10
4.83485e-13
5.65761e-10
4.38079e-13
8.62033e-10
3.83219e-13
9.60877e-10
3.40658e-13
9.86037e-10
3.74003e-13
7.18623e-10
3.77247e-13
8.59102e-10
3.52603e-13
9.03262e-10
3.48858e-13
9.41092e-10
3.52477e-13
8.98447e-10
3.94414e-13
8.1552e-10
3.55457e-13
9.50471e-10
3.25204e-13
9.64454e-10
3.54617e-13
7.71911e-10
3.99364e-13
8.14772e-10
3.92072e-13
6.31004e-10
3.4498e-13
8.24742e-10
3.41373e-13
7.61961e-10
4.42666e-13
7.03092e-10
3.45455e-13
7.23897e-10
3.91753e-13
2.94991e-10
4.55119e-13
1.29805e-10
3.80617e-13
6.30191e-11
3.30994e-13
5.25034e-11
3.86217e-13
2.28949e-11
3.92049e-13
1.35458e-11
3.71828e-13
1.10181e-11
3.33372e-13
1.61176e-11
3.59302e-13
2.12888e-11
3.56416e-13
3.03291e-11
3.17659e-13
3.13524e-11
3.20107e-13
2.48431e-11
3.30422e-13
2.72497e-11
3.41214e-13
3.45714e-11
3.54784e-13
1.97767e-11
3.46057e-13
1.29479e-11
3.28755e-13
1.21723e-11
3.26981e-13
1.12586e-11
3.49361e-13
7.86923e-12
3.24163e-13
7.46883e-12
5.15838e-13
4.39573e-12
3.3075e-13
3.44036e-12
3.85134e-13
2.28054e-12
3.35209e-13
1.96493e-12
3.38401e-13
1.65232e-12
3.16372e-13
1.46691e-12
3.5152e-13
1.20128e-12
3.48724e-13
1.02375e-12
3.5695e-13
8.3393e-13
3.95391e-13
5.27765e-13
4.16135e-13
7.72086e-13
3.21929e-13
1.01623e-12
3.55163e-13
1.31985e-12
3.70853e-13
1.24999e-12
3.6668e-13
7.26317e-13
4.26872e-13
4.71598e-13
3.97354e-13
4.82834e-13
5.02403e-13
4.1076e-13
8.71855e-13
3.5581e-13
1.02879e-12
3.69539e-13
1.49185e-12
3.79651e-13
3.04917e-12
4.29409e-13
1.17496e-11
3.22406e-13
1.45574e-11
3.257e-13
1.4774e-11
3.18783e-13
7.14884e-12
3.33114e-13
8.5502e-12
2.96678e-13
8.74277e-12
3.40619e-13
1.28883e-11
3.47128e-13
2.54232e-11
2.89837e-13
2.1729e-11
3.55107e-13
1.85542e-11
3.18375e-13
2.83515e-11
3.20739e-13
5.1075e-11
3.12941e-13
5.5141e-11
3.10575e-13
6.09423e-11
3.25502e-13
7.22223e-11
3.28776e-13
4.93026e-11
2.94627e-13
6.20319e-11
2.84256e-13
6.25914e-11
3.25519e-13
8.08936e-11
3.6555e-13
1.86733e-10
3.81492e-13
6.31933e-10
2.87934e-13
5.45198e-10
3.10997e-13
6.75004e-10
2.96606e-13
7.57769e-10
3.05655e-13
7.10081e-10
3.06821e-13
7.25966e-10
2.80395e-13
5.34649e-10
3.20299e-13
4.08455e-10
2.86462e-13
4.2141e-10
2.81912e-13
4.25189e-10
3.23322e-13
4.2024e-10
3.4167e-13
6.96273e-10
2.773e-13
7.76375e-10
2.78814e-13
6.00068e-10
3.53074e-13
3.34263e-10
2.97276e-13
2.50395e-10
2.87861e-13
2.40103e-10
2.73437e-13
2.92731e-10
2.79319e-13
5.05323e-10
3.34542e-13
2.10327e-10
3.61457e-13
1.03182e-10
2.74109e-13
1.07897e-10
2.74475e-13
9.1958e-11
3.00336e-13
4.81636e-11
2.65862e-13
6.32274e-11
2.60634e-13
1.16704e-10
2.58064e-13
1.06148e-10
2.66697e-13
5.59698e-11
3.20984e-13
3.28302e-11
2.76779e-13
4.99901e-11
2.74575e-13
8.6424e-11
2.79958e-13
5.29758e-11
3.09636e-13
2.76515e-11
2.828e-13
2.65772e-11
2.89242e-13
1.5041e-11
2.84236e-13
9.55406e-12
2.67552e-13
1.21636e-11
2.6953e-13
8.26684e-12
3.04339e-13
3.85731e-12
3.88416e-13
1.33184e-12
2.71455e-13
1.71578e-12
2.48059e-13
4.45388e-12
2.63313e-13
5.16125e-12
3.08603e-13
3.71583e-12
2.73233e-13
3.02721e-12
3.10085e-13
2.64223e-12
3.08733e-13
1.09882e-12
2.75196e-13
9.13593e-13
2.39844e-13
1.37551e-12
2.73557e-13
7.93809e-13
3.24192e-13
5.80424e-13
2.76354e-13
5.30639e-13
4.38809e-13
3.03393e-13
4.33464e-13
4.60288e-13
2.85739e-13
7.7215e-13
2.48705e-13
8.66361e-13
3.08319e-13
4.18188e-13
3.39231e-13
3.40549e-13
3.99052e-13
3.72415e-13
1.11296e-12
2.90498e-13
3.18388e-12
2.87365e-13
3.13235e-12
2.39148e-13
3.52575e-12
2.634e-13
5.02209e-12
2.75834e-13
9.32401e-12
2.30613e-13
3.48733e-12
2.53614e-13
2.39714e-12
2.39988e-13
1.81886e-12
2.69226e-13
2.49413e-12
2.36262e-13
2.21465e-12
2.33833e-13
1.76484e-12
2.42901e-13
1.58538e-12
2.65563e-13
2.0143e-12
2.50151e-13
2.78134e-12
2.47887e-13
2.79085e-12
2.29782e-13
3.08291e-12
2.78787e-13
3.85824e-12
2.6963e-13
3.80279e-12
3.06856e-13
5.36185e-12
3.12136e-13
1.30695e-11
2.59593e-13
2.93512e-11
2.33987e-13
2.17739e-11
2.82639e-13
2.67136e-11
2.45756e-13
3.44039e-11
2.51533e-13
5.37648e-11
2.53448e-13
1.00466e-10
2.36395e-13
1.31602e-10
2.417e-13
1.79207e-10
2.43534e-13
2.25717e-10
2.97318e-13
2.50531e-10
2.14622e-13
1.87462e-10
2.21344e-13
1.76377e-10
2.55302e-13
2.23734e-10
2.22614e-13
2.39925e-10
2.22491e-13
2.64093e-10
2.5587e-13
4.09507e-10
2.21732e-13
4.60117e-10
2.43938e-13
3.74758e-10
2.57426e-13
4.51805e-10
2.64405e-13
4.2549e-10
3.16024e-13
2.72917e-10
2.18177e-13
5.25596e-10
2.19915e-13
5.94779e-10
2.19326e-13
5.67027e-10
2.40378e-13
5.32179e-10
2.27744e-13
4.96672e-10
2.29096e-13
4.68127e-10
2.31151e-13
4.00503e-10
2.29595e-13
3.14611e-10
2.20931e-13
2.83505e-10
2.15301e-13
2.57935e-10
2.36587e-13
1.76304e-10
2.36923e-13
1.53255e-10
2.68728e-13
1.60754e-10
2.25831e-13
1.58756e-10
2.4878e-13
1.03233e-10
2.31737e-13
8.25162e-11
2.09574e-13
9.76395e-11
2.13067e-13
1.37908e-10
2.48048e-13
5.77939e-11
2.97594e-13
1.54209e-11
2.22308e-13
8.54347e-12
2.36184e-13
3.98568e-12
2.30807e-13
3.15434e-12
2.03087e-13
5.22129e-12
2.42314e-13
4.81817e-12
2.3816e-13
3.65443e-12
2.24349e-13
2.70106e-12
2.26317e-13
2.00183e-12
2.0649e-13
1.75866e-12
2.02112e-13
1.30962e-12
2.56346e-13
8.64081e-13
2.02463e-13
8.41853e-13
2.07309e-13
8.97335e-13
2.56565e-13
6.04826e-13
2.23395e-13
6.23707e-13
2.38048e-13
6.83066e-13
2.20713e-13
7.76438e-13
2.45523e-13
1.01159e-12
1.93581e-13
1.05436e-12
2.25514e-13
5.42159e-13
3.12212e-13
2.69981e-13
5.65451e-13
2.09592e-13
7.84767e-13
2.05541e-13
1.03427e-12
2.25971e-13
1.79731e-12
1.89415e-13
1.40538e-12
1.8667e-13
1.20503e-12
2.01975e-13
1.14906e-12
2.1997e-13
6.36032e-13
2.55255e-13
1.00507e-12
2.10501e-13
1.27698e-12
2.01253e-13
1.73632e-12
2.05186e-13
2.6062e-12
1.96017e-13
1.67991e-12
2.04549e-13
1.80175e-12
1.98809e-13
2.26108e-12
1.93232e-13
2.61279e-12
1.77808e-13
2.61861e-12
1.81385e-13
2.41479e-12
2.78469e-13
5.33717e-12
2.05128e-13
5.2191e-12
2.5623e-13
1.43935e-11
1.80653e-13
1.59653e-11
1.79549e-13
1.10463e-11
2.30018e-13
2.23685e-11
1.88189e-13
2.49961e-11
1.83311e-13
2.17765e-11
1.88414e-13
2.4203e-11
1.9029e-13
3.14384e-11
1.92478e-13
3.3253e-11
1.91636e-13
3.39701e-11
1.84057e-13
1.91501e-11
2.05749e-13
1.99842e-11
1.70903e-13
8.57784e-12
1.77632e-13
7.36381e-12
2.03803e-13
1.09923e-11
2.058e-13
2.50196e-11
1.96816e-13
4.70955e-11
1.91058e-13
5.5321e-11
2.31287e-13
9.7008e-11
2.05301e-13
3.15627e-10
1.91885e-13
3.23974e-10
2.0488e-13
4.33729e-10
2.1483e-13
4.04688e-10
1.93409e-13
4.38116e-10
1.99814e-13
4.33372e-10
1.88307e-13
4.15013e-10
1.98243e-13
3.0495e-10
1.79461e-13
3.39384e-10
1.71668e-13
4.01514e-10
1.63851e-13
5.02671e-10
1.71858e-13
4.29623e-10
1.98741e-13
3.90892e-10
1.89761e-13
3.33496e-10
1.7255e-13
2.82127e-10
1.74729e-13
3.22577e-10
1.8307e-13
3.91486e-10
1.9404e-13
3.03895e-10
1.85628e-13
2.45594e-10
2.04714e-13
1.54071e-10
1.8488e-13
8.25856e-11
2.40092e-13
2.20036e-11
1.91686e-13
1.19469e-11
1.83698e-13
7.57257e-12
1.83813e-13
6.5984e-12
1.63245e-13
5.43528e-12
1.77092e-13
4.92031e-12
1.79897e-13
7.23038e-12
1.8639e-13
7.25405e-12
1.65453e-13
1.08474e-11
1.5477e-13
1.9117e-11
1.77343e-13
1.02174e-11
1.72129e-13
5.74668e-12
1.66656e-13
3.61307e-12
1.64609e-13
2.65824e-12
1.56933e-13
2.67958e-12
1.73943e-13
1.53988e-12
1.91238e-13
1.20575e-12
1.93615e-13
8.53739e-13
1.70499e-13
1.86359e-12
1.49777e-13
1.91722e-12
2.13645e-13
3.48834e-13
2.11827e-13
2.67421e-13
1.98238e-13
3.03246e-13
2.07742e-13
2.27755e-13
2.20766e-13
3.11947e-13
1.85291e-13
2.98541e-13
1.98463e-13
2.76718e-13
2.25126e-13
2.20557e-13
2.92591e-13
1.90688e-13
2.55151e-13
2.15166e-13
2.09436e-13
3.82667e-13
1.94448e-13
3.13921e-13
1.90352e-13
2.65438e-13
2.3137e-13
1.9381e-13
2.7509e-13
1.83885e-13
2.88941e-13
2.07691e-13
6.13707e-13
1.53541e-13
7.50304e-13
1.6881e-13
8.75703e-13
1.62904e-13
1.47967e-12
1.56736e-13
2.22845e-12
2.28123e-13
5.70192e-12
1.56751e-13
5.16448e-12
1.58795e-13
4.42294e-12
1.44546e-13
3.69369e-12
1.61935e-13
3.44001e-12
1.47776e-13
2.66025e-12
1.45727e-13
2.96273e-12
1.53144e-13
3.17984e-12
1.59793e-13
5.60813e-12
1.52616e-13
9.06017e-12
1.8183e-13
2.04876e-11
1.61014e-13
4.00746e-11
1.46828e-13
2.70471e-11
1.65595e-13
1.99117e-11
1.60376e-13
2.2059e-11
1.46526e-13
3.63979e-11
1.39886e-13
3.08679e-11
1.47941e-13
2.74459e-11
1.4268e-13
3.89672e-11
1.57594e-13
4.61506e-11
1.98726e-13
9.83067e-11
1.60945e-13
2.39654e-10
1.40399e-13
1.61082e-10
1.58502e-13
1.90722e-10
1.54494e-13
2.96373e-10
1.44374e-13
1.87191e-10
1.54223e-13
1.63332e-10
1.36679e-13
1.70298e-10
1.43469e-13
2.39193e-10
1.46807e-13
3.10006e-10
1.61078e-13
3.19923e-10
1.42874e-13
2.30544e-10
1.67397e-13
1.17268e-10
1.52718e-13
8.20658e-11
1.34135e-13
9.10407e-11
1.41055e-13
1.19777e-10
1.56971e-13
1.31586e-10
1.42761e-13
1.4946e-10
1.35699e-13
1.06397e-10
1.61267e-13
7.31884e-11
1.4086e-13
7.9501e-11
1.66664e-13
3.19557e-11
1.8329e-13
8.51429e-12
1.47319e-13
5.46732e-12
1.28286e-13
4.80775e-12
1.36936e-13
4.38681e-12
1.44614e-13
3.6566e-12
1.28685e-13
4.91092e-12
1.76427e-13
3.502e-12
1.29404e-13
5.42245e-12
1.2818e-13
5.23984e-12
1.48361e-13
3.4377e-12
1.30577e-13
3.7433e-12
1.18803e-13
5.78154e-12
1.20432e-13
5.94791e-12
1.41445e-13
4.08603e-12
1.32901e-13
3.90397e-12
1.33684e-13
3.09996e-12
1.3524e-13
3.03324e-12
1.28387e-13
4.20185e-12
1.54407e-13
3.52253e-12
1.47868e-13
2.50479e-12
1.81781e-13
1.48175e-12
1.32165e-13
1.26233e-12
1.25788e-13
1.08742e-12
1.33272e-13
9.40754e-13
1.28215e-13
7.07307e-13
1.35777e-13
5.63027e-13
1.31168e-13
4.77678e-13
1.70464e-13
2.11428e-13
1.70387e-13
2.07654e-13
2.11408e-13
1.73787e-13
1.93186e-13
2.89691e-13
1.32459e-13
4.19454e-13
1.25148e-13
4.44132e-13
1.25221e-13
4.1131e-13
1.31447e-13
3.7999e-13
1.47304e-13
2.9522e-13
1.53164e-13
3.56272e-13
1.6687e-13
1.89598e-13
1.93409e-13
1.76534e-13
4.88171e-13
1.52055e-13
9.38167e-13
1.58892e-13
2.54643e-12
1.18323e-13
1.74521e-12
1.30527e-13
7.88943e-13
1.40815e-13
1.0864e-12
1.29962e-13
1.71851e-12
1.47168e-13
3.50865e-12
1.29229e-13
4.1414e-12
1.20987e-13
3.70767e-12
1.28867e-13
4.64908e-12
1.26546e-13
7.26612e-12
1.39534e-13
1.56449e-11
1.13888e-13
1.05473e-11
1.16149e-13
6.36786e-12
1.39443e-13
3.78835e-12
1.31273e-13
5.4311e-12
1.22127e-13
3.67411e-12
1.31197e-13
3.57485e-12
1.23004e-13
4.98338e-12
1.33721e-13
7.36103e-12
1.6555e-13
2.35766e-11
1.471e-13
1.00331e-10
1.28076e-13
1.6114e-10
1.20057e-13
1.58793e-10
1.40443e-13
2.14037e-10
1.207e-13
1.75406e-10
1.38271e-13
1.32375e-10
1.31343e-13
2.66357e-10
1.10875e-13
2.12912e-10
1.2957e-13
2.28636e-10
1.33368e-13
3.05387e-10
1.18085e-13
3.19152e-10
1.16114e-13
3.06484e-10
1.15863e-13
2.37974e-10
1.30304e-13
2.38273e-10
1.48759e-13
2.77031e-10
1.2102e-13
3.08172e-10
1.1724e-13
3.05746e-10
1.18517e-13
2.70218e-10
1.26015e-13
2.60138e-10
1.22203e-13
2.72103e-10
1.73211e-13
1.4753e-10
1.23478e-13
1.30975e-10
1.16835e-13
1.36645e-10
1.29381e-13
7.46125e-11
1.3014e-13
3.87057e-11
1.26112e-13
4.07437e-11
1.14893e-13
4.05205e-11
1.21429e-13
3.46992e-11
1.17878e-13
5.4842e-11
1.29873e-13
6.73143e-11
1.09676e-13
8.10917e-11
1.14963e-13
6.7768e-11
1.47345e-13
4.7617e-11
1.13636e-13
7.35072e-11
1.13847e-13
6.18339e-11
1.17905e-13
4.56789e-11
1.15481e-13
3.05971e-11
1.18076e-13
2.1213e-11
1.28498e-13
1.29823e-11
1.39829e-13
6.90297e-12
1.46689e-13
5.93059e-12
1.54969e-13
2.51812e-12
1.16896e-13
2.30179e-12
1.12928e-13
2.7632e-12
1.32623e-13
1.56422e-12
1.14515e-13
1.59014e-12
1.1252e-13
1.87024e-12
1.42389e-13
7.15188e-13
1.17546e-13
4.99657e-13
1.52159e-13
3.14234e-13
1.30843e-13
3.3783e-13
1.32978e-13
2.91632e-13
1.27166e-13
5.09106e-13
1.14722e-13
8.21785e-13
1.08501e-13
6.52013e-13
1.24624e-13
3.8599e-13
1.27775e-13
3.437e-13
1.17919e-13
3.96312e-13
1.17812e-13
3.24732e-13
1.27842e-13
2.98054e-13
1.44648e-13
1.72637e-13
3.26932e-13
1.24487e-13
5.5605e-13
1.23687e-13
5.73151e-13
1.2542e-13
4.20657e-13
1.30698e-13
3.91934e-13
1.10348e-13
4.86819e-13
1.22367e-13
5.43506e-13
1.19502e-13
6.66232e-13
1.15938e-13
7.00731e-13
1.28978e-13
6.65452e-13
1.13748e-13
7.65807e-13
1.13888e-13
7.83777e-13
1.20926e-13
1.54295e-12
1.10758e-13
2.19523e-12
1.17931e-13
2.18481e-12
1.18675e-13
1.40431e-12
1.28625e-13
1.56126e-12
1.22867e-13
2.30906e-12
1.24866e-13
4.29615e-12
1.13389e-13
5.56534e-12
1.29307e-13
8.27704e-12
1.44237e-13
1.77449e-11
1.33936e-13
5.32336e-11
1.13879e-13
8.91514e-11
1.14951e-13
1.31775e-10
1.32496e-13
1.92277e-10
1.23392e-13
2.08544e-10
1.23319e-13
1.83589e-10
1.20741e-13
1.86217e-10
1.26631e-13
2.12295e-10
1.08683e-13
2.28801e-10
1.1498e-13
2.82687e-10
1.03479e-13
2.98504e-10
1.02056e-13
2.7463e-10
1.08081e-13
2.1437e-10
1.35058e-13
2.8666e-10
1.00525e-13
3.10365e-10
1.10655e-13
2.35823e-10
1.20299e-13
2.66184e-10
1.12673e-13
2.88439e-10
1.04769e-13
2.87405e-10
1.12365e-13
2.25435e-10
1.62371e-13
1.29458e-10
1.17926e-13
7.89691e-11
1.06444e-13
7.70604e-11
1.15541e-13
7.08924e-11
1.13887e-13
9.95963e-11
9.77678e-14
1.31453e-10
1.04877e-13
9.70319e-11
1.19036e-13
6.38087e-11
1.01193e-13
1.50577e-10
1.22599e-13
1.10591e-10
1.06196e-13
1.25472e-10
1.08296e-13
9.2208e-11
1.27726e-13
4.87539e-11
1.22095e-13
3.47422e-11
1.02756e-13
4.40783e-11
1.14523e-13
2.47519e-11
1.24688e-13
1.59218e-11
1.14156e-13
7.89821e-12
1.29811e-13
4.69946e-12
1.05417e-13
5.35324e-12
1.13316e-13
6.94849e-12
1.53554e-13
2.20907e-12
1.1199e-13
1.75369e-12
1.03897e-13
2.46214e-12
1.08509e-13
2.79082e-12
1.05361e-13
1.95889e-12
1.05809e-13
1.60376e-12
1.02636e-13
1.97051e-12
1.00193e-13
1.95893e-12
1.22937e-13
1.00708e-12
1.13864e-13
7.41106e-13
1.0926e-13
6.32455e-13
1.02904e-13
1.6273e-12
1.02014e-13
1.50743e-12
1.19872e-13
7.34602e-13
1.08996e-13
8.81514e-13
9.89236e-14
7.37245e-13
1.07006e-13
4.89893e-13
1.16745e-13
3.21562e-13
1.22021e-13
2.45056e-13
1.48044e-13
1.58647e-13
2.35395e-13
1.17834e-13
1.97973e-13
1.09354e-13
2.3666e-13
1.30492e-13
1.58832e-13
1.86438e-13
1.31033e-13
1.61248e-13
1.68765e-13
1.30598e-13
1.64392e-13
1.3296e-13
2.69271e-13
1.17018e-13
2.77734e-13
1.29549e-13
4.91453e-13
1.09516e-13
1.07152e-12
1.03943e-13
1.10877e-12
1.22813e-13
1.90159e-12
1.173e-13
3.37782e-12
1.08456e-13
4.95564e-12
1.10676e-13
2.83049e-12
9.97729e-14
2.54197e-12
1.13535e-13
3.91552e-12
1.10584e-13
5.48214e-12
1.11027e-13
5.52703e-12
1.02027e-13
4.7528e-12
1.54379e-13
2.5541e-11
1.12502e-13
3.67788e-11
1.05064e-13
4.96439e-11
9.61644e-14
4.27335e-11
1.0158e-13
4.16604e-11
1.06394e-13
5.08697e-11
9.79955e-14
2.32165e-11
1.00091e-13
1.69811e-11
9.94194e-14
1.73402e-11
1.12077e-13
2.25341e-11
1.00315e-13
2.85963e-11
1.00802e-13
3.59196e-11
9.56133e-14
3.44957e-11
1.01426e-13
3.48861e-11
1.03134e-13
4.06678e-11
1.15164e-13
6.30146e-11
1.06078e-13
5.41755e-11
1.09289e-13
7.34665e-11
1.10306e-13
6.3481e-11
1.28486e-13
7.54843e-11
1.12213e-13
2.15578e-10
9.24842e-14
1.91428e-10
1.06908e-13
1.56546e-10
1.1413e-13
2.52473e-10
1.05801e-13
1.587e-10
1.17098e-13
8.69343e-11
9.87038e-14
7.08134e-11
9.54184e-14
6.35847e-11
1.06743e-13
4.48135e-11
1.05462e-13
5.85309e-11
1.20344e-13
4.62903e-11
9.40536e-14
6.00898e-11
9.8323e-14
3.99489e-11
1.05502e-13
2.24533e-11
9.65262e-14
3.33758e-11
9.53397e-14
3.73879e-11
9.6342e-14
2.61756e-11
1.02921e-13
2.51241e-11
9.6664e-14
2.19654e-11
9.2562e-14
1.8866e-11
1.30658e-13
4.19918e-12
1.03274e-13
5.5569e-12
9.97548e-14
8.20399e-12
9.45558e-14
7.7125e-12
9.62418e-14
5.27944e-12
1.08305e-13
3.53248e-12
9.3973e-14
2.60019e-12
1.05417e-13
2.16851e-12
9.00208e-14
2.03583e-12
9.45841e-14
1.34106e-12
1.08768e-13
8.31016e-13
9.31036e-14
1.04783e-12
9.18538e-14
1.44782e-12
1.02026e-13
1.77184e-12
8.64092e-14
4.26254e-12
9.55766e-14
3.55276e-12
1.03414e-13
3.54559e-12
1.01116e-13
1.31725e-12
1.08535e-13
7.28988e-13
9.27968e-14
4.71595e-13
1.17672e-13
2.40437e-13
1.3826e-13
1.15972e-13
2.1317e-13
1.02311e-13
2.31258e-13
9.74545e-14
2.82763e-13
1.00365e-13
3.25925e-13
1.09465e-13
2.20809e-13
1.0833e-13
2.56721e-13
1.05751e-13
4.14441e-13
9.88956e-14
6.83794e-13
1.01067e-13
1.45959e-12
8.7751e-14
1.47912e-12
1.01049e-13
1.47126e-12
8.94591e-14
1.38186e-12
8.91072e-14
1.33513e-12
9.50757e-14
2.38325e-12
9.988e-14
3.54133e-12
9.62229e-14
4.20382e-12
9.32463e-14
3.31803e-12
8.22726e-14
1.78512e-12
8.14942e-14
1.59605e-12
8.82278e-14
1.74518e-12
1.25307e-13
1.01472e-11
7.71619e-14
7.99067e-12
7.76306e-14
6.54285e-12
7.83995e-14
4.08255e-12
7.79276e-14
2.29744e-12
8.28646e-14
2.21271e-12
9.86214e-14
4.13442e-12
8.80283e-14
2.12629e-12
9.92083e-14
3.29253e-12
8.49138e-14
2.18781e-12
1.11494e-13
4.41407e-12
8.53507e-14
5.39415e-12
8.60603e-14
4.91631e-12
9.45104e-14
8.95518e-12
8.2819e-14
1.5038e-11
7.76547e-14
1.50168e-11
8.47598e-14
1.60097e-11
8.94553e-14
2.1728e-11
1.11872e-13
3.70923e-11
9.15758e-14
4.77421e-11
9.70095e-14
5.42799e-11
9.45439e-14
9.32666e-11
8.56099e-14
1.44839e-10
7.72816e-14
1.66126e-10
8.0008e-14
1.69321e-10
7.98177e-14
1.4781e-10
7.79723e-14
9.79217e-11
8.23453e-14
8.56573e-11
9.03254e-14
1.393e-10
8.00589e-14
1.22571e-10
8.91966e-14
1.66752e-10
8.28651e-14
1.19417e-10
8.26239e-14
9.05825e-11
8.47869e-14
9.70369e-11
8.69351e-14
1.43209e-10
8.6442e-14
1.88433e-10
8.00402e-14
1.82406e-10
9.33287e-14
1.8302e-10
7.75449e-14
1.36419e-10
1.19965e-13
5.92047e-11
8.48892e-14
3.01977e-11
8.56893e-14
2.20725e-11
7.53803e-14
2.19537e-11
8.17067e-14
3.54427e-11
8.18294e-14
3.17668e-11
9.08443e-14
1.98175e-11
8.37978e-14
1.16722e-11
9.02618e-14
1.00333e-11
7.88756e-14
1.01449e-11
8.14237e-14
6.66522e-12
8.15765e-14
3.52383e-12
7.64815e-14
2.1388e-12
6.90935e-14
1.71222e-12
7.0514e-14
1.62663e-12
7.98258e-14
2.402e-12
8.2368e-14
2.6209e-12
7.27441e-14
1.96949e-12
8.88814e-14
1.0475e-12
7.38778e-14
6.94561e-13
8.86231e-14
4.09949e-13
1.01535e-13
1.54612e-13
1.02814e-13
1.09775e-13
1.66133e-13
9.32151e-14
1.37912e-13
8.7744e-14
1.71204e-13
8.08123e-14
1.60825e-13
8.2329e-14
1.53113e-13
9.52843e-14
9.31821e-14
2.00866e-13
7.38987e-14
2.37818e-13
7.58135e-14
2.47259e-13
7.01476e-14
3.04497e-13
7.14297e-14
3.11333e-13
7.73329e-14
2.49914e-13
7.33655e-14
1.86445e-13
7.0676e-14
1.52898e-13
1.01713e-13
9.56166e-14
1.06411e-13
1.05421e-13
1.50837e-13
7.95879e-14
2.01269e-13
9.88956e-14
1.76529e-13
8.28544e-14
2.20558e-13
9.80093e-14
8.10997e-13
6.486e-14
8.95486e-13
6.85939e-14
5.25699e-13
6.9787e-14
4.70191e-13
7.47248e-14
6.60984e-13
6.90442e-14
7.76532e-13
7.38567e-14
1.1707e-12
7.59998e-14
1.63884e-12
7.48109e-14
3.00798e-12
6.49328e-14
3.10342e-12
6.42378e-14
1.23177e-12
7.68364e-14
1.20421e-12
6.42023e-14
1.19755e-12
7.13514e-14
1.50085e-12
7.16798e-14
2.81592e-12
7.90882e-14
4.73842e-12
6.92227e-14
9.39563e-12
6.47152e-14
7.66174e-12
6.83803e-14
7.81785e-12
7.64275e-14
9.96868e-12
8.56812e-14
3.42251e-11
6.35183e-14
2.26828e-11
7.09657e-14
2.15494e-11
6.52419e-14
1.30691e-11
6.79834e-14
8.68771e-12
7.35665e-14
1.72429e-11
6.60179e-14
2.37881e-11
6.53028e-14
2.47295e-11
7.00617e-14
2.97496e-11
6.98831e-14
4.81094e-11
6.55091e-14
5.38626e-11
6.51877e-14
7.07739e-11
8.20599e-14
1.38305e-10
6.52038e-14
1.59281e-10
7.10883e-14
1.41176e-10
6.83223e-14
1.5487e-10
6.63251e-14
1.08509e-10
6.55832e-14
9.28288e-11
6.19307e-14
1.38357e-10
6.2041e-14
1.32602e-10
7.83673e-14
4.09171e-11
7.69256e-14
2.58634e-11
6.35812e-14
2.10828e-11
6.34911e-14
1.85502e-11
6.76874e-14
1.38452e-11
6.16229e-14
1.90773e-11
6.40967e-14
3.16776e-11
6.38155e-14
2.00204e-11
6.77634e-14
1.75528e-11
6.60836e-14
1.33858e-11
6.43038e-14
9.52912e-12
6.33516e-14
7.54503e-12
6.44241e-14
6.46076e-12
6.59933e-14
3.40461e-12
7.51115e-14
1.89952e-12
5.6603e-14
2.0626e-12
5.8814e-14
3.56318e-12
5.99034e-14
4.97877e-12
7.04247e-14
4.87906e-12
6.31417e-14
5.53897e-12
6.57227e-14
3.44319e-12
7.18526e-14
1.20454e-12
7.73151e-14
6.96606e-13
5.74864e-14
5.92244e-13
6.28531e-14
4.52337e-13
5.80978e-14
5.0083e-13
6.38019e-14
2.69313e-13
7.18505e-14
1.48603e-13
7.43749e-14
1.01308e-13
8.28664e-14
1.22491e-13
6.46063e-14
2.0976e-13
6.80683e-14
1.40949e-13
7.03372e-14
1.03036e-13
6.96606e-14
8.61244e-14
7.0188e-14
7.90895e-14
7.75332e-14
9.89488e-14
7.32772e-14
1.03173e-13
7.66575e-14
8.39313e-14
7.80563e-14
8.13194e-14
8.16003e-14
7.05408e-14
8.46673e-14
8.41604e-14
1.07465e-13
8.28326e-14
1.66089e-13
6.87345e-14
1.91777e-13
5.84649e-14
1.63993e-13
5.58158e-14
1.81195e-13
5.75393e-14
2.81209e-13
5.58105e-14
3.07905e-13
5.93452e-14
4.68321e-13
5.84611e-14
8.2218e-13
6.6914e-14
2.38113e-12
5.51205e-14
2.98995e-12
5.8674e-14
2.51865e-12
5.69568e-14
1.80157e-12
5.8228e-14
1.54413e-12
5.98231e-14
1.90802e-12
5.37094e-14
1.56395e-12
5.17744e-14
1.17421e-12
5.82986e-14
1.90335e-12
5.40706e-14
2.48037e-12
6.59989e-14
5.69665e-12
5.77756e-14
8.23314e-12
5.52978e-14
1.19069e-11
6.40692e-14
2.80713e-11
7.12395e-14
6.25339e-11
5.43778e-14
8.65804e-11
4.84892e-14
3.81228e-11
5.47364e-14
4.8426e-11
5.76824e-14
6.92556e-11
5.45037e-14
8.76924e-11
4.99934e-14
1.00839e-10
5.27325e-14
1.084e-10
5.98405e-14
1.23525e-10
5.37253e-14
1.27921e-10
4.97289e-14
1.39768e-10
4.52058e-14
1.06256e-10
4.71026e-14
7.27622e-11
5.76559e-14
9.47263e-11
4.62974e-14
5.59275e-11
4.50794e-14
2.79872e-11
5.45215e-14
4.03602e-11
5.13366e-14
6.50408e-11
5.20415e-14
7.80471e-11
5.56079e-14
1.03193e-10
6.84775e-14
5.43834e-11
5.21343e-14
4.94588e-11
4.58971e-14
5.17007e-11
4.81387e-14
4.59085e-11
5.19139e-14
2.97478e-11
5.88257e-14
3.05004e-11
4.48052e-14
6.39008e-11
4.55758e-14
4.84998e-11
5.17993e-14
3.13572e-11
5.05025e-14
3.57729e-11
5.11391e-14
2.24919e-11
5.80514e-14
1.1106e-11
4.45017e-14
1.59941e-11
4.51704e-14
1.46033e-11
5.37548e-14
6.54398e-12
4.70314e-14
4.44224e-12
5.05865e-14
2.79811e-12
4.83936e-14
4.7879e-12
4.49137e-14
7.67789e-12
4.7746e-14
5.21036e-12
4.47209e-14
5.09029e-12
6.20589e-14
1.16963e-12
4.93856e-14
1.14977e-12
4.33157e-14
1.5564e-12
4.30395e-14
1.17584e-12
5.15419e-14
6.64193e-13
4.49757e-14
7.98554e-13
4.32579e-14
1.43275e-12
4.27532e-14
1.81524e-12
4.81963e-14
1.60262e-12
4.72147e-14
2.79103e-12
4.98841e-14
1.89593e-12
5.04523e-14
9.84563e-13
4.31459e-14
1.17559e-12
4.26756e-14
1.19044e-12
5.46786e-14
4.14353e-13
4.36732e-14
3.05568e-13
4.27382e-14
3.09653e-13
4.80565e-14
2.4117e-13
4.92482e-14
1.44355e-13
5.84357e-14
8.96587e-14
5.67567e-14
1.14075e-13
8.0842e-14
5.1092e-14
9.18258e-14
5.60709e-14
1.57683e-13
4.80817e-14
2.48605e-13
5.20753e-14
2.71806e-13
4.42215e-14
3.40684e-13
4.20272e-14
2.18816e-13
5.22803e-14
3.9676e-13
4.16077e-14
5.89366e-13
4.49396e-14
6.12129e-13
4.45133e-14
8.09872e-13
4.09707e-14
7.61252e-13
4.45466e-14
3.63735e-13
4.92006e-14
4.73514e-13
3.95186e-14
3.95295e-13
4.26618e-14
2.92801e-13
4.45949e-14
3.84043e-13
4.00141e-14
5.21852e-13
4.28439e-14
7.30676e-13
4.25868e-14
9.33279e-13
4.7225e-14
1.07906e-12
5.84862e-14
4.83479e-12
4.56054e-14
6.66873e-12
4.43642e-14
6.65882e-12
3.81566e-14
3.62061e-12
4.00456e-14
1.5578e-12
4.64442e-14
2.48602e-12
4.14849e-14
3.24172e-12
4.28304e-14
4.65376e-12
4.57905e-14
1.13632e-11
4.07994e-14
1.48892e-11
4.37076e-14
2.12817e-11
4.5449e-14
3.21379e-11
4.79822e-14
7.76182e-11
4.44314e-14
8.482e-11
4.10751e-14
5.85403e-11
4.0635e-14
4.50126e-11
3.99472e-14
4.25459e-11
5.1456e-14
7.20027e-11
4.06369e-14
9.72491e-11
4.10993e-14
8.36585e-11
4.36385e-14
8.30155e-11
4.57488e-14
9.00272e-11
4.88083e-14
5.47523e-11
5.19016e-14
3.57701e-11
3.94827e-14
3.91874e-11
4.18137e-14
2.49367e-11
4.71677e-14
1.78459e-11
3.98695e-14
3.19342e-11
3.8379e-14
5.99635e-11
4.07257e-14
4.337e-11
4.17287e-14
4.37126e-11
3.75945e-14
3.48547e-11
4.12589e-14
1.8763e-11
4.07964e-14
1.80545e-11
3.80819e-14
1.87752e-11
3.77173e-14
2.01289e-11
3.69608e-14
2.58893e-11
3.72225e-14
2.35672e-11
4.25141e-14
2.32567e-11
4.35283e-14
2.83996e-11
3.79566e-14
4.15073e-11
4.10182e-14
3.96399e-11
4.31328e-14
1.2663e-11
5.47637e-14
4.10029e-12
4.26361e-14
3.00565e-12
4.1599e-14
1.33395e-12
4.7403e-14
5.53856e-13
4.12205e-14
3.80755e-13
3.86515e-14
2.78914e-13
4.15946e-14
2.36109e-13
3.6104e-14
6.79097e-13
3.66282e-14
8.61967e-13
4.32401e-14
6.04005e-13
3.93957e-14
5.7866e-13
4.42823e-14
2.49637e-13
4.10325e-14
1.73844e-13
4.6995e-14
1.1807e-13
3.88974e-14
1.24792e-13
3.86098e-14
1.97472e-13
3.59258e-14
2.41918e-13
4.38166e-14
1.62645e-13
3.99071e-14
1.21446e-13
4.13221e-14
1.0571e-13
3.99388e-14
1.4332e-13
4.25285e-14
1.89386e-13
4.39673e-14
8.49711e-14
6.06431e-14
4.19984e-14
8.08818e-14
3.78394e-14
8.04284e-14
3.76913e-14
9.47575e-14
4.12607e-14
1.93061e-13
3.61909e-14
2.79777e-13
3.94746e-14
4.19981e-13
3.8931e-14
8.23571e-13
3.98604e-14
8.64733e-13
3.39132e-14
4.63609e-13
3.59529e-14
2.83806e-13
3.81254e-14
3.47924e-13
3.453e-14
2.13953e-13
4.42623e-14
4.26044e-13
3.78093e-14
9.77286e-13
3.23557e-14
1.11108e-12
3.54031e-14
9.88387e-13
3.87396e-14
1.94311e-12
3.58066e-14
2.29176e-12
3.42136e-14
2.25723e-12
3.74837e-14
2.84576e-12
4.9215e-14
7.15082e-12
3.6684e-14
6.63128e-12
3.67901e-14
7.19342e-12
3.18923e-14
5.73767e-12
3.77478e-14
8.7349e-12
3.55934e-14
1.55372e-11
3.39329e-14
2.23515e-11
4.01656e-14
4.86773e-11
3.40869e-14
4.47276e-11
4.04278e-14
7.09188e-11
3.03083e-14
5.20187e-11
3.1397e-14
4.34279e-11
3.35354e-14
4.43874e-11
3.07956e-14
2.97652e-11
2.98996e-14
1.05859e-11
3.11486e-14
7.11131e-12
3.26129e-14
8.11696e-12
3.05037e-14
9.28425e-12
3.47319e-14
1.27893e-11
3.53248e-14
3.28098e-11
4.24989e-14
5.52914e-11
3.4839e-14
6.27682e-11
3.60376e-14
4.01003e-11
3.18784e-14
3.61919e-11
3.21865e-14
4.91485e-11
3.63351e-14
4.03589e-11
3.67643e-14
2.36048e-11
3.36086e-14
2.60873e-11
3.15388e-14
3.06698e-11
3.05804e-14
3.84804e-11
2.93139e-14
4.45402e-11
3.03009e-14
4.05633e-11
3.35689e-14
3.23394e-11
3.09915e-14
3.02697e-11
3.2201e-14
2.47807e-11
3.39637e-14
1.13442e-11
3.30616e-14
6.75563e-12
3.07941e-14
1.35657e-11
2.83527e-14
1.95634e-11
3.34843e-14
8.25482e-12
3.0999e-14
6.22806e-12
3.29107e-14
4.40801e-12
3.5576e-14
1.32024e-12
3.70907e-14
6.85732e-13
3.48674e-14
3.23016e-13
3.34286e-14
1.97771e-13
3.13613e-14
2.50255e-13
2.981e-14
2.51201e-13
3.0914e-14
2.9859e-13
2.93355e-14
2.86606e-13
3.48936e-14
3.90388e-13
2.76439e-14
4.90555e-13
2.62123e-14
6.18993e-13
2.7076e-14
5.92643e-13
2.78437e-14
4.74078e-13
3.07994e-14
3.16461e-13
2.7711e-14
3.77013e-13
3.05697e-14
2.05756e-13
3.53171e-14
8.18449e-14
3.09738e-14
6.48089e-14
3.13574e-14
9.92114e-14
2.9487e-14
1.78587e-13
3.02204e-14
1.54907e-13
3.07857e-14
9.62964e-14
4.56066e-14
4.01609e-14
4.27309e-14
3.85322e-14
4.50499e-14
3.57594e-14
6.51232e-14
3.36446e-14
5.77295e-14
3.10973e-14
4.84895e-14
3.48737e-14
4.26923e-14
3.54282e-14
6.64423e-14
2.94048e-14
1.10155e-13
2.98319e-14
1.56775e-13
3.0491e-14
1.14158e-13
2.8206e-14
6.858e-14
3.18451e-14
9.02971e-14
2.62552e-14
1.26554e-13
2.82767e-14
1.73429e-13
3.22474e-14
4.401e-13
2.95854e-14
6.18439e-13
2.59164e-14
6.09742e-13
2.60235e-14
6.58629e-13
2.88488e-14
9.52319e-13
2.88828e-14
1.13368e-12
2.94277e-14
8.57061e-13
3.0212e-14
9.78423e-13
3.79863e-14
1.81589e-12
2.83422e-14
3.64271e-12
2.73143e-14
4.7819e-12
2.83978e-14
6.98118e-12
2.77103e-14
8.16913e-12
2.83629e-14
1.37963e-11
2.89225e-14
3.27001e-11
2.84224e-14
3.37857e-11
3.15281e-14
5.77069e-11
2.50484e-14
6.70808e-11
2.40518e-14
4.41733e-11
2.91293e-14
3.21539e-11
2.57033e-14
3.44308e-11
2.7047e-14
4.35709e-11
2.44235e-14
3.77069e-11
2.53191e-14
4.54515e-11
2.48743e-14
5.49773e-11
2.69137e-14
5.80398e-11
2.5182e-14
4.87032e-11
2.58427e-14
5.59045e-11
2.70022e-14
6.00498e-11
2.74288e-14
3.88297e-11
3.63063e-14
2.75459e-11
2.36878e-14
5.31812e-11
2.41693e-14
5.46199e-11
2.87943e-14
3.33042e-11
2.42959e-14
2.94584e-11
2.55083e-14
2.55582e-11
2.43135e-14
2.32442e-11
2.32892e-14
1.92676e-11
2.9364e-14
7.81917e-12
2.51192e-14
7.24116e-12
2.81283e-14
3.59759e-12
2.46919e-14
4.1743e-12
2.74037e-14
4.63523e-12
2.32916e-14
9.29288e-12
2.24604e-14
9.59817e-12
2.42593e-14
8.92158e-12
2.83781e-14
6.25405e-12
2.67321e-14
4.32578e-12
2.65369e-14
2.54866e-12
2.23796e-14
3.84732e-12
2.35125e-14
2.1321e-12
3.33648e-14
8.75108e-13
2.90295e-14
3.49207e-13
2.2231e-14
3.82627e-13
2.27203e-14
5.18653e-13
2.429e-14
8.54813e-13
2.63893e-14
6.2185e-13
2.38662e-14
3.63138e-13
2.74111e-14
2.09388e-13
2.18418e-14
1.98205e-13
2.54119e-14
9.71452e-14
2.58288e-14
5.46512e-14
2.49181e-14
4.56405e-14
3.37047e-14
3.95285e-14
2.70308e-14
4.60889e-14
2.41588e-14
7.53699e-14
2.23079e-14
1.31563e-13
2.1247e-14
3.43421e-13
2.39847e-14
1.61834e-13
2.51478e-14
1.27056e-13
2.30438e-14
6.13128e-14
3.77599e-14
3.16986e-14
4.68204e-14
2.43742e-14
6.32942e-14
2.46995e-14
6.2997e-14
2.35323e-14
6.65643e-14
2.35033e-14
9.47161e-14
2.79761e-14
2.09156e-13
2.27101e-14
1.56919e-13
2.28975e-14
9.27674e-14
2.68833e-14
1.14009e-13
2.23304e-14
1.97871e-13
2.72443e-14
2.94944e-13
2.21401e-14
4.41793e-13
2.0528e-14
3.99044e-13
1.96112e-14
2.85329e-13
2.05558e-14
1.62718e-13
2.4124e-14
1.77027e-13
1.99266e-14
1.9412e-13
1.96392e-14
1.79969e-13
2.08674e-14
1.36134e-13
2.99636e-14
2.07831e-13
2.40603e-14
2.85021e-13
2.00681e-14
2.82967e-13
1.91539e-14
2.17192e-13
2.23073e-14
2.34207e-13
2.24842e-14
4.8195e-13
2.05536e-14
5.55441e-13
2.02682e-14
5.56477e-13
2.2626e-14
9.66011e-13
1.97299e-14
1.40784e-12
2.00792e-14
1.72439e-12
2.2062e-14
1.04557e-12
2.20199e-14
1.45094e-12
2.17032e-14
2.39251e-12
2.03579e-14
1.91061e-12
2.11262e-14
2.12768e-12
2.10391e-14
4.82829e-12
2.18644e-14
8.92684e-12
1.92294e-14
7.37813e-12
2.30903e-14
1.29057e-11
2.23429e-14
2.56037e-11
2.69121e-14
4.00074e-11
2.26373e-14
3.4691e-11
2.15907e-14
4.57612e-11
1.87132e-14
5.03566e-11
2.04603e-14
4.22585e-11
2.29034e-14
2.95071e-11
2.01059e-14
1.91498e-11
1.9945e-14
1.52133e-11
1.92643e-14
1.14126e-11
2.01405e-14
1.05423e-11
1.82165e-14
9.43334e-12
1.91376e-14
6.93688e-12
1.95944e-14
8.26983e-12
1.93675e-14
9.41615e-12
1.83551e-14
1.36479e-11
1.78617e-14
2.74429e-11
2.027e-14
1.50159e-11
1.95483e-14
1.02139e-11
1.98458e-14
6.03551e-12
1.79253e-14
5.02567e-12
2.05909e-14
1.92565e-12
2.4849e-14
7.81468e-13
1.92082e-14
4.77081e-13
1.71848e-14
5.37432e-13
1.71144e-14
6.13607e-13
1.68476e-14
1.31914e-12
2.0012e-14
1.13207e-12
1.85944e-14
9.99767e-13
1.90826e-14
7.03021e-13
1.83974e-14
4.57586e-13
1.97412e-14
4.07087e-13
1.70627e-14
4.32526e-13
1.89876e-14
4.02141e-13
2.11478e-14
2.07398e-13
1.82963e-14
2.46709e-13
1.87074e-14
1.32545e-13
1.90518e-14
1.19328e-13
1.58908e-14
1.7649e-13
1.59695e-14
3.13068e-13
1.80189e-14
4.12804e-13
1.98755e-14
2.01595e-13
2.36885e-14
5.62577e-14
2.1042e-14
2.92122e-14
2.66673e-14
2.32976e-14
2.51514e-14
2.20048e-14
2.22946e-14
2.44871e-14
2.19299e-14
2.38499e-14
3.18153e-14
1.96743e-14
5.89654e-14
1.75412e-14
1.08474e-13
1.6935e-14
6.79756e-14
1.90218e-14
5.10108e-14
1.64297e-14
5.74248e-14
1.96107e-14
6.33214e-14
1.6922e-14
5.2966e-14
1.74738e-14
7.76365e-14
1.61253e-14
8.93543e-14
1.61684e-14
8.18349e-14
1.76283e-14
1.17067e-13
1.68773e-14
1.6874e-13
1.92598e-14
2.29266e-13
2.09532e-14
6.84621e-13
1.92343e-14
1.0533e-12
1.59219e-14
6.39904e-13
1.59859e-14
6.63987e-13
1.56885e-14
4.54281e-13
1.8913e-14
8.09939e-13
1.74632e-14
1.30499e-12
1.95982e-14
3.20376e-12
1.50832e-14
3.7398e-12
1.7111e-14
4.3204e-12
1.73542e-14
6.59275e-12
1.6073e-14
4.36312e-12
1.70677e-14
5.64897e-12
1.63565e-14
5.78396e-12
1.58494e-14
3.19951e-12
1.65545e-14
2.22566e-12
1.54724e-14
2.09846e-12
1.73712e-14
2.89763e-12
1.7611e-14
7.01085e-12
1.77649e-14
1.1971e-11
1.4805e-14
1.32359e-11
2.22455e-14
2.48444e-11
1.80309e-14
3.45435e-11
1.58532e-14
3.84099e-11
1.45622e-14
3.45699e-11
1.62357e-14
3.56392e-11
1.59502e-14
3.51152e-11
1.71964e-14
3.65143e-11
1.58163e-14
3.42443e-11
1.46891e-14
3.69497e-11
1.46889e-14
3.5564e-11
1.555e-14
3.99937e-11
1.48904e-14
3.84516e-11
1.6141e-14
3.48958e-11
1.68337e-14
2.27786e-11
1.63806e-14
2.00777e-11
1.53472e-14
1.72079e-11
1.54701e-14
1.08794e-11
1.70181e-14
1.31415e-11
1.5393e-14
1.49074e-11
1.48303e-14
9.80864e-12
1.98498e-14
5.31466e-12
1.78303e-14
1.00865e-12
1.70087e-14
4.94855e-13
1.38097e-14
3.59579e-13
1.43842e-14
2.12132e-13
1.57657e-14
1.44098e-13
1.52468e-14
1.71798e-13
1.43785e-14
2.06081e-13
1.5448e-14
2.74021e-13
1.55579e-14
2.96813e-13
1.57029e-14
4.0914e-13
1.32006e-14
4.71743e-13
1.44384e-14
3.37648e-13
1.56395e-14
2.48548e-13
1.41916e-14
2.53046e-13
1.49479e-14
1.49742e-13
1.70005e-14
5.3119e-14
1.5939e-14
3.56147e-14
1.44876e-14
3.56547e-14
1.56145e-14
3.00462e-14
1.85429e-14
3.90201e-14
2.20054e-14
1.82815e-14
2.50698e-14
1.60313e-14
2.1328e-14
1.70766e-14
2.34525e-14
1.69928e-14
2.935e-14
1.52701e-14
3.11295e-14
1.70216e-14
2.00603e-14
1.95761e-14
2.19673e-14
1.86199e-14
2.52928e-14
1.58664e-14
3.07675e-14
1.51555e-14
2.54764e-14
1.8156e-14
4.21601e-14
1.53718e-14
6.23462e-14
1.44963e-14
3.95391e-14
1.57431e-14
2.81116e-14
1.56795e-14
2.97506e-14
1.51605e-14
4.00842e-14
1.32995e-14
4.34205e-14
1.59998e-14
5.65924e-14
1.41987e-14
1.18055e-13
2.10277e-14
4.87255e-13
1.23323e-14
6.61363e-13
1.22597e-14
6.42179e-13
1.6236e-14
1.34194e-12
1.31921e-14
9.84205e-13
1.26244e-14
5.35556e-13
1.41142e-14
4.74717e-13
1.3582e-14
5.28795e-13
1.28258e-14
3.90356e-13
1.34864e-14
3.96008e-13
1.32132e-14
5.98504e-13
1.30775e-14
6.463e-13
1.57537e-14
1.59198e-12
1.28953e-14
1.90645e-12
1.23875e-14
1.90996e-12
1.54189e-14
4.64823e-12
1.20105e-14
5.32683e-12
1.21594e-14
2.21275e-12
1.14891e-14
1.48254e-12
1.54887e-14
3.04975e-12
1.55489e-14
9.57236e-12
1.42437e-14
2.19146e-11
1.2348e-14
2.53541e-11
1.31963e-14
2.49606e-11
1.35863e-14
2.90265e-11
1.26318e-14
3.02537e-11
1.34722e-14
2.78508e-11
1.41361e-14
2.03564e-11
1.36668e-14
1.93797e-11
1.19477e-14
2.51939e-11
1.12957e-14
3.26791e-11
1.14698e-14
2.95487e-11
1.22116e-14
3.16357e-11
1.10316e-14
3.24279e-11
1.13101e-14
3.03603e-11
1.21105e-14
2.46767e-11
1.31348e-14
1.50384e-11
1.1621e-14
1.2592e-11
1.30056e-14
7.02011e-12
1.21304e-14
7.44635e-12
1.57991e-14
2.82433e-12
1.25176e-14
4.38645e-12
1.23244e-14
2.96519e-12
1.08533e-14
3.69903e-12
1.09742e-14
4.70833e-12
1.1812e-14
5.86655e-12
1.17033e-14
4.78937e-12
1.16578e-14
4.14593e-12
1.3133e-14
1.7137e-12
1.19026e-14
1.39854e-12
1.0564e-14
1.38953e-12
1.28294e-14
7.77069e-13
1.19078e-14
5.88905e-13
1.13549e-14
1.11037e-12
1.15053e-14
1.09325e-12
1.0581e-14
9.08316e-13
1.20147e-14
5.15239e-13
1.13309e-14
3.99644e-13
1.28464e-14
2.57216e-13
1.19484e-14
1.44331e-13
1.28322e-14
8.66569e-14
1.12356e-14
4.147e-14
1.76793e-14
1.66479e-14
1.35522e-14
1.98312e-14
1.36677e-14
2.22441e-14
1.32945e-14
2.32096e-14
1.14319e-14
5.20848e-14
1.04817e-14
3.66039e-14
1.28763e-14
2.50627e-14
1.0739e-14
3.32064e-14
1.1096e-14
2.25637e-14
1.40236e-14
1.38756e-14
1.57141e-14
1.23733e-14
2.82199e-14
1.02692e-14
3.85043e-14
1.0335e-14
3.42325e-14
1.13429e-14
3.29404e-14
1.16463e-14
2.39659e-14
1.26992e-14
1.51509e-14
1.32138e-14
1.5774e-14
1.26155e-14
2.68627e-14
1.36139e-14
4.50961e-14
1.13329e-14
1.3383e-13
1.03076e-14
1.29381e-13
1.16694e-14
1.62059e-13
9.23453e-15
1.49972e-13
9.28027e-15
1.31209e-13
1.17102e-14
2.57487e-13
1.11465e-14
5.88625e-13
9.96071e-15
5.62483e-13
9.48492e-15
2.45122e-13
1.15487e-14
4.0038e-13
9.73019e-15
5.84542e-13
1.13292e-14
7.81012e-13
1.07538e-14
1.23924e-12
1.09128e-14
2.80734e-12
9.13165e-15
2.71627e-12
1.04489e-14
4.19595e-12
9.65812e-15
6.49506e-12
9.15117e-15
5.44927e-12
9.58542e-15
5.60953e-12
9.29191e-15
3.10111e-12
1.11168e-14
2.61722e-12
1.1784e-14
7.12024e-12
1.11955e-14
8.62564e-12
9.95968e-15
1.18274e-11
1.07439e-14
1.62225e-11
8.7265e-15
1.76397e-11
8.75988e-15
1.34586e-11
9.93769e-15
1.97436e-11
8.71674e-15
2.48256e-11
9.16789e-15
2.2622e-11
1.02425e-14
2.10987e-11
1.02478e-14
2.26436e-11
8.9413e-15
2.2961e-11
9.0346e-15
1.97496e-11
9.47778e-15
2.0874e-11
9.57116e-15
2.09219e-11
9.61564e-15
2.40883e-11
8.59304e-15
2.23782e-11
9.58817e-15
1.75374e-11
9.92465e-15
1.93508e-11
1.13253e-14
6.88502e-12
1.05333e-14
6.06089e-12
9.60853e-15
2.46472e-12
1.10771e-14
2.00521e-12
8.98584e-15
3.90786e-12
8.97158e-15
4.54019e-12
1.12289e-14
1.88106e-12
9.47745e-15
1.48799e-12
9.69564e-15
1.14438e-12
9.55471e-15
9.67688e-13
9.42906e-15
7.12641e-13
9.55501e-15
4.58238e-13
8.90701e-15
3.13976e-13
8.69495e-15
3.0056e-13
8.93305e-15
3.24971e-13
9.0059e-15
3.02762e-13
9.70719e-15
4.89883e-13
8.84172e-15
3.76866e-13
8.4801e-15
2.91654e-13
9.0081e-15
3.11784e-13
9.9583e-15
2.50173e-13
9.45465e-15
1.58484e-13
1.31353e-14
3.48508e-14
8.92151e-15
3.23555e-14
8.28585e-15
2.83635e-14
8.47496e-15
2.59196e-14
9.36409e-15
2.63449e-14
1.0768e-14
2.26923e-14
9.78765e-15
3.81899e-14
8.47396e-15
3.71883e-14
1.08785e-14
1.93529e-14
9.36611e-15
1.99814e-14
9.9065e-15
1.46555e-14
1.1331e-14
1.18318e-14
1.20372e-14
1.14384e-14
1.43845e-14
1.06776e-14
2.75537e-14
9.86583e-15
4.21105e-14
9.13086e-15
5.20765e-14
8.30285e-15
3.59582e-14
9.9977e-15
3.88684e-14
8.96941e-15
3.50228e-14
9.52736e-15
2.48173e-14
1.11977e-14
7.21508e-14
9.31277e-15
3.01978e-13
7.8294e-15
2.15492e-13
9.73404e-15
2.82438e-13
8.90702e-15
7.13516e-13
7.50507e-15
6.61326e-13
9.03704e-15
1.0473e-12
8.31517e-15
1.97907e-12
8.08517e-15
1.94125e-12
8.11163e-15
9.82913e-13
7.70877e-15
5.81427e-13
8.14297e-15
5.36277e-13
8.35676e-15
6.98639e-13
7.54748e-15
7.57154e-13
7.57434e-15
6.04552e-13
8.32452e-15
4.2619e-13
8.54138e-15
5.78463e-13
7.24076e-15
4.18366e-13
8.98095e-15
7.35301e-13
9.23679e-15
1.8383e-12
1.08024e-14
5.27476e-12
8.43454e-15
6.63613e-12
7.72309e-15
3.30992e-12
7.74847e-15
2.68014e-12
7.74027e-15
2.65285e-12
9.09425e-15
4.98992e-12
8.69544e-15
9.23843e-12
8.72664e-15
1.49728e-11
7.04936e-15
1.40662e-11
7.03176e-15
1.1103e-11
7.90827e-15
1.3379e-11
8.115e-15
1.63403e-11
8.11632e-15
1.96978e-11
7.77527e-15
1.49777e-11
8.55506e-15
1.66559e-11
7.52746e-15
1.258e-11
8.79264e-15
1.65118e-11
7.17727e-15
1.45566e-11
8.12939e-15
1.38711e-11
8.36271e-15
1.72171e-11
8.72399e-15
1.29392e-11
8.47369e-15
4.41791e-12
1.04594e-14
1.34698e-12
7.25787e-15
1.65898e-12
7.194e-15
1.16196e-12
7.54513e-15
1.06766e-12
7.09749e-15
2.50095e-12
8.00784e-15
2.02669e-12
7.59806e-15
1.65168e-12
7.62903e-15
1.07264e-12
8.15291e-15
8.5928e-13
7.17343e-15
7.04218e-13
7.19616e-15
5.78197e-13
7.34887e-15
6.17436e-13
7.40425e-15
6.56399e-13
8.38185e-15
4.71714e-13
6.99188e-15
4.00277e-13
7.50647e-15
2.65359e-13
7.17059e-15
4.70946e-13
7.6354e-15
4.45124e-13
8.53394e-15
2.29789e-13
7.78177e-15
1.83092e-13
7.87582e-15
6.74838e-14
1.03753e-14
1.91185e-14
7.10507e-15
1.66369e-14
7.76878e-15
1.44529e-14
9.17841e-15
1.28229e-14
9.01317e-15
9.25598e-15
1.27306e-14
8.52608e-15
1.30292e-14
8.65551e-15
1.33707e-14
1.03397e-14
1.04848e-14
1.02147e-14
8.91018e-15
9.69834e-15
8.33911e-15
1.19973e-14
7.83871e-15
1.91401e-14
6.90461e-15
2.09045e-14
7.52204e-15
1.36348e-14
1.05421e-14
8.29314e-15
1.12408e-14
7.81224e-15
1.40958e-14
7.74459e-15
2.54936e-14
6.54596e-15
2.30838e-14
7.84231e-15
2.47219e-14
9.37331e-15
4.0207e-14
7.75664e-15
6.02283e-14
6.69459e-15
6.82945e-14
6.99687e-15
7.91176e-14
7.41093e-15
2.03337e-13
7.08736e-15
2.92936e-13
6.95948e-15
4.17793e-13
6.18033e-15
5.02889e-13
6.18736e-15
3.17346e-13
7.04047e-15
2.78041e-13
6.99635e-15
3.93981e-13
8.04837e-15
7.94166e-13
6.45738e-15
5.92119e-13
7.31001e-15
4.09083e-13
6.80243e-15
5.66451e-13
6.95753e-15
7.16534e-13
6.31758e-15
7.28147e-13
6.08315e-15
8.06357e-13
5.89236e-15
5.52101e-13
5.94051e-15
3.60906e-13
8.1422e-15
7.78437e-13
8.43742e-15
2.51223e-12
6.78477e-15
5.9887e-12
6.38067e-15
7.11418e-12
6.69919e-15
5.09157e-12
7.00238e-15
4.26154e-12
6.08918e-15
3.54605e-12
6.62344e-15
4.98309e-12
6.46368e-15
9.48731e-12
6.27668e-15
6.67343e-12
6.78693e-15
7.82104e-12
5.98231e-15
9.94603e-12
7.41586e-15
1.46673e-11
6.83695e-15
1.22471e-11
7.01077e-15
1.02654e-11
6.0212e-15
1.17999e-11
6.43897e-15
1.36229e-11
7.05831e-15
1.39442e-11
6.32447e-15
1.31041e-11
6.13841e-15
1.17388e-11
6.09206e-15
9.71544e-12
7.08569e-15
4.2095e-12
8.00639e-15
1.04572e-12
7.36038e-15
4.52946e-13
6.587e-15
4.78975e-13
5.96944e-15
3.56739e-13
8.07388e-15
2.15263e-13
5.67736e-15
3.77607e-13
5.69519e-15
6.40782e-13
6.13855e-15
9.38825e-13
6.52785e-15
9.6669e-13
5.78041e-15
9.5219e-13
5.82948e-15
9.87647e-13
6.69011e-15
5.75152e-13
6.25711e-15
4.57587e-13
5.41794e-15
3.88837e-13
7.32929e-15
1.57235e-13
5.83388e-15
1.22932e-13
5.85116e-15
1.04584e-13
6.27164e-15
8.81384e-14
5.7121e-15
1.97975e-13
5.09634e-15
5.22291e-13
6.51701e-15
1.45295e-13
7.19969e-15
8.42146e-14
5.75566e-15
8.71983e-14
5.58441e-15
7.98294e-14
6.09657e-15
7.20495e-14
5.92984e-15
9.1364e-14
5.72167e-15
9.88059e-14
5.64833e-15
9.36692e-14
5.53975e-15
6.69344e-14
6.93182e-15
2.32594e-14
6.20259e-15
2.88519e-14
5.419e-15
6.52425e-14
5.82815e-15
5.53454e-14
5.94447e-15
3.58687e-14
7.08841e-15
1.74808e-14
6.16271e-15
1.43263e-14
5.91632e-15
1.27797e-14
6.15557e-15
1.17784e-14
6.32372e-15
1.09922e-14
7.50419e-15
7.98235e-15
7.65418e-15
9.17e-15
1.21885e-14
6.17012e-15
3.19651e-14
6.17453e-15
3.82759e-14
5.45133e-15
2.00591e-14
5.56362e-15
1.94787e-14
6.34387e-15
1.61185e-14
5.50373e-15
1.97313e-14
5.2545e-15
2.11066e-14
5.70269e-15
2.57684e-14
5.82668e-15
2.75853e-14
5.69493e-15
5.32187e-14
4.92386e-15
6.20178e-14
5.13224e-15
5.80238e-14
5.85774e-15
7.71055e-14
4.96591e-15
7.01265e-14
5.7606e-15
3.64791e-14
5.76464e-15
7.17567e-14
5.03215e-15
1.1288e-13
5.42207e-15
1.67709e-13
5.55778e-15
2.39557e-13
5.87158e-15
5.81728e-13
7.08431e-15
1.33588e-12
5.45006e-15
2.04246e-12
5.3721e-15
3.10675e-12
4.98074e-15
4.16558e-12
5.10121e-15
4.3555e-12
5.54596e-15
2.76813e-12
5.96376e-15
4.78847e-12
5.22915e-15
4.63763e-12
5.61866e-15
8.3778e-12
4.87703e-15
7.9001e-12
5.40884e-15
9.95783e-12
5.37615e-15
1.1976e-11
5.17171e-15
9.87961e-12
6.00521e-15
6.09651e-12
4.68492e-15
5.33637e-12
4.83842e-15
6.468e-12
4.50766e-15
8.70852e-12
4.83115e-15
1.08618e-11
5.18765e-15
1.12016e-11
4.76305e-15
8.5908e-12
5.52324e-15
7.88246e-12
5.02272e-15
5.71748e-12
6.98295e-15
1.97865e-12
5.02308e-15
1.81255e-12
4.8748e-15
1.3936e-12
4.60457e-15
1.18288e-12
5.05006e-15
7.21849e-13
4.71855e-15
6.75987e-13
4.47604e-15
7.82474e-13
5.03837e-15
9.40512e-13
4.79854e-15
1.62389e-12
4.41237e-15
1.76452e-12
4.9181e-15
1.09719e-12
4.50422e-15
1.16015e-12
4.21789e-15
1.41408e-12
4.24471e-15
1.23408e-12
4.49629e-15
6.96735e-13
5.25247e-15
3.37094e-13
5.05259e-15
2.68599e-13
5.10224e-15
2.27049e-13
4.44292e-15
2.38928e-13
4.90417e-15
2.49251e-13
6.43991e-15
1.16981e-13
4.48812e-15
1.33367e-13
4.17395e-15
1.57075e-13
4.68099e-15
1.16998e-13
5.02501e-15
6.5562e-14
4.66946e-15
6.1197e-14
4.17463e-15
5.20973e-14
4.83047e-15
2.15369e-14
5.17501e-15
1.27582e-14
4.72665e-15
9.44213e-15
5.36153e-15
8.59086e-15
5.13826e-15
1.52025e-14
4.65947e-15
1.24153e-14
4.73921e-15
9.55463e-15
5.56996e-15
6.33615e-15
5.90949e-15
6.03812e-15
7.93898e-15
5.32275e-15
5.51412e-15
7.02595e-15
4.75864e-15
1.11204e-14
4.77645e-15
7.83358e-15
5.77727e-15
5.75474e-15
7.1313e-15
6.38218e-15
1.63899e-14
4.56644e-15
3.46565e-14
4.35983e-15
1.72178e-14
4.29773e-15
1.57974e-14
4.8907e-15
2.56534e-14
4.23904e-15
4.04827e-14
4.22205e-15
4.83925e-14
4.2193e-15
6.91962e-14
3.97986e-15
7.81689e-14
4.65337e-15
1.20719e-13
4.79226e-15
2.49688e-13
3.96616e-15
2.65609e-13
4.08424e-15
2.47261e-13
4.45899e-15
1.5113e-13
4.0858e-15
1.5979e-13
4.66479e-15
1.65686e-13
4.00368e-15
1.90821e-13
3.71081e-15
1.09965e-13
3.79187e-15
6.6889e-14
4.56016e-15
1.31264e-13
4.02129e-15
2.27222e-13
5.13954e-15
4.33479e-13
4.70642e-15
1.26504e-12
4.71046e-15
2.22682e-12
4.25645e-15
3.77929e-12
4.43289e-15
2.85915e-12
4.5778e-15
3.23728e-12
4.0722e-15
5.09206e-12
3.88866e-15
6.91625e-12
3.82885e-15
6.01569e-12
3.77671e-15
5.3303e-12
3.97143e-15
6.92465e-12
4.24451e-15
7.14556e-12
4.23443e-15
9.32538e-12
4.31376e-15
8.84175e-12
4.193e-15
9.83804e-12
4.22089e-15
9.59225e-12
3.85328e-15
1.03091e-11
3.62015e-15
5.16373e-12
3.99988e-15
5.03337e-12
4.05134e-15
7.74869e-12
3.66297e-15
7.30278e-12
5.67169e-15
6.76195e-12
4.13127e-15
3.50772e-12
5.27791e-15
1.08893e-12
3.71349e-15
9.91855e-13
3.61644e-15
9.85518e-13
3.588e-15
1.53506e-12
4.2549e-15
1.45859e-12
3.86239e-15
3.11841e-12
3.55871e-15
3.24013e-12
3.79437e-15
2.62107e-12
3.84892e-15
2.64779e-12
3.75838e-15
2.27019e-12
4.09886e-15
2.02257e-12
3.72504e-15
3.24047e-12
3.75299e-15
2.08853e-12
4.26491e-15
1.28667e-12
3.85413e-15
7.1924e-13
4.61304e-15
3.01904e-13
3.78213e-15
5.02401e-13
4.13707e-15
5.03645e-13
4.06375e-15
4.15146e-13
4.21866e-15
1.70531e-13
5.23725e-15
5.42089e-14
3.8122e-15
3.23605e-14
3.94489e-15
2.44281e-14
3.94423e-15
2.29744e-14
3.95189e-15
1.43873e-14
4.3723e-15
8.24975e-15
4.07874e-15
8.16427e-15
4.62742e-15
7.78041e-15
4.34296e-15
1.34264e-14
4.14935e-15
1.06798e-14
4.27013e-15
1.33901e-14
3.98528e-15
1.21093e-14
3.80546e-15
1.28592e-14
4.60148e-15
6.60796e-15
5.35045e-15
4.77351e-15
5.24513e-15
5.03145e-15
4.56861e-15
5.4723e-15
5.3711e-15
4.6494e-15
9.73984e-15
4.06546e-15
1.25673e-14
4.20328e-15
1.36378e-14
4.2541e-15
1.0374e-14
5.71233e-15
2.06288e-14
3.6979e-15
3.09661e-14
4.09331e-15
4.84648e-14
3.81373e-15
6.23011e-14
3.86569e-15
8.38156e-14
3.76473e-15
1.0584e-13
3.64584e-15
1.4284e-13
3.81057e-15
1.9683e-13
3.62186e-15
1.54766e-13
3.73278e-15
1.23156e-13
3.90181e-15
1.93442e-13
3.67631e-15
1.50191e-13
4.2361e-15
1.3106e-13
3.30723e-15
1.17417e-13
3.3421e-15
9.59153e-14
4.73684e-15
2.22888e-13
3.64554e-15
3.75883e-13
3.90479e-15
7.00321e-13
3.83785e-15
8.04476e-13
3.51536e-15
9.36962e-13
3.22859e-15
6.72327e-13
5.96192e-15
2.27101e-12
3.39333e-15
2.61934e-12
3.71853e-15
1.22999e-12
3.77537e-15
1.45373e-12
3.55551e-15
1.78436e-12
4.51536e-15
3.09289e-12
3.71212e-15
5.73363e-12
3.35065e-15
3.6899e-12
3.78765e-15
2.95418e-12
3.54412e-15
3.69681e-12
3.34278e-15
3.31318e-12
3.51859e-15
3.85204e-12
3.56102e-15
3.88581e-12
3.43916e-15
2.72366e-12
3.35181e-15
1.40211e-12
3.37309e-15
6.23166e-13
3.40482e-15
6.43979e-13
4.19578e-15
7.611e-13
3.5958e-15
1.28363e-12
4.236e-15
2.5274e-12
4.2935e-15
7.63511e-12
4.32655e-15
6.64997e-12
3.46875e-15
5.32452e-12
4.12291e-15
4.10983e-12
3.60065e-15
3.15316e-12
3.6949e-15
5.37326e-12
3.38609e-15
7.01303e-12
3.75326e-15
6.95965e-12
3.80793e-15
6.6583e-12
3.85813e-15
4.48638e-12
3.92659e-15
2.21431e-12
3.962e-15
1.22192e-12
3.69479e-15
7.92976e-13
3.5849e-15
7.4788e-13
3.53229e-15
6.14555e-13
3.93857e-15
4.42866e-13
3.649e-15
3.10843e-13
3.70175e-15
3.83069e-13
3.96511e-15
3.85735e-13
3.97487e-15
2.18833e-13
3.95462e-15
1.04124e-13
3.69203e-15
9.74642e-14
3.68013e-15
6.0045e-14
5.03349e-15
1.01787e-14
3.93631e-15
1.12011e-14
3.42638e-15
1.90983e-14
3.28692e-15
2.56304e-14
3.34454e-15
3.49442e-14
4.00041e-15
2.05834e-14
3.58631e-15
1.72965e-14
3.98073e-15
2.51698e-14
3.5252e-15
3.27096e-14
3.70285e-15
2.89796e-14
3.43676e-15
1.74966e-14
3.96171e-15
8.8956e-15
3.6384e-15
1.00508e-14
3.64302e-15
7.7641e-15
4.3936e-15
4.50158e-15
6.24546e-15
3.91036e-15
7.55444e-15
3.79179e-15
9.94056e-15
3.68625e-15
7.70379e-15
5.0498e-15
5.19711e-15
5.38829e-15
1.47446e-14
3.42223e-15
1.74223e-14
3.49926e-15
1.13233e-14
3.98211e-15
1.55104e-14
3.37976e-15
1.22493e-14
3.66921e-15
2.042e-14
3.97318e-15
4.25897e-14
3.63086e-15
7.56441e-14
3.04792e-15
6.42167e-14
3.7576e-15
6.56485e-14
3.8937e-15
1.55621e-13
3.49191e-15
1.44755e-13
3.28607e-15
6.74226e-14
3.79776e-15
1.07554e-13
3.67909e-15
1.92286e-13
3.37616e-15
2.03259e-13
3.50104e-15
2.53401e-13
3.23179e-15
2.67849e-13
2.98243e-15
1.7868e-13
3.26993e-15
1.51614e-13
3.62221e-15
2.22475e-13
4.60419e-15
7.43351e-13
3.60316e-15
1.11604e-12
3.45349e-15
1.16379e-12
3.25307e-15
9.96894e-13
3.04532e-15
3.83912e-13
3.42522e-15
3.98899e-13
3.39383e-15
8.79147e-13
3.0456e-15
9.10404e-13
3.94246e-15
2.1621e-12
3.03312e-15
3.1814e-12
3.26445e-15
3.31417e-12
3.24606e-15
4.76062e-12
3.17638e-15
5.14284e-12
3.38782e-15
6.12009e-12
3.13019e-15
4.01961e-12
3.10144e-15
2.35182e-12
3.39485e-15
2.6684e-12
3.20472e-15
4.00915e-12
3.31295e-15
4.90737e-12
3.52344e-15
6.34524e-12
3.73918e-15
6.05918e-12
3.7979e-15
5.51217e-12
4.13255e-15
2.363e-12
3.3558e-15
1.81682e-12
3.08541e-15
1.7241e-12
3.22689e-15
9.72424e-13
3.70334e-15
7.638e-13
3.18432e-15
9.74104e-13
3.5145e-15
9.26389e-13
3.20089e-15
8.58418e-13
2.8269e-15
1.09403e-12
3.21495e-15
9.8086e-13
3.13129e-15
8.06089e-13
2.9429e-15
7.54628e-13
3.29281e-15
3.99025e-13
2.95599e-15
2.50883e-13
3.15415e-15
1.26787e-13
3.13e-15
1.53159e-13
3.34529e-15
1.36187e-13
3.12713e-15
2.51037e-13
2.83515e-15
4.22527e-13
2.92303e-15
5.03821e-13
4.22458e-15
1.43009e-13
3.46405e-15
7.21482e-14
3.62213e-15
3.96039e-14
2.89295e-15
3.8029e-14
3.1053e-15
1.74709e-14
3.51883e-15
1.07118e-14
2.9589e-15
1.37467e-14
3.16638e-15
8.65938e-15
3.2759e-15
8.9111e-15
2.88224e-15
2.62786e-14
2.8285e-15
2.93089e-14
2.83652e-15
3.19403e-14
2.99655e-15
1.77072e-14
3.87928e-15
7.30452e-15
3.29299e-15
6.55661e-15
3.32327e-15
7.93692e-15
3.38989e-15
6.64389e-15
3.41995e-15
7.7368e-15
3.06649e-15
9.22965e-15
3.34444e-15
5.69697e-15
4.31083e-15
3.9561e-15
7.75629e-15
4.36716e-15
1.05745e-14
3.18477e-15
1.10585e-14
3.39171e-15
1.68155e-14
2.72788e-15
1.41454e-14
2.78144e-15
1.17061e-14
2.94581e-15
1.81492e-14
3.17883e-15
3.66538e-14
2.85409e-15
3.76802e-14
2.86554e-15
3.89346e-14
3.22833e-15
8.98038e-14
2.83108e-15
8.4049e-14
3.05738e-15
4.36795e-14
3.25047e-15
7.11382e-14
2.78397e-15
5.55142e-14
3.0306e-15
7.60481e-14
2.80451e-15
4.80503e-14
2.80342e-15
4.91839e-14
2.65413e-15
4.58889e-14
2.90438e-15
4.65952e-14
4.18895e-15
2.40501e-13
2.96909e-15
5.36321e-13
2.78671e-15
7.32195e-13
3.08439e-15
5.68767e-13
3.02943e-15
5.07922e-13
3.03444e-15
4.60653e-13
3.2509e-15
1.05504e-12
2.66996e-15
8.5202e-13
3.26261e-15
1.52977e-12
2.8698e-15
1.9349e-12
3.06233e-15
2.5287e-12
3.01611e-15
4.74362e-12
2.72114e-15
5.87423e-12
2.56289e-15
4.55265e-12
3.02811e-15
3.76279e-12
2.96336e-15
4.66592e-12
2.77435e-15
3.56954e-12
3.01226e-15
2.61923e-12
2.82663e-15
2.45299e-12
3.47998e-15
4.88467e-12
2.52867e-15
5.39331e-12
2.67939e-15
4.61879e-12
4.14614e-15
5.18762e-12
2.77049e-15
4.70575e-12
2.82906e-15
4.01473e-12
2.92574e-15
2.82623e-12
2.93132e-15
2.0062e-12
2.83193e-15
1.21494e-12
2.79533e-15
2.16485e-12
2.74334e-15
2.79825e-12
2.82959e-15
2.06836e-12
2.88972e-15
1.0026e-12
2.9386e-15
5.9846e-13
2.69322e-15
5.1529e-13
3.03477e-15
5.68386e-13
2.62432e-15
5.96178e-13
2.56811e-15
6.65637e-13
2.60246e-15
5.43144e-13
2.73003e-15
4.34908e-13
2.66681e-15
4.4272e-13
3.43985e-15
3.83615e-13
2.72037e-15
4.95078e-13
3.10947e-15
2.09525e-13
3.71129e-15
5.98004e-14
2.80001e-15
4.33608e-14
2.80773e-15
3.50335e-14
2.47108e-15
3.6368e-14
2.49342e-15
3.78385e-14
2.56486e-15
2.77278e-14
2.615e-15
1.81929e-14
2.68934e-15
2.13684e-14
2.77456e-15
3.14903e-14
2.55459e-15
5.68639e-14
2.60118e-15
5.33008e-14
2.91962e-15
4.4197e-14
3.01995e-15
2.92414e-14
2.70363e-15
2.37038e-14
2.59414e-15
2.08025e-14
2.83402e-15
1.33167e-14
2.88805e-15
9.94567e-15
2.81021e-15
7.07098e-15
2.7642e-15
4.81368e-15
3.75487e-15
3.41717e-15
8.45251e-15
3.54908e-15
1.2678e-14
2.62222e-15
9.61575e-15
2.86104e-15
1.11272e-14
2.52311e-15
1.13803e-14
2.40847e-15
1.16135e-14
2.41646e-15
1.16694e-14
2.49394e-15
1.09404e-14
2.829e-15
1.36866e-14
2.55507e-15
1.37321e-14
2.79555e-15
1.11288e-14
3.01322e-15
2.4677e-14
2.43988e-15
1.72321e-14
3.02799e-15
2.68466e-14
2.48539e-15
1.40972e-14
2.57148e-15
1.06289e-14
2.84866e-15
1.21252e-14
2.50876e-15
1.42167e-14
2.45671e-15
2.12264e-14
2.65769e-15
3.43648e-14
3.38485e-15
1.45565e-13
3.07113e-15
3.87091e-13
2.42745e-15
4.88092e-13
2.37457e-15
4.9716e-13
2.913e-15
5.23893e-13
2.47561e-15
3.91266e-13
2.34936e-15
4.49883e-13
2.5594e-15
5.35286e-13
2.40027e-15
4.57141e-13
2.5391e-15
3.56476e-13
2.88899e-15
5.71559e-13
2.65847e-15
6.35037e-13
2.68725e-15
1.21174e-12
2.72498e-15
1.90291e-12
2.49056e-15
2.76234e-12
2.47461e-15
2.69208e-12
2.59377e-15
3.35835e-12
2.50294e-15
1.70453e-12
2.63841e-15
2.56362e-12
2.55314e-15
4.20984e-12
2.6831e-15
4.93326e-12
3.09064e-15
3.59342e-12
2.95781e-15
3.08756e-12
2.35378e-15
3.31412e-12
2.51926e-15
2.00553e-12
2.59935e-15
1.27816e-12
2.37137e-15
9.85246e-13
3.10488e-15
6.00631e-13
2.42052e-15
9.46941e-13
2.39067e-15
1.66788e-12
2.25912e-15
2.86911e-12
2.39219e-15
2.59417e-12
2.78231e-15
1.44297e-12
2.4522e-15
7.63882e-13
2.58026e-15
6.10121e-13
2.13863e-15
7.33448e-13
2.07711e-15
9.21291e-13
2.20906e-15
1.10159e-12
2.36369e-15
9.25788e-13
2.42794e-15
5.35799e-13
2.50417e-15
7.94669e-13
3.06781e-15
2.37985e-13
2.59635e-15
1.23106e-13
2.24002e-15
1.32208e-13
2.2809e-15
9.5755e-14
2.6915e-15
6.45597e-14
2.24996e-15
7.07804e-14
2.18449e-15
1.10865e-13
2.27415e-15
1.16217e-13
2.34418e-15
6.60952e-14
2.76539e-15
3.38813e-14
2.23108e-15
3.73883e-14
2.3536e-15
3.85426e-14
2.24185e-15
7.59487e-14
2.25214e-15
7.10288e-14
2.09371e-15
7.18332e-14
2.40592e-15
4.52573e-14
2.23084e-15
4.9454e-14
2.46901e-15
2.02348e-14
2.41784e-15
1.56179e-14
2.00313e-15
1.49788e-14
2.28067e-15
9.29698e-15
2.74785e-15
3.19518e-15
4.3294e-15
2.49225e-15
4.19378e-15
3.29563e-15
2.93576e-15
3.2419e-15
3.2665e-15
2.78954e-15
3.5134e-15
2.96792e-15
2.64343e-15
3.86139e-15
2.59399e-15
3.23529e-15
2.48064e-15
3.21769e-15
3.02543e-15
2.4773e-15
4.26109e-15
2.32457e-15
4.08384e-15
2.31975e-15
5.67892e-15
2.3769e-15
1.13005e-14
1.99633e-15
1.00612e-14
2.33239e-15
5.60786e-15
2.33971e-15
7.79922e-15
2.19801e-15
1.72628e-14
1.88555e-15
1.51004e-14
1.87446e-15
1.09988e-14
2.61741e-15
2.92209e-14
2.3899e-15
8.1132e-14
2.3176e-15
1.34987e-13
1.99246e-15
1.37065e-13
1.96726e-15
1.08808e-13
1.92105e-15
1.00487e-13
2.33311e-15
1.72659e-13
2.03596e-15
1.7049e-13
2.23112e-15
1.42509e-13
2.03963e-15
1.70519e-13
2.0879e-15
2.13144e-13
1.93602e-15
2.95502e-13
2.04129e-15
5.92364e-13
2.39267e-15
1.35648e-12
1.81525e-15
1.78955e-12
1.93065e-15
2.09675e-12
1.99604e-15
2.45108e-12
1.71882e-15
2.9127e-12
1.86112e-15
2.54587e-12
1.9953e-15
1.78463e-12
1.70301e-15
1.86478e-12
1.76768e-15
1.77698e-12
2.12045e-15
1.61406e-12
2.41818e-15
3.38016e-12
2.17099e-15
3.82919e-12
1.75049e-15
4.75645e-12
1.65987e-15
5.19068e-12
1.70658e-15
4.69953e-12
2.04811e-15
2.89092e-12
1.97154e-15
2.4292e-12
1.66287e-15
4.90547e-12
1.65446e-15
4.51341e-12
1.94555e-15
4.37864e-12
1.74586e-15
4.94397e-12
1.71959e-15
4.52445e-12
1.87656e-15
4.59997e-12
1.75149e-15
4.47164e-12
1.85858e-15
4.07934e-12
1.85738e-15
3.48261e-12
1.8317e-15
2.69667e-12
2.18443e-15
1.91676e-12
1.78771e-15
1.99597e-12
1.80708e-15
1.62127e-12
1.96362e-15
2.02351e-12
1.93771e-15
1.37879e-12
2.20677e-15
5.91278e-13
2.26714e-15
2.40365e-13
1.78033e-15
1.64635e-13
1.88491e-15
7.45782e-14
1.92414e-15
3.89043e-14
1.71924e-15
3.25238e-14
1.77876e-15
2.28576e-14
1.71903e-15
1.87674e-14
1.66965e-15
1.86204e-14
1.69824e-15
3.39264e-14
1.63422e-15
5.36947e-14
1.85199e-15
3.34041e-14
1.71483e-15
2.72042e-14
1.53465e-15
2.97595e-14
1.76732e-15
2.82876e-14
1.63178e-15
4.38185e-14
1.57677e-15
3.95003e-14
1.7831e-15
1.78145e-14
1.6065e-15
1.31967e-14
1.61556e-15
1.22114e-14
1.80505e-15
8.83567e-15
1.9281e-15
6.54622e-15
2.43724e-15
3.77927e-15
1.85038e-15
3.01166e-15
1.9343e-15
3.45664e-15
1.69992e-15
3.76318e-15
1.80065e-15
2.58716e-15
2.564e-15
1.91207e-15
2.87862e-15
1.69991e-15
3.3932e-15
1.80265e-15
5.73443e-15
1.85856e-15
9.94475e-15
1.77365e-15
1.11683e-14
1.74407e-15
1.32552e-14
1.55515e-15
9.07107e-15
1.79422e-15
6.86776e-15
1.64203e-15
8.69127e-15
1.52631e-15
8.1016e-15
1.5994e-15
7.95087e-15
1.62378e-15
1.22538e-14
1.73038e-15
2.03826e-14
1.7137e-15
4.96931e-14
1.49533e-15
5.72387e-14
1.56193e-15
6.37087e-14
1.67816e-15
9.31455e-14
2.12839e-15
3.02325e-13
1.58654e-15
2.5616e-13
1.5644e-15
3.02182e-13
1.38201e-15
2.79128e-13
1.32976e-15
1.98573e-13
1.52207e-15
2.1157e-13
1.6044e-15
3.15796e-13
1.5782e-15
2.58259e-13
1.60327e-15
4.2094e-13
1.42139e-15
5.24751e-13
1.68694e-15
8.50233e-13
1.56028e-15
1.27027e-12
1.39068e-15
9.53862e-13
1.40041e-15
6.05735e-13
1.44341e-15
2.95095e-13
1.47249e-15
3.85458e-13
1.44559e-15
5.48276e-13
1.57061e-15
7.16443e-13
1.35555e-15
7.28804e-13
1.55572e-15
9.97019e-13
1.80764e-15
2.71756e-12
1.83788e-15
2.40171e-12
1.55142e-15
1.79126e-12
1.41615e-15
1.60762e-12
1.4051e-15
2.83415e-12
1.32059e-15
3.80005e-12
1.31414e-15
3.30918e-12
1.30885e-15
2.55684e-12
1.49264e-15
2.60308e-12
1.43559e-15
3.23679e-12
1.40629e-15
3.17395e-12
1.65408e-15
2.98637e-12
1.46288e-15
2.5831e-12
1.5574e-15
1.38042e-12
1.38665e-15
1.60248e-12
1.33167e-15
1.22234e-12
1.60699e-15
9.24431e-13
1.33325e-15
1.55889e-12
1.33428e-15
2.7286e-12
1.28983e-15
2.29748e-12
1.53716e-15
5.49135e-13
1.81894e-15
1.76359e-13
1.35041e-15
1.85288e-13
1.36139e-15
2.29558e-13
1.35027e-15
2.28398e-13
1.42288e-15
2.00222e-13
1.47873e-15
1.52863e-13
1.30745e-15
1.35107e-13
1.31008e-15
1.21006e-13
1.441e-15
1.36861e-13
1.31497e-15
2.33782e-13
1.45573e-15
9.63382e-14
1.43502e-15
4.68953e-14
1.47804e-15
2.26367e-14
1.51529e-15
1.40371e-14
1.33449e-15
1.16177e-14
1.22686e-15
7.96688e-15
1.66056e-15
4.97993e-15
1.2975e-15
3.96006e-15
1.45858e-15
2.93841e-15
1.37319e-15
5.91052e-15
1.58027e-15
4.09749e-15
1.3312e-15
5.72879e-15
1.57723e-15
2.67291e-15
1.88823e-15
1.92648e-15
1.55801e-15
1.91548e-15
2.20229e-15
1.51401e-15
2.19118e-15
1.63922e-15
1.93925e-15
1.58536e-15
3.22901e-15
1.25002e-15
3.21179e-15
1.40574e-15
2.90964e-15
1.6485e-15
6.34036e-15
1.28924e-15
5.48898e-15
1.51769e-15
3.83518e-15
1.38166e-15
4.26261e-15
1.39768e-15
8.12769e-15
1.32548e-15
1.13337e-14
1.31828e-15
1.11824e-14
1.22712e-15
1.22524e-14
1.26326e-15
1.88318e-14
1.24509e-15
1.89262e-14
1.29899e-15
1.44877e-14
1.134e-15
1.45621e-14
1.86198e-15
3.34109e-14
1.26414e-15
6.48502e-14
1.24556e-15
3.17845e-14
1.31663e-15
2.76867e-14
1.53103e-15
6.96963e-14
1.15647e-15
7.22204e-14
1.09204e-15
4.98492e-14
1.3151e-15
6.52919e-14
1.2372e-15
1.17203e-13
1.12886e-15
1.17546e-13
1.38991e-15
1.98625e-13
1.17205e-15
2.69104e-13
1.12863e-15
1.77209e-13
1.29517e-15
9.20141e-14
1.27245e-15
1.03118e-13
1.16641e-15
9.24346e-14
1.39939e-15
9.3503e-14
1.20905e-15
1.02769e-13
1.42122e-15
2.23361e-13
1.2237e-15
2.40307e-13
1.27964e-15
3.28057e-13
1.15427e-15
3.2994e-13
1.4305e-15
6.29293e-13
1.18774e-15
7.89666e-13
1.8527e-15
1.81232e-12
1.19664e-15
2.28639e-12
1.45445e-15
1.82324e-12
1.25758e-15
2.51707e-12
1.13627e-15
2.20643e-12
1.23477e-15
2.32249e-12
1.2189e-15
3.02368e-12
1.18035e-15
2.9376e-12
1.19986e-15
2.92888e-12
1.14628e-15
2.9671e-12
1.24707e-15
2.27239e-12
1.31544e-15
2.30775e-12
1.24204e-15
1.9656e-12
1.4092e-15
1.19488e-12
1.21408e-15
1.60771e-12
1.10733e-15
2.55628e-12
1.25169e-15
1.75618e-12
1.22853e-15
1.02636e-12
1.25473e-15
9.20794e-13
1.0921e-15
7.68541e-13
1.27203e-15
6.08179e-13
1.14413e-15
5.19145e-13
1.20892e-15
3.06126e-13
1.18936e-15
1.63865e-13
1.54771e-15
3.57512e-14
1.32328e-15
4.48476e-14
1.31119e-15
3.20698e-14
1.1519e-15
2.43582e-14
1.18919e-15
2.50162e-14
1.10706e-15
3.54792e-14
1.06741e-15
5.2496e-14
1.12472e-15
5.01807e-14
1.2901e-15
2.96674e-14
1.15396e-15
2.98246e-14
1.11876e-15
2.32743e-14
1.27168e-15
1.77333e-14
1.06438e-15
1.71157e-14
1.10527e-15
1.39315e-14
1.181e-15
2.62717e-14
1.04648e-15
3.97542e-14
1.21235e-15
1.95598e-14
1.24077e-15
1.58689e-14
1.0398e-15
1.72424e-14
1.10479e-15
1.40527e-14
1.09119e-15
8.07238e-15
1.2336e-15
3.20841e-15
1.56892e-15
1.58566e-15
2.3561e-15
1.37748e-15
4.53581e-15
1.14744e-15
3.87541e-15
1.18869e-15
3.74934e-15
1.33214e-15
3.73297e-15
1.16786e-15
2.8279e-15
1.10919e-15
2.88129e-15
1.02546e-15
3.36319e-15
1.01129e-15
3.44274e-15
1.08241e-15
2.87894e-15
1.05995e-15
2.48414e-15
1.10929e-15
3.02552e-15
1.12103e-15
4.32177e-15
1.14387e-15
5.32169e-15
1.00413e-15
3.90047e-15
1.29005e-15
2.62834e-15
1.14168e-15
2.14237e-15
1.30819e-15
2.65461e-15
1.04476e-15
2.59726e-15
1.29711e-15
3.0751e-15
1.27519e-15
7.39166e-15
1.33323e-15
2.38101e-14
1.03366e-15
1.8354e-14
9.76197e-16
2.11932e-14
1.04947e-15
3.30938e-14
1.04802e-15
4.73734e-14
1.00607e-15
4.29862e-14
1.00416e-15
2.5946e-14
1.08502e-15
1.71225e-14
1.22186e-15
2.97866e-14
1.06631e-15
6.1477e-14
1.01216e-15
7.10689e-14
1.22144e-15
1.28607e-13
1.00365e-15
1.70709e-13
1.23534e-15
3.59724e-13
9.75826e-16
6.87471e-13
1.07511e-15
1.11095e-12
1.02525e-15
1.49958e-12
9.32001e-16
7.85291e-13
1.07587e-15
5.92327e-13
1.07856e-15
5.98225e-13
9.37976e-16
4.01506e-13
1.03752e-15
5.25506e-13
9.63744e-16
5.46737e-13
1.2775e-15
1.01287e-12
1.09553e-15
2.50511e-12
9.79716e-16
2.14725e-12
1.15351e-15
1.53114e-12
8.85553e-16
1.96409e-12
9.32595e-16
1.83952e-12
1.13703e-15
1.28001e-12
9.5141e-16
1.77144e-12
1.09561e-15
1.70474e-12
9.44216e-16
1.49548e-12
9.50379e-16
7.4079e-13
1.06278e-15
4.82566e-13
9.66841e-16
4.07231e-13
9.56901e-16
4.94651e-13
9.02454e-16
6.75076e-13
9.45015e-16
5.56685e-13
9.58363e-16
4.66113e-13
8.45606e-16
4.98823e-13
8.70076e-16
4.91925e-13
1.04649e-15
5.93246e-13
9.23218e-16
6.77876e-13
1.22148e-15
2.52186e-13
1.02812e-15
9.84854e-14
1.21743e-15
4.75494e-14
8.56478e-16
4.9632e-14
8.7862e-16
3.9123e-14
8.61687e-16
4.65844e-14
8.79946e-16
4.23608e-14
8.88183e-16
3.34862e-14
1.01091e-15
1.5077e-14
9.82046e-16
1.33944e-14
9.36449e-16
2.22274e-14
8.94664e-16
2.48936e-14
8.42392e-16
4.20591e-14
8.84438e-16
4.07772e-14
9.48221e-16
2.90228e-14
8.39629e-16
2.56591e-14
8.96718e-16
2.13511e-14
8.60646e-16
2.16664e-14
9.25167e-16
1.93692e-14
8.54282e-16
1.49253e-14
8.89304e-16
7.64447e-15
1.06695e-15
2.48408e-15
1.2163e-15
2.39348e-15
9.80614e-16
2.78614e-15
8.96405e-16
2.94703e-15
8.82685e-16
2.75374e-15
8.49419e-16
2.42511e-15
1.13107e-15
1.38666e-15
9.60067e-16
1.46014e-15
1.07875e-15
1.25583e-15
1.38202e-15
1.34125e-15
1.25375e-15
1.10133e-15
1.73189e-15
9.15311e-16
1.89796e-15
1.1581e-15
3.39462e-15
8.55325e-16
3.40487e-15
9.76124e-16
1.77894e-15
9.63397e-16
2.48692e-15
8.03968e-16
3.58462e-15
8.15534e-16
3.40961e-15
1.01915e-15
6.93393e-15
7.76605e-16
7.63606e-15
7.95173e-16
5.28383e-15
1.27143e-15
2.64228e-14
7.94453e-16
5.49949e-14
8.2197e-16
6.73417e-14
9.45867e-16
6.28117e-14
7.5793e-16
4.1682e-14
9.52843e-16
4.49608e-14
8.68085e-16
7.65524e-14
8.24939e-16
6.74841e-14
7.65118e-16
5.65906e-14
9.24501e-16
7.06363e-14
7.95804e-16
9.96742e-14
7.91128e-16
1.39764e-13
7.43925e-16
1.30942e-13
7.19751e-16
1.27839e-13
7.74714e-16
1.51515e-13
8.6809e-16
1.76632e-13
8.00292e-16
1.15758e-13
8.39896e-16
1.05485e-13
7.4297e-16
1.19788e-13
7.67394e-16
1.8809e-13
8.61914e-16
3.6725e-13
1.0197e-15
1.30624e-12
8.10178e-16
1.60543e-12
8.0013e-16
1.91998e-12
7.68269e-16
1.58502e-12
9.14149e-16
1.64282e-12
8.35582e-16
1.27585e-12
7.61028e-16
1.4711e-12
7.19336e-16
1.94537e-12
7.63232e-16
1.7792e-12
7.32704e-16
1.83962e-12
7.3681e-16
1.78602e-12
7.3162e-16
1.77725e-12
7.24982e-16
1.74857e-12
7.43906e-16
1.38918e-12
7.80396e-16
1.25295e-12
7.31545e-16
1.06226e-12
8.66121e-16
6.48197e-13
7.30622e-16
6.20052e-13
7.84355e-16
7.91642e-13
6.91658e-16
1.42155e-12
7.40442e-16
1.21228e-12
8.26922e-16
6.05599e-13
9.78489e-16
2.26422e-13
8.3922e-16
1.12276e-13
7.57962e-16
1.51162e-13
7.09696e-16
8.45509e-14
7.6653e-16
5.25676e-14
6.77203e-16
5.05592e-14
6.96283e-16
5.11833e-14
6.81887e-16
5.30138e-14
7.25886e-16
5.26794e-14
7.37217e-16
8.97247e-14
7.01721e-16
8.53854e-14
6.63921e-16
5.65963e-14
7.76039e-16
2.35846e-14
7.12864e-16
1.88937e-14
7.34211e-16
9.30425e-15
8.17292e-16
4.79832e-15
7.05116e-16
4.18589e-15
6.71219e-16
6.46393e-15
6.41776e-16
8.0547e-15
8.11841e-16
4.11652e-15
6.61616e-16
6.42462e-15
6.77677e-16
7.56483e-15
1.0052e-15
2.33571e-15
7.0513e-16
2.11773e-15
6.8669e-16
1.63729e-15
8.12924e-16
1.41169e-15
6.80447e-16
1.40684e-15
8.10474e-16
9.81741e-16
9.36704e-16
1.03377e-15
8.30304e-16
1.01618e-15
1.05114e-15
7.45006e-16
1.56154e-15
6.45736e-16
1.32539e-15
1.12204e-15
8.28667e-16
1.03706e-15
1.00902e-15
9.57246e-16
8.9332e-16
8.1322e-16
1.04868e-15
8.20039e-16
1.24553e-15
7.82808e-16
1.37736e-15
8.02493e-16
1.1767e-15
8.47571e-16
2.01353e-15
6.57131e-16
3.65447e-15
6.28222e-16
4.21819e-15
8.36877e-16
1.06678e-14
8.02833e-16
3.44791e-14
6.26202e-16
2.12448e-14
6.63425e-16
1.64509e-14
7.26332e-16
3.39651e-14
6.57019e-16
4.00531e-14
6.60398e-16
5.54156e-14
7.15971e-16
9.98167e-14
7.08283e-16
1.59345e-13
7.0246e-16
3.6104e-13
6.64859e-16
6.24518e-13
6.79693e-16
8.57227e-13
6.48979e-16
7.06708e-13
6.34183e-16
8.30699e-13
6.18857e-16
5.0585e-13
5.84358e-16
3.29889e-13
6.63996e-16
4.67015e-13
5.89359e-16
4.35445e-13
5.95783e-16
3.44022e-13
5.90837e-16
3.65845e-13
5.80364e-16
3.27282e-13
7.57256e-16
5.48377e-13
7.31087e-16
1.4136e-12
5.68962e-16
1.46404e-12
5.65357e-16
1.55575e-12
6.02485e-16
1.33215e-12
5.98221e-16
8.91477e-13
5.89325e-16
7.41732e-13
6.37827e-16
8.62799e-13
5.83625e-16
1.01531e-12
5.42411e-16
7.60465e-13
6.04167e-16
6.18825e-13
6.37494e-16
7.12597e-13
6.15151e-16
6.40731e-13
7.13291e-16
1.28926e-12
5.66611e-16
1.40376e-12
5.99539e-16
1.33852e-12
6.96423e-16
1.0303e-12
6.25444e-16
1.19663e-12
6.717e-16
1.11216e-12
5.90214e-16
1.22909e-12
6.42253e-16
6.11994e-13
7.59026e-16
1.48786e-13
6.76423e-16
6.63714e-14
5.58129e-16
4.09983e-14
6.7171e-16
1.88717e-14
5.57371e-16
1.88385e-14
5.36851e-16
2.78942e-14
5.47342e-16
3.40739e-14
6.34259e-16
3.4996e-14
5.62544e-16
5.84402e-14
6.20078e-16
5.29951e-14
6.11813e-16
5.50424e-14
5.84621e-16
4.17638e-14
6.06328e-16
2.2131e-14
5.0757e-16
1.93781e-14
5.12102e-16
1.91547e-14
5.70418e-16
1.53011e-14
6.4818e-16
8.49994e-15
5.27012e-16
1.02536e-14
5.1304e-16
8.97047e-15
6.4484e-16
6.38891e-15
7.46996e-16
3.51708e-15
5.97557e-16
2.40096e-15
6.43245e-16
1.55412e-15
5.68933e-16
1.64844e-15
5.13298e-16
2.39512e-15
5.4359e-16
2.40048e-15
6.08933e-16
2.04523e-15
5.64308e-16
2.86409e-15
5.43046e-16
1.69629e-15
7.69043e-16
7.64166e-16
7.26322e-16
7.60594e-16
7.31563e-16
8.13598e-16
9.10361e-16
9.84393e-16
5.74905e-16
1.01637e-15
8.20694e-16
6.638e-16
9.96114e-16
6.38248e-16
1.50051e-15
6.00387e-16
2.74959e-15
5.08207e-16
2.34909e-15
5.33313e-16
2.62471e-15
5.72033e-16
3.09361e-15
7.46769e-16
8.96098e-15
5.72689e-16
2.22672e-14
5.15848e-16
2.23149e-14
5.16035e-16
1.29744e-14
5.52393e-16
8.96914e-15
4.98955e-16
8.44516e-15
5.18248e-16
5.71333e-15
5.36804e-16
6.09106e-15
5.3074e-16
7.37073e-15
5.19005e-16
1.15409e-14
4.95693e-16
1.25137e-14
4.86607e-16
1.08762e-14
5.12924e-16
1.17705e-14
5.2033e-16
1.78842e-14
5.14491e-16
2.89272e-14
6.01908e-16
3.97537e-14
4.69867e-16
2.25205e-14
4.61419e-16
1.91743e-14
5.08937e-16
2.40146e-14
7.52333e-16
9.91138e-14
4.86451e-16
1.64104e-13
5.70644e-16
2.39274e-13
5.69001e-16
3.64489e-13
5.00479e-16
4.46385e-13
5.12925e-16
3.56105e-13
5.18426e-16
6.55909e-13
4.75777e-16
8.18724e-13
5.48097e-16
1.10482e-12
4.56465e-16
6.25295e-13
5.22972e-16
8.45339e-13
4.4737e-16
7.91006e-13
4.68543e-16
6.57592e-13
5.54541e-16
9.5137e-13
5.09523e-16
1.08674e-12
5.22534e-16
9.49533e-13
4.85483e-16
9.12879e-13
4.94301e-16
6.40904e-13
4.6553e-16
4.24551e-13
4.9537e-16
2.47027e-13
4.62923e-16
5.46565e-13
4.71975e-16
2.77317e-13
6.61488e-16
1.44014e-13
4.3833e-16
2.17071e-13
4.52335e-16
2.45254e-13
4.4768e-16
1.99683e-13
4.42674e-16
1.11626e-13
5.37904e-16
8.15271e-14
4.03364e-16
8.43306e-14
4.2675e-16
6.56847e-14
4.93739e-16
5.59336e-14
4.21102e-16
5.5408e-14
4.57404e-16
7.74101e-14
5.00092e-16
7.15095e-14
4.11599e-16
9.74275e-14
4.23478e-16
7.13248e-14
5.69325e-16
2.38192e-14
4.33967e-16
2.61278e-14
4.09808e-16
2.60102e-14
4.3182e-16
2.99672e-14
4.45252e-16
2.37732e-14
6.40093e-16
7.92405e-15
4.53579e-16
8.30013e-15
4.49174e-16
5.73439e-15
4.34351e-16
6.14851e-15
4.70856e-16
7.41492e-15
4.63451e-16
8.11132e-15
4.30198e-16
7.86333e-15
4.55496e-16
4.22192e-15
4.79759e-16
2.19557e-15
4.09294e-16
2.70476e-15
3.84719e-16
2.85181e-15
5.15744e-16
1.19525e-15
4.67269e-16
9.7e-16
5.15432e-16
6.46983e-16
4.95411e-16
6.03926e-16
5.85896e-16
7.44733e-16
5.45061e-16
8.03919e-16
4.57181e-16
6.54221e-16
4.74246e-16
7.42171e-16
4.75274e-16
1.03243e-15
5.59252e-16
5.12947e-16
1.09919e-15
4.11274e-16
1.20267e-15
4.43004e-16
2.25198e-15
3.7963e-16
2.44442e-15
3.82605e-16
2.00056e-15
3.95361e-16
1.76907e-15
4.61881e-16
2.79709e-15
4.47591e-16
2.2935e-15
4.38657e-16
2.78916e-15
4.34346e-16
4.42662e-15
4.05723e-16
7.93168e-15
3.98043e-16
8.36341e-15
4.10766e-16
9.90304e-15
3.855e-16
1.11539e-14
3.68567e-16
1.48606e-14
3.96478e-16
1.79136e-14
3.8017e-16
1.36801e-14
4.07305e-16
1.47742e-14
3.65873e-16
1.5283e-14
4.54155e-16
1.53418e-14
4.43277e-16
2.68106e-14
4.45065e-16
3.23663e-14
3.75272e-16
4.20121e-14
3.79477e-16
5.62099e-14
3.63894e-16
6.22986e-14
4.08894e-16
7.95856e-14
3.67354e-16
1.09659e-13
4.25032e-16
1.94265e-13
4.04835e-16
3.37131e-13
4.03087e-16
4.72051e-13
3.72119e-16
6.86877e-13
3.59048e-16
4.22616e-13
3.68765e-16
3.14285e-13
4.20622e-16
6.06743e-13
3.48421e-16
6.48373e-13
3.95233e-16
6.7887e-13
3.7345e-16
6.86244e-13
3.85549e-16
7.48962e-13
3.8543e-16
8.63934e-13
3.51961e-16
7.95574e-13
3.52739e-16
5.32186e-13
5.14725e-16
1.50437e-13
3.70211e-16
1.16336e-13
3.51891e-16
1.96572e-13
3.87544e-16
1.62573e-13
3.94966e-16
1.31909e-13
3.76972e-16
8.78903e-14
3.45751e-16
6.9113e-14
3.89764e-16
4.22626e-14
3.42405e-16
4.07799e-14
3.29586e-16
4.22395e-14
3.17899e-16
3.29119e-14
3.40219e-16
2.13622e-14
3.13962e-16
4.16076e-14
3.49469e-16
3.02435e-14
3.44892e-16
3.61675e-14
3.06159e-16
9.84395e-14
3.09598e-16
1.29859e-13
3.522e-16
9.35438e-14
3.6456e-16
6.73865e-14
3.25616e-16
3.68297e-14
4.92778e-16
7.20003e-15
3.27875e-16
6.98217e-15
3.4382e-16
4.12579e-15
3.4357e-16
4.09858e-15
3.16922e-16
3.32205e-15
3.29274e-16
1.99508e-15
4.01507e-16
2.14782e-15
3.3637e-16
2.03783e-15
3.45367e-16
1.09865e-15
3.53042e-16
8.9025e-16
3.4775e-16
1.04374e-15
3.06355e-16
2.03522e-15
3.00389e-16
2.19875e-15
3.28939e-16
1.6459e-15
3.64195e-16
1.10024e-15
3.9705e-16
5.48548e-16
4.22861e-16
5.63368e-16
3.90616e-16
4.91504e-16
5.42869e-16
4.12594e-16
4.88622e-16
6.31456e-16
3.57966e-16
7.09951e-16
5.2071e-16
3.9047e-16
9.51358e-16
3.18406e-16
1.12334e-15
3.34087e-16
1.42171e-15
3.61474e-16
2.88667e-15
3.15028e-16
4.38075e-15
3.16997e-16
6.13943e-15
3.12853e-16
8.52015e-15
2.83648e-16
6.65618e-15
2.74146e-16
2.8058e-15
3.00029e-16
1.76436e-15
3.62971e-16
1.68792e-15
3.05844e-16
1.17318e-15
3.02126e-16
1.59349e-15
3.04205e-16
1.77654e-15
2.90214e-16
1.32672e-15
3.02651e-16
1.61055e-15
3.48132e-16
3.63725e-15
3.02723e-16
4.83323e-15
3.32623e-16
7.06992e-15
4.11084e-16
3.47951e-14
3.19508e-16
5.96435e-14
3.21828e-16
3.74724e-14
3.46397e-16
6.16342e-14
3.11005e-16
7.36088e-14
3.1533e-16
1.16109e-13
3.02135e-16
1.59866e-13
2.85416e-16
1.13581e-13
3.10215e-16
1.18544e-13
3.56526e-16
1.83612e-13
3.01594e-16
2.511e-13
2.72521e-16
1.98041e-13
3.41612e-16
3.45126e-13
2.85396e-16
5.55585e-13
2.96081e-16
5.00496e-13
3.0581e-16
3.57507e-13
2.73834e-16
2.88051e-13
2.60733e-16
2.59858e-13
2.75327e-16
1.86867e-13
3.14836e-16
3.06283e-13
2.80419e-16
4.59794e-13
4.05722e-16
4.26341e-13
3.13188e-16
2.49121e-13
2.97178e-16
2.21925e-13
2.623e-16
2.84499e-13
3.03545e-16
2.98495e-13
2.81805e-16
3.87301e-13
2.85407e-16
4.88291e-13
3.18652e-16
4.98298e-13
2.66575e-16
5.47945e-13
3.22157e-16
2.40159e-13
2.75756e-16
2.15931e-13
3.07644e-16
1.24152e-13
2.90712e-16
1.01118e-13
2.55411e-16
1.12298e-13
2.70482e-16
1.40468e-13
2.50694e-16
1.65417e-13
2.70519e-16
1.13206e-13
3.03363e-16
1.26302e-13
3.10221e-16
1.13037e-13
3.05033e-16
9.45216e-14
2.96781e-16
6.31083e-14
3.26491e-16
2.38999e-14
3.50198e-16
1.0127e-14
3.09658e-16
3.85593e-15
3.02961e-16
3.57139e-15
2.81649e-16
3.58749e-15
3.12657e-16
1.70561e-15
2.70847e-16
1.19682e-15
2.82305e-16
7.67137e-16
3.04765e-16
8.47779e-16
2.64769e-16
2.13547e-15
2.59816e-16
1.75173e-15
2.92983e-16
1.14692e-15
2.53525e-16
1.43051e-15
2.37734e-16
1.75752e-15
2.45e-16
2.09062e-15
2.90062e-16
1.16187e-15
2.73548e-16
1.16892e-15
2.67937e-16
1.13343e-15
2.72566e-16
8.2703e-16
3.06543e-16
9.4225e-16
2.96542e-16
8.67225e-16
3.82616e-16
5.10902e-16
3.57122e-16
4.65491e-16
3.0769e-16
3.92767e-16
3.46399e-16
3.82031e-16
4.12672e-16
3.18845e-16
5.38352e-16
2.94339e-16
4.7649e-16
3.1849e-16
7.60371e-16
2.47623e-16
6.51167e-16
3.13327e-16
6.35468e-16
2.79741e-16
9.50681e-16
3.32898e-16
2.14032e-15
2.5353e-16
2.04298e-15
2.56138e-16
9.55643e-16
2.69446e-16
6.68919e-16
3.0014e-16
9.57672e-16
2.78106e-16
1.94836e-15
2.8736e-16
2.77344e-15
2.78076e-16
6.31357e-15
2.69071e-16
6.78105e-15
2.93432e-16
8.54291e-15
2.62414e-16
1.15181e-14
2.97841e-16
1.75331e-14
3.3985e-16
6.95045e-14
2.64141e-16
1.05897e-13
2.71899e-16
7.4464e-14
2.7135e-16
6.35454e-14
2.45388e-16
7.78558e-14
2.75499e-16
1.3831e-13
2.48535e-16
1.44483e-13
2.33597e-16
1.61336e-13
2.40138e-16
1.98878e-13
2.66203e-16
3.10529e-13
2.41536e-16
3.72352e-13
2.3897e-16
3.84256e-13
2.31825e-16
2.4634e-13
2.34715e-16
1.0814e-13
2.72125e-16
9.4402e-14
2.66508e-16
9.91986e-14
2.36096e-16
1.10919e-13
2.41062e-16
9.85061e-14
2.94591e-16
1.33711e-13
3.19176e-16
4.65029e-13
2.28219e-16
5.12474e-13
2.80978e-16
4.80365e-13
2.57899e-16
5.67391e-13
2.78643e-16
2.59399e-13
2.55565e-16
3.45055e-13
2.20536e-16
