# vtk DataFile Version 2.0
TET
ASCII

DATASET UNSTRUCTURED_GRID
POINTS 501 float
0 -0.5 0
50 0 0
-50 0 0
0 0 -1
0 0.5 0
50 1 0
-50 1 0
0 1 -1
0 1.5 0
50 2 0
-50 2 0
0 2 -1
0 2.5 0
50 3 0
-50 3 0
0 3 -1
0 3.5 0
50 4 0
-50 4 0
0 4 -1
0 4.5 0
50 5 0
-50 5 0
0 5 -1
0 5.5 0
50 6 0
-50 6 0
0 6 -1
0 6.5 0
50 7 0
-50 7 0
0 7 -1
0 7.5 0
50 8 0
-50 8 0
0 8 -1
0 8.5 0
50 9 0
-50 9 0
0 9 -1
0 9.5 0
50 10 0
-50 10 0
0 10 -1
0 10.5 0
50 11 0
-50 11 0
0 11 -1
0 11.5 0
50 12 0
-50 12 0
0 12 -1
0 12.5 0
50 13 0
-50 13 0
0 13 -1
0 13.5 0
50 14 0
-50 14 0
0 14 -1
0 14.5 0
50 15 0
-50 15 0
0 15 -1
0 15.5 0
50 16 0
-50 16 0
0 16 -1
0 16.5 0
50 17 0
-50 17 0
0 17 -1
0 17.5 0
50 18 0
-50 18 0
0 18 -1
0 18.5 0
50 19 0
-50 19 0
0 19 -1
0 19.5 0
50 20 0
-50 20 0
0 20 -1
0 20.5 0
50 21 0
-50 21 0
0 21 -1
0 21.5 0
50 22 0
-50 22 0
0 22 -1
0 22.5 0
50 23 0
-50 23 0
0 23 -1
0 23.5 0
50 24 0
-50 24 0
0 24 -1
0 24.5 0
50 25 0
-50 25 0
0 25 -1
0 25.5 0
50 26 0
-50 26 0
0 26 -1
0 26.5 0
50 27 0
-50 27 0
0 27 -1
0 27.5 0
50 28 0
-50 28 0
0 28 -1
0 28.5 0
50 29 0
-50 29 0
0 29 -1
0 29.5 0
50 30 0
-50 30 0
0 30 -1
0 30.5 0
50 31 0
-50 31 0
0 31 -1
0 31.5 0
50 32 0
-50 32 0
0 32 -1
0 32.5 0
50 33 0
-50 33 0
0 33 -1
0 33.5 0
50 34 0
-50 34 0
0 34 -1
0 34.5 0
50 35 0
-50 35 0
0 35 -1
0 35.5 0
50 36 0
-50 36 0
0 36 -1
0 36.5 0
50 37 0
-50 37 0
0 37 -1
0 37.5 0
50 38 0
-50 38 0
0 38 -1
0 38.5 0
50 39 0
-50 39 0
0 39 -1
0 39.5 0
50 40 0
-50 40 0
0 40 -1
0 40.5 0
50 41 0
-50 41 0
0 41 -1
0 41.5 0
50 42 0
-50 42 0
0 42 -1
0 42.5 0
50 43 0
-50 43 0
0 43 -1
0 43.5 0
50 44 0
-50 44 0
0 44 -1
0 44.5 0
50 45 0
-50 45 0
0 45 -1
0 45.5 0
50 46 0
-50 46 0
0 46 -1
0 46.5 0
50 47 0
-50 47 0
0 47 -1
0 47.5 0
50 48 0
-50 48 0
0 48 -1
0 48.5 0
50 49 0
-50 49 0
0 49 -1
0 49.5 0
50 50 0
-50 50 0
0 50 -1
0 50.5 0
50 51 0
-50 51 0
0 51 -1
0 51.5 0
50 52 0
-50 52 0
0 52 -1
0 52.5 0
50 53 0
-50 53 0
0 53 -1
0 53.5 0
50 54 0
-50 54 0
0 54 -1
0 54.5 0
50 55 0
-50 55 0
0 55 -1
0 55.5 0
50 56 0
-50 56 0
0 56 -1
0 56.5 0
50 57 0
-50 57 0
0 57 -1
0 57.5 0
50 58 0
-50 58 0
0 58 -1
0 58.5 0
50 59 0
-50 59 0
0 59 -1
0 59.5 0
50 60 0
-50 60 0
0 60 -1
0 60.5 0
50 61 0
-50 61 0
0 61 -1
0 61.5 0
50 62 0
-50 62 0
0 62 -1
0 62.5 0
50 63 0
-50 63 0
0 63 -1
0 63.5 0
50 64 0
-50 64 0
0 64 -1
0 64.5 0
50 65 0
-50 65 0
0 65 -1
0 65.5 0
50 66 0
-50 66 0
0 66 -1
0 66.5 0
50 67 0
-50 67 0
0 67 -1
0 67.5 0
50 68 0
-50 68 0
0 68 -1
0 68.5 0
50 69 0
-50 69 0
0 69 -1
0 69.5 0
50 70 0
-50 70 0
0 70 -1
0 70.5 0
50 71 0
-50 71 0
0 71 -1
0 71.5 0
50 72 0
-50 72 0
0 72 -1
0 72.5 0
50 73 0
-50 73 0
0 73 -1
0 73.5 0
50 74 0
-50 74 0
0 74 -1
0 74.5 0
50 75 0
-50 75 0
0 75 -1
0 75.5 0
50 76 0
-50 76 0
0 76 -1
0 76.5 0
50 77 0
-50 77 0
0 77 -1
0 77.5 0
50 78 0
-50 78 0
0 78 -1
0 78.5 0
50 79 0
-50 79 0
0 79 -1
0 79.5 0
50 80 0
-50 80 0
0 80 -1
0 80.5 0
50 81 0
-50 81 0
0 81 -1
0 81.5 0
50 82 0
-50 82 0
0 82 -1
0 82.5 0
50 83 0
-50 83 0
0 83 -1
0 83.5 0
50 84 0
-50 84 0
0 84 -1
0 84.5 0
50 85 0
-50 85 0
0 85 -1
0 85.5 0
50 86 0
-50 86 0
0 86 -1
0 86.5 0
50 87 0
-50 87 0
0 87 -1
0 87.5 0
50 88 0
-50 88 0
0 88 -1
0 88.5 0
50 89 0
-50 89 0
0 89 -1
0 89.5 0
50 90 0
-50 90 0
0 90 -1
0 90.5 0
50 91 0
-50 91 0
0 91 -1
0 91.5 0
50 92 0
-50 92 0
0 92 -1
0 92.5 0
50 93 0
-50 93 0
0 93 -1
0 93.5 0
50 94 0
-50 94 0
0 94 -1
0 94.5 0
50 95 0
-50 95 0
0 95 -1
0 95.5 0
50 96 0
-50 96 0
0 96 -1
0 96.5 0
50 97 0
-50 97 0
0 97 -1
0 97.5 0
50 98 0
-50 98 0
0 98 -1
0 98.5 0
50 99 0
-50 99 0
0 99 -1
0 99.5 0
0 0 0
0 1 0
0 2 0
0 3 0
0 4 0
0 5 0
0 6 0
0 7 0
0 8 0
0 9 0
0 10 0
0 11 0
0 12 0
0 13 0
0 14 0
0 15 0
0 16 0
0 17 0
0 18 0
0 19 0
0 20 0
0 21 0
0 22 0
0 23 0
0 24 0
0 25 0
0 26 0
0 27 0
0 28 0
0 29 0
0 30 0
0 31 0
0 32 0
0 33 0
0 34 0
0 35 0
0 36 0
0 37 0
0 38 0
0 39 0
0 40 0
0 41 0
0 42 0
0 43 0
0 44 0
0 45 0
0 46 0
0 47 0
0 48 0
0 49 0
0 50 0
0 51 0
0 52 0
0 53 0
0 54 0
0 55 0
0 56 0
0 57 0
0 58 0
0 59 0
0 60 0
0 61 0
0 62 0
0 63 0
0 64 0
0 65 0
0 66 0
0 67 0
0 68 0
0 69 0
0 70 0
0 71 0
0 72 0
0 73 0
0 74 0
0 75 0
0 76 0
0 77 0
0 78 0
0 79 0
0 80 0
0 81 0
0 82 0
0 83 0
0 84 0
0 85 0
0 86 0
0 87 0
0 88 0
0 89 0
0 90 0
0 91 0
0 92 0
0 93 0
0 94 0
0 95 0
0 96 0
0 97 0
0 98 0
0 99 0
CELLS 796 3980
4 394 396 395 398 
4 395 396 398 399 
4 401 0 3 1 
4 401 0 3 2 
4 402 4 7 5 
4 402 4 7 6 
4 403 8 11 9 
4 403 8 11 10 
4 404 12 15 13 
4 404 12 15 14 
4 405 16 19 17 
4 405 16 19 18 
4 406 20 23 21 
4 406 20 23 22 
4 407 24 27 25 
4 407 24 27 26 
4 408 28 31 29 
4 408 28 31 30 
4 409 32 35 33 
4 409 32 35 34 
4 410 36 39 37 
4 410 36 39 38 
4 411 40 43 41 
4 411 40 43 42 
4 412 44 47 45 
4 412 44 47 46 
4 413 48 51 49 
4 413 48 51 50 
4 414 52 55 53 
4 414 52 55 54 
4 415 56 59 57 
4 415 56 59 58 
4 416 60 63 61 
4 416 60 63 62 
4 417 64 67 65 
4 417 64 67 66 
4 418 68 71 69 
4 418 68 71 70 
4 419 72 75 73 
4 419 72 75 74 
4 420 76 79 77 
4 420 76 79 78 
4 421 80 83 81 
4 421 80 83 82 
4 422 84 87 85 
4 422 84 87 86 
4 423 88 91 89 
4 423 88 91 90 
4 424 92 95 93 
4 424 92 95 94 
4 425 96 99 97 
4 425 96 99 98 
4 426 100 103 101 
4 426 100 103 102 
4 427 104 107 105 
4 427 104 107 106 
4 428 108 111 109 
4 428 108 111 110 
4 429 112 115 113 
4 429 112 115 114 
4 430 116 119 117 
4 430 116 119 118 
4 431 120 123 121 
4 431 120 123 122 
4 432 124 127 125 
4 432 124 127 126 
4 433 128 131 129 
4 433 128 131 130 
4 434 132 135 133 
4 434 132 135 134 
4 435 136 139 137 
4 435 136 139 138 
4 436 140 143 141 
4 436 140 143 142 
4 437 144 147 145 
4 437 144 147 146 
4 438 148 151 149 
4 438 148 151 150 
4 439 152 155 153 
4 439 152 155 154 
4 440 156 159 157 
4 440 156 159 158 
4 441 160 163 161 
4 441 160 163 162 
4 442 164 167 165 
4 442 164 167 166 
4 443 168 171 169 
4 443 168 171 170 
4 444 172 175 173 
4 444 172 175 174 
4 445 176 179 177 
4 445 176 179 178 
4 446 180 183 181 
4 446 180 183 182 
4 447 184 187 185 
4 447 184 187 186 
4 448 188 191 189 
4 448 188 191 190 
4 449 192 195 193 
4 449 192 195 194 
4 450 196 199 197 
4 450 196 199 198 
4 451 200 203 201 
4 451 200 203 202 
4 452 204 207 205 
4 452 204 207 206 
4 453 208 211 209 
4 453 208 211 210 
4 454 212 215 213 
4 454 212 215 214 
4 455 216 219 217 
4 455 216 219 218 
4 456 220 223 221 
4 456 220 223 222 
4 457 224 227 225 
4 457 224 227 226 
4 458 228 231 229 
4 458 228 231 230 
4 459 232 235 233 
4 459 232 235 234 
4 460 236 239 237 
4 460 236 239 238 
4 461 240 243 241 
4 461 240 243 242 
4 462 244 247 245 
4 462 244 247 246 
4 463 248 251 249 
4 463 248 251 250 
4 464 252 255 253 
4 464 252 255 254 
4 465 256 259 257 
4 465 256 259 258 
4 466 260 263 261 
4 466 260 263 262 
4 467 264 267 265 
4 467 264 267 266 
4 468 268 271 269 
4 468 268 271 270 
4 469 272 275 273 
4 469 272 275 274 
4 470 276 279 277 
4 470 276 279 278 
4 471 280 283 281 
4 471 280 283 282 
4 472 284 287 285 
4 472 284 287 286 
4 473 288 291 289 
4 473 288 291 290 
4 474 292 295 293 
4 474 292 295 294 
4 475 296 299 297 
4 475 296 299 298 
4 476 300 303 301 
4 476 300 303 302 
4 477 304 307 305 
4 477 304 307 306 
4 478 308 311 309 
4 478 308 311 310 
4 479 312 315 313 
4 479 312 315 314 
4 480 316 319 317 
4 480 316 319 318 
4 481 320 323 321 
4 481 320 323 322 
4 482 324 327 325 
4 482 324 327 326 
4 483 328 331 329 
4 483 328 331 330 
4 484 332 335 333 
4 484 332 335 334 
4 485 336 339 337 
4 485 336 339 338 
4 486 340 343 341 
4 486 340 343 342 
4 487 344 347 345 
4 487 344 347 346 
4 488 348 351 349 
4 488 348 351 350 
4 489 352 355 353 
4 489 352 355 354 
4 490 356 359 357 
4 490 356 359 358 
4 491 360 363 361 
4 491 360 363 362 
4 492 364 367 365 
4 492 364 367 366 
4 493 368 371 369 
4 493 368 371 370 
4 494 372 375 373 
4 494 372 375 374 
4 495 376 379 377 
4 495 376 379 378 
4 496 380 383 381 
4 496 380 383 382 
4 497 384 387 385 
4 497 384 387 386 
4 498 388 391 389 
4 498 388 391 390 
4 499 392 395 393 
4 499 392 395 394 
4 1 4 3 5 
4 3 4 5 7 
4 2 4 3 6 
4 3 4 6 7 
4 5 8 7 9 
4 7 8 9 11 
4 6 8 7 10 
4 7 8 10 11 
4 9 12 11 13 
4 11 12 13 15 
4 10 12 11 14 
4 11 12 14 15 
4 13 16 15 17 
4 15 16 17 19 
4 14 16 15 18 
4 15 16 18 19 
4 17 20 19 21 
4 19 20 21 23 
4 18 20 19 22 
4 19 20 22 23 
4 21 24 23 25 
4 23 24 25 27 
4 22 24 23 26 
4 23 24 26 27 
4 25 28 27 29 
4 27 28 29 31 
4 26 28 27 30 
4 27 28 30 31 
4 29 32 31 33 
4 31 32 33 35 
4 30 32 31 34 
4 31 32 34 35 
4 33 36 35 37 
4 35 36 37 39 
4 34 36 35 38 
4 35 36 38 39 
4 37 40 39 41 
4 39 40 41 43 
4 38 40 39 42 
4 39 40 42 43 
4 41 44 43 45 
4 43 44 45 47 
4 42 44 43 46 
4 43 44 46 47 
4 45 48 47 49 
4 47 48 49 51 
4 46 48 47 50 
4 47 48 50 51 
4 49 52 51 53 
4 51 52 53 55 
4 50 52 51 54 
4 51 52 54 55 
4 53 56 55 57 
4 55 56 57 59 
4 54 56 55 58 
4 55 56 58 59 
4 57 60 59 61 
4 59 60 61 63 
4 58 60 59 62 
4 59 60 62 63 
4 61 64 63 65 
4 63 64 65 67 
4 62 64 63 66 
4 63 64 66 67 
4 65 68 67 69 
4 67 68 69 71 
4 66 68 67 70 
4 67 68 70 71 
4 69 72 71 73 
4 71 72 73 75 
4 70 72 71 74 
4 71 72 74 75 
4 73 76 75 77 
4 75 76 77 79 
4 74 76 75 78 
4 75 76 78 79 
4 77 80 79 81 
4 79 80 81 83 
4 78 80 79 82 
4 79 80 82 83 
4 81 84 83 85 
4 83 84 85 87 
4 82 84 83 86 
4 83 84 86 87 
4 85 88 87 89 
4 87 88 89 91 
4 86 88 87 90 
4 87 88 90 91 
4 89 92 91 93 
4 91 92 93 95 
4 90 92 91 94 
4 91 92 94 95 
4 93 96 95 97 
4 95 96 97 99 
4 94 96 95 98 
4 95 96 98 99 
4 97 100 99 101 
4 99 100 101 103 
4 98 100 99 102 
4 99 100 102 103 
4 101 104 103 105 
4 103 104 105 107 
4 102 104 103 106 
4 103 104 106 107 
4 105 108 107 109 
4 107 108 109 111 
4 106 108 107 110 
4 107 108 110 111 
4 109 112 111 113 
4 111 112 113 115 
4 110 112 111 114 
4 111 112 114 115 
4 113 116 115 117 
4 115 116 117 119 
4 114 116 115 118 
4 115 116 118 119 
4 117 120 119 121 
4 119 120 121 123 
4 118 120 119 122 
4 119 120 122 123 
4 121 124 123 125 
4 123 124 125 127 
4 122 124 123 126 
4 123 124 126 127 
4 125 128 127 129 
4 127 128 129 131 
4 126 128 127 130 
4 127 128 130 131 
4 129 132 131 133 
4 131 132 133 135 
4 130 132 131 134 
4 131 132 134 135 
4 133 136 135 137 
4 135 136 137 139 
4 134 136 135 138 
4 135 136 138 139 
4 137 140 139 141 
4 139 140 141 143 
4 138 140 139 142 
4 139 140 142 143 
4 141 144 143 145 
4 143 144 145 147 
4 142 144 143 146 
4 143 144 146 147 
4 145 148 147 149 
4 147 148 149 151 
4 146 148 147 150 
4 147 148 150 151 
4 149 152 151 153 
4 151 152 153 155 
4 150 152 151 154 
4 151 152 154 155 
4 153 156 155 157 
4 155 156 157 159 
4 154 156 155 158 
4 155 156 158 159 
4 157 160 159 161 
4 159 160 161 163 
4 158 160 159 162 
4 159 160 162 163 
4 161 164 163 165 
4 163 164 165 167 
4 162 164 163 166 
4 163 164 166 167 
4 165 168 167 169 
4 167 168 169 171 
4 166 168 167 170 
4 167 168 170 171 
4 169 172 171 173 
4 171 172 173 175 
4 170 172 171 174 
4 171 172 174 175 
4 173 176 175 177 
4 175 176 177 179 
4 174 176 175 178 
4 175 176 178 179 
4 177 180 179 181 
4 179 180 181 183 
4 178 180 179 182 
4 179 180 182 183 
4 181 184 183 185 
4 183 184 185 187 
4 182 184 183 186 
4 183 184 186 187 
4 185 188 187 189 
4 187 188 189 191 
4 186 188 187 190 
4 187 188 190 191 
4 189 192 191 193 
4 191 192 193 195 
4 190 192 191 194 
4 191 192 194 195 
4 193 196 195 197 
4 195 196 197 199 
4 194 196 195 198 
4 195 196 198 199 
4 197 200 199 201 
4 199 200 201 203 
4 198 200 199 202 
4 199 200 202 203 
4 201 204 203 205 
4 203 204 205 207 
4 202 204 203 206 
4 203 204 206 207 
4 205 208 207 209 
4 207 208 209 211 
4 206 208 207 210 
4 207 208 210 211 
4 209 212 211 213 
4 211 212 213 215 
4 210 212 211 214 
4 211 212 214 215 
4 213 216 215 217 
4 215 216 217 219 
4 214 216 215 218 
4 215 216 218 219 
4 217 220 219 221 
4 219 220 221 223 
4 218 220 219 222 
4 219 220 222 223 
4 221 224 223 225 
4 223 224 225 227 
4 222 224 223 226 
4 223 224 226 227 
4 225 228 227 229 
4 227 228 229 231 
4 226 228 227 230 
4 227 228 230 231 
4 229 232 231 233 
4 231 232 233 235 
4 230 232 231 234 
4 231 232 234 235 
4 233 236 235 237 
4 235 236 237 239 
4 234 236 235 238 
4 235 236 238 239 
4 237 240 239 241 
4 239 240 241 243 
4 238 240 239 242 
4 239 240 242 243 
4 241 244 243 245 
4 243 244 245 247 
4 242 244 243 246 
4 243 244 246 247 
4 245 248 247 249 
4 247 248 249 251 
4 246 248 247 250 
4 247 248 250 251 
4 249 252 251 253 
4 251 252 253 255 
4 250 252 251 254 
4 251 252 254 255 
4 253 256 255 257 
4 255 256 257 259 
4 254 256 255 258 
4 255 256 258 259 
4 257 260 259 261 
4 259 260 261 263 
4 258 260 259 262 
4 259 260 262 263 
4 261 264 263 265 
4 263 264 265 267 
4 262 264 263 266 
4 263 264 266 267 
4 265 268 267 269 
4 267 268 269 271 
4 266 268 267 270 
4 267 268 270 271 
4 269 272 271 273 
4 271 272 273 275 
4 270 272 271 274 
4 271 272 274 275 
4 273 276 275 277 
4 275 276 277 279 
4 274 276 275 278 
4 275 276 278 279 
4 277 280 279 281 
4 279 280 281 283 
4 278 280 279 282 
4 279 280 282 283 
4 281 284 283 285 
4 283 284 285 287 
4 282 284 283 286 
4 283 284 286 287 
4 285 288 287 289 
4 287 288 289 291 
4 286 288 287 290 
4 287 288 290 291 
4 289 292 291 293 
4 291 292 293 295 
4 290 292 291 294 
4 291 292 294 295 
4 293 296 295 297 
4 295 296 297 299 
4 294 296 295 298 
4 295 296 298 299 
4 297 300 299 301 
4 299 300 301 303 
4 298 300 299 302 
4 299 300 302 303 
4 301 304 303 305 
4 303 304 305 307 
4 302 304 303 306 
4 303 304 306 307 
4 305 308 307 309 
4 307 308 309 311 
4 306 308 307 310 
4 307 308 310 311 
4 309 312 311 313 
4 311 312 313 315 
4 310 312 311 314 
4 311 312 314 315 
4 313 316 315 317 
4 315 316 317 319 
4 314 316 315 318 
4 315 316 318 319 
4 317 320 319 321 
4 319 320 321 323 
4 318 320 319 322 
4 319 320 322 323 
4 321 324 323 325 
4 323 324 325 327 
4 322 324 323 326 
4 323 324 326 327 
4 325 328 327 329 
4 327 328 329 331 
4 326 328 327 330 
4 327 328 330 331 
4 329 332 331 333 
4 331 332 333 335 
4 330 332 331 334 
4 331 332 334 335 
4 333 336 335 337 
4 335 336 337 339 
4 334 336 335 338 
4 335 336 338 339 
4 337 340 339 341 
4 339 340 341 343 
4 338 340 339 342 
4 339 340 342 343 
4 341 344 343 345 
4 343 344 345 347 
4 342 344 343 346 
4 343 344 346 347 
4 345 348 347 349 
4 347 348 349 351 
4 346 348 347 350 
4 347 348 350 351 
4 349 352 351 353 
4 351 352 353 355 
4 350 352 351 354 
4 351 352 354 355 
4 353 356 355 357 
4 355 356 357 359 
4 354 356 355 358 
4 355 356 358 359 
4 357 360 359 361 
4 359 360 361 363 
4 358 360 359 362 
4 359 360 362 363 
4 361 364 363 365 
4 363 364 365 367 
4 362 364 363 366 
4 363 364 366 367 
4 365 368 367 369 
4 367 368 369 371 
4 366 368 367 370 
4 367 368 370 371 
4 369 372 371 373 
4 371 372 373 375 
4 370 372 371 374 
4 371 372 374 375 
4 373 376 375 377 
4 375 376 377 379 
4 374 376 375 378 
4 375 376 378 379 
4 377 380 379 381 
4 379 380 381 383 
4 378 380 379 382 
4 379 380 382 383 
4 381 384 383 385 
4 383 384 385 387 
4 382 384 383 386 
4 383 384 386 387 
4 385 388 387 389 
4 387 388 389 391 
4 386 388 387 390 
4 387 388 390 391 
4 389 392 391 393 
4 391 392 393 395 
4 390 392 391 394 
4 391 392 394 395 
4 393 396 395 397 
4 395 396 397 399 
4 401 4 3 1 
4 401 4 3 2 
4 402 8 7 5 
4 402 8 7 6 
4 403 12 11 9 
4 403 12 11 10 
4 404 16 15 13 
4 404 16 15 14 
4 405 20 19 17 
4 405 20 19 18 
4 406 24 23 21 
4 406 24 23 22 
4 407 28 27 25 
4 407 28 27 26 
4 408 32 31 29 
4 408 32 31 30 
4 409 36 35 33 
4 409 36 35 34 
4 410 40 39 37 
4 410 40 39 38 
4 411 44 43 41 
4 411 44 43 42 
4 412 48 47 45 
4 412 48 47 46 
4 413 52 51 49 
4 413 52 51 50 
4 414 56 55 53 
4 414 56 55 54 
4 415 60 59 57 
4 415 60 59 58 
4 416 64 63 61 
4 416 64 63 62 
4 417 68 67 65 
4 417 68 67 66 
4 418 72 71 69 
4 418 72 71 70 
4 419 76 75 73 
4 419 76 75 74 
4 420 80 79 77 
4 420 80 79 78 
4 421 84 83 81 
4 421 84 83 82 
4 422 88 87 85 
4 422 88 87 86 
4 423 92 91 89 
4 423 92 91 90 
4 424 96 95 93 
4 424 96 95 94 
4 425 100 99 97 
4 425 100 99 98 
4 426 104 103 101 
4 426 104 103 102 
4 427 108 107 105 
4 427 108 107 106 
4 428 112 111 109 
4 428 112 111 110 
4 429 116 115 113 
4 429 116 115 114 
4 430 120 119 117 
4 430 120 119 118 
4 431 124 123 121 
4 431 124 123 122 
4 432 128 127 125 
4 432 128 127 126 
4 433 132 131 129 
4 433 132 131 130 
4 434 136 135 133 
4 434 136 135 134 
4 435 140 139 137 
4 435 140 139 138 
4 436 144 143 141 
4 436 144 143 142 
4 437 148 147 145 
4 437 148 147 146 
4 438 152 151 149 
4 438 152 151 150 
4 439 156 155 153 
4 439 156 155 154 
4 440 160 159 157 
4 440 160 159 158 
4 441 164 163 161 
4 441 164 163 162 
4 442 168 167 165 
4 442 168 167 166 
4 443 172 171 169 
4 443 172 171 170 
4 444 176 175 173 
4 444 176 175 174 
4 445 180 179 177 
4 445 180 179 178 
4 446 184 183 181 
4 446 184 183 182 
4 447 188 187 185 
4 447 188 187 186 
4 448 192 191 189 
4 448 192 191 190 
4 449 196 195 193 
4 449 196 195 194 
4 450 200 199 197 
4 450 200 199 198 
4 451 204 203 201 
4 451 204 203 202 
4 452 208 207 205 
4 452 208 207 206 
4 453 212 211 209 
4 453 212 211 210 
4 454 216 215 213 
4 454 216 215 214 
4 455 220 219 217 
4 455 220 219 218 
4 456 224 223 221 
4 456 224 223 222 
4 457 228 227 225 
4 457 228 227 226 
4 458 232 231 229 
4 458 232 231 230 
4 459 236 235 233 
4 459 236 235 234 
4 460 240 239 237 
4 460 240 239 238 
4 461 244 243 241 
4 461 244 243 242 
4 462 248 247 245 
4 462 248 247 246 
4 463 252 251 249 
4 463 252 251 250 
4 464 256 255 253 
4 464 256 255 254 
4 465 260 259 257 
4 465 260 259 258 
4 466 264 263 261 
4 466 264 263 262 
4 467 268 267 265 
4 467 268 267 266 
4 468 272 271 269 
4 468 272 271 270 
4 469 276 275 273 
4 469 276 275 274 
4 470 280 279 277 
4 470 280 279 278 
4 471 284 283 281 
4 471 284 283 282 
4 472 288 287 285 
4 472 288 287 286 
4 473 292 291 289 
4 473 292 291 290 
4 474 296 295 293 
4 474 296 295 294 
4 475 300 299 297 
4 475 300 299 298 
4 476 304 303 301 
4 476 304 303 302 
4 477 308 307 305 
4 477 308 307 306 
4 478 312 311 309 
4 478 312 311 310 
4 479 316 315 313 
4 479 316 315 314 
4 480 320 319 317 
4 480 320 319 318 
4 481 324 323 321 
4 481 324 323 322 
4 482 328 327 325 
4 482 328 327 326 
4 483 332 331 329 
4 483 332 331 330 
4 484 336 335 333 
4 484 336 335 334 
4 485 340 339 337 
4 485 340 339 338 
4 486 344 343 341 
4 486 344 343 342 
4 487 348 347 345 
4 487 348 347 346 
4 488 352 351 349 
4 488 352 351 350 
4 489 356 355 353 
4 489 356 355 354 
4 490 360 359 357 
4 490 360 359 358 
4 491 364 363 361 
4 491 364 363 362 
4 492 368 367 365 
4 492 368 367 366 
4 493 372 371 369 
4 493 372 371 370 
4 494 376 375 373 
4 494 376 375 374 
4 495 380 379 377 
4 495 380 379 378 
4 496 384 383 381 
4 496 384 383 382 
4 497 388 387 385 
4 497 388 387 386 
4 498 392 391 389 
4 498 392 391 390 
4 499 396 395 393 
4 499 396 395 394 
4 500 400 399 397 
4 500 400 399 398 
4 500 396 399 397 
4 500 396 399 398 
CELL_TYPES 796
10
10
10
10
10
10
10
10
10
10
10
10
10
10
10
10
10
10
10
10
10
10
10
10
10
10
10
10
10
10
10
10
10
10
10
10
10
10
10
10
10
10
10
10
10
10
10
10
10
10
10
10
10
10
10
10
10
10
10
10
10
10
10
10
10
10
10
10
10
10
10
10
10
10
10
10
10
10
10
10
10
10
10
10
10
10
10
10
10
10
10
10
10
10
10
10
10
10
10
10
10
10
10
10
10
10
10
10
10
10
10
10
10
10
10
10
10
10
10
10
10
10
10
10
10
10
10
10
10
10
10
10
10
10
10
10
10
10
10
10
10
10
10
10
10
10
10
10
10
10
10
10
10
10
10
10
10
10
10
10
10
10
10
10
10
10
10
10
10
10
10
10
10
10
10
10
10
10
10
10
10
10
10
10
10
10
10
10
10
10
10
10
10
10
10
10
10
10
10
10
10
10
10
10
10
10
10
10
10
10
10
10
10
10
10
10
10
10
10
10
10
10
10
10
10
10
10
10
10
10
10
10
10
10
10
10
10
10
10
10
10
10
10
10
10
10
10
10
10
10
10
10
10
10
10
10
10
10
10
10
10
10
10
10
10
10
10
10
10
10
10
10
10
10
10
10
10
10
10
10
10
10
10
10
10
10
10
10
10
10
10
10
10
10
10
10
10
10
10
10
10
10
10
10
10
10
10
10
10
10
10
10
10
10
10
10
10
10
10
10
10
10
10
10
10
10
10
10
10
10
10
10
10
10
10
10
10
10
10
10
10
10
10
10
10
10
10
10
10
10
10
10
10
10
10
10
10
10
10
10
10
10
10
10
10
10
10
10
10
10
10
10
10
10
10
10
10
10
10
10
10
10
10
10
10
10
10
10
10
10
10
10
10
10
10
10
10
10
10
10
10
10
10
10
10
10
10
10
10
10
10
10
10
10
10
10
10
10
10
10
10
10
10
10
10
10
10
10
10
10
10
10
10
10
10
10
10
10
10
10
10
10
10
10
10
10
10
10
10
10
10
10
10
10
10
10
10
10
10
10
10
10
10
10
10
10
10
10
10
10
10
10
10
10
10
10
10
10
10
10
10
10
10
10
10
10
10
10
10
10
10
10
10
10
10
10
10
10
10
10
10
10
10
10
10
10
10
10
10
10
10
10
10
10
10
10
10
10
10
10
10
10
10
10
10
10
10
10
10
10
10
10
10
10
10
10
10
10
10
10
10
10
10
10
10
10
10
10
10
10
10
10
10
10
10
10
10
10
10
10
10
10
10
10
10
10
10
10
10
10
10
10
10
10
10
10
10
10
10
10
10
10
10
10
10
10
10
10
10
10
10
10
10
10
10
10
10
10
10
10
10
10
10
10
10
10
10
10
10
10
10
10
10
10
10
10
10
10
10
10
10
10
10
10
10
10
10
10
10
10
10
10
10
10
10
10
10
10
10
10
10
10
10
10
10
10
10
10
10
10
10
10
10
10
10
10
10
10
10
10
10
10
10
10
10
10
10
10
10
10
10
10
10
10
10
10
10
10
10
10
10
10
10
10
10
10
10
10
10
10
10
10
10
10
10
10
10
10
10
10
10
10
10
10
10
10
10
10
10
10
10
10
10
10
10
10
10
10
10
10
10
10
10
10
10
10
10
10
10
10
10
10
10
10
10
10
10
10
10
10
10
10
10
10
10
10
10
10
10
10
10
10
10
10
10
10
10
10
10
10
10
10
10
10
10
10
10
10
10
10
10
10
10
10
10
10
10
10
10
10
10
10
10
10
10
10
10
10
10
10
10
10
10
10
10
10
CELL_DATA 796
TENSORS6 Cauchy_stress float
5.00008e+08 5e+08 5.00001e+08 -4141.94 665.37 -9488.09 
5.00013e+08 5.00008e+08 5.00007e+08 -786.582 -453.573 -11166 
5.00105e+08 5.00129e+08 5.00146e+08 7942.87 42676.5 10233.3 
5.00117e+08 5.00136e+08 5.00154e+08 5766.85 42676.5 -2511.2 
4.99999e+08 5.00006e+08 5.00002e+08 5867.86 -4940.14 9559.78 
5.0001e+08 5.00014e+08 5.00009e+08 3364.32 -4940.14 -4328.55 
5.00001e+08 5.00011e+08 5.00003e+08 6400.03 -4950.15 9663.3 
5.00013e+08 5.00018e+08 5.00011e+08 3812.94 -4950.15 -4606.34 
5.00002e+08 5.00014e+08 5.00003e+08 6784.91 -5007.01 10043.9 
5.00014e+08 5.00022e+08 5.00011e+08 4157.66 -5007.01 -4594.05 
4.99993e+08 4.99999e+08 4.99995e+08 6242.13 -393.173 10259.9 
5.00005e+08 5.00007e+08 5.00003e+08 3536.16 -393.173 -4583.98 
5e+08 5.00008e+08 5.00003e+08 6730.89 -3396.94 10226.8 
5.00012e+08 5.00016e+08 5.00011e+08 3935.23 -3396.94 -4907.98 
5.00002e+08 5.00012e+08 5.00004e+08 6977.22 -3908.19 10417.6 
5.00015e+08 5.0002e+08 5.00013e+08 4122.53 -3908.19 -5030.58 
5.00003e+08 5.00014e+08 5.00004e+08 7268.7 -4122.18 10769.4 
5.00016e+08 5.00023e+08 5.00012e+08 4389.08 -4122.18 -4987.26 
4.99995e+08 5.00001e+08 4.99997e+08 6762.2 -262.122 10960.8 
5.00008e+08 5.0001e+08 5.00006e+08 3822.72 -262.122 -4968.25 
5e+08 5.00009e+08 5.00003e+08 7195.08 -2936.3 10923.2 
5.00014e+08 5.00018e+08 5.00012e+08 4185.91 -2936.3 -5252.05 
5.00002e+08 5.00012e+08 5.00004e+08 7408.75 -3425.36 11085.6 
5.00016e+08 5.00021e+08 5.00013e+08 4354.35 -3425.36 -5356.37 
5.00003e+08 5.00014e+08 5.00004e+08 7661.62 -3648.93 11390.4 
5.00017e+08 5.00024e+08 5.00013e+08 4590.32 -3648.93 -5314.75 
4.99996e+08 5.00003e+08 4.99998e+08 7212.17 -332.693 11555.3 
5.0001e+08 5.00012e+08 5.00007e+08 4092.53 -332.693 -5295.29 
5.00001e+08 5.0001e+08 5.00003e+08 7591.48 -2674.08 11518 
5.00015e+08 5.00019e+08 5.00012e+08 4413.77 -2674.08 -5543.04 
5.00002e+08 5.00012e+08 5.00004e+08 7777.07 -3121.38 11656.7 
5.00017e+08 5.00022e+08 5.00014e+08 4562.32 -3121.38 -5633.11 
5.00003e+08 5.00014e+08 5.00003e+08 7995.85 -3330.15 11919.6 
5.00017e+08 5.00024e+08 5.00013e+08 4768.73 -3330.15 -5596.34 
4.99996e+08 5.00004e+08 4.99998e+08 7606.07 -454.898 12060.7 
5.00011e+08 5.00014e+08 5.00008e+08 4338.64 -454.898 -5578.18 
5.00001e+08 5.0001e+08 5.00002e+08 7934.46 -2495.32 12026.9 
5.00016e+08 5.0002e+08 5.00012e+08 4617 -2495.32 -5792.76 
5.00002e+08 5.00012e+08 5.00003e+08 8095.22 -2899.14 12145.7 
5.00017e+08 5.00022e+08 5.00014e+08 4746.49 -2899.14 -5870.98 
5.00002e+08 5.00014e+08 5.00003e+08 8283.3 -3087.44 12370.9 
5.00018e+08 5.00024e+08 5.00013e+08 4925.27 -3087.44 -5840.67 
4.99997e+08 5.00005e+08 4.99998e+08 7953.68 -579.987 12490.7 
5.00012e+08 5.00015e+08 5.00008e+08 4561.57 -579.987 -5824.82 
5.00001e+08 5.0001e+08 5.00002e+08 8233.65 -2358.21 12462.6 
5.00016e+08 5.00021e+08 5.00013e+08 4797.76 -2358.21 -6008.51 
5.00002e+08 5.00012e+08 5.00003e+08 8372.15 -2722.22 12564.7 
5.00017e+08 5.00023e+08 5.00013e+08 4909.46 -2722.22 -6076.59 
5.00002e+08 5.00014e+08 5.00003e+08 8532.22 -2890.44 12755.9 
5.00018e+08 5.00025e+08 5.00013e+08 5062.6 -2890.44 -6053.74 
4.99997e+08 5.00006e+08 4.99998e+08 8262.49 -693.679 12856.5 
5.00013e+08 5.00016e+08 5.00009e+08 4763.9 -693.679 -6040.87 
5e+08 5.0001e+08 5.00002e+08 8496.3 -2246.49 12836.1 
5.00017e+08 5.00021e+08 5.00013e+08 4959.03 -2246.49 -6195.6 
5.00002e+08 5.00012e+08 5.00003e+08 8614.6 -2575.6 12923.9 
5.00018e+08 5.00023e+08 5.00013e+08 5054.25 -2575.6 -6254.88 
5.00002e+08 5.00014e+08 5.00002e+08 8748.92 -2725.84 13084.4 
5.00018e+08 5.00025e+08 5.00013e+08 5183.54 -2725.84 -6240.22 
4.99997e+08 5.00006e+08 4.99998e+08 8538.53 -793.191 13167.6 
5.00014e+08 5.00017e+08 5.00009e+08 4948.47 -793.191 -6230.85 
5e+08 5.0001e+08 5.00002e+08 8728.15 -2153.01 13156.2 
5.00017e+08 5.00022e+08 5.00013e+08 5103.73 -2153.01 -6358.29 
5.00001e+08 5.00012e+08 5.00002e+08 8828 -2452 13232.2 
5.00018e+08 5.00023e+08 5.00013e+08 5183.6 -2452 -6409.9 
5.00002e+08 5.00014e+08 5.00002e+08 8938.46 -2586.64 13364.7 
5.00019e+08 5.00025e+08 5.00013e+08 5290.64 -2586.64 -6404.02 
4.99998e+08 5.00007e+08 4.99998e+08 8786.77 -879.391 13432.1 
5.00015e+08 5.00018e+08 5.0001e+08 5117.91 -879.391 -6398.58 
5e+08 5.0001e+08 5.00001e+08 8933.96 -2073.97 13431 
5.00017e+08 5.00022e+08 5.00013e+08 5234.39 -2073.97 -6500.19 
5.00001e+08 5.00012e+08 5.00002e+08 9016.82 -2347.11 13496.9 
5.00018e+08 5.00024e+08 5.00013e+08 5299.91 -2347.11 -6545.08 
5.00002e+08 5.00013e+08 5.00002e+08 9105.04 -2468.36 13603.7 
5.00019e+08 5.00025e+08 5.00013e+08 5386.07 -2468.36 -6548.45 
4.99998e+08 5.00007e+08 4.99998e+08 9011.39 -954.15 13656.7 
5.00015e+08 5.00019e+08 5.0001e+08 5274.48 -954.15 -6547.31 
5e+08 5.00011e+08 5.00001e+08 9117.68 -2006.95 13666.8 
5.00018e+08 5.00022e+08 5.00013e+08 5353.16 -2006.95 -6624.36 
5.00001e+08 5.00012e+08 5.00002e+08 9184.82 -2257.92 13724.4 
5.00019e+08 5.00024e+08 5.00013e+08 5405.21 -2257.92 -6663.38 
5.00002e+08 5.00013e+08 5.00001e+08 9252.17 -2367.68 13807.5 
5.00019e+08 5.00025e+08 5.00013e+08 5471.65 -2367.68 -6676.4 
4.99998e+08 5.00007e+08 4.99998e+08 9215.91 -1019.49 13847.3 
5.00016e+08 5.00019e+08 5.0001e+08 5420.11 -1019.49 -6679.86 
5e+08 5.00011e+08 5.00001e+08 9282.65 -1950.11 13869.6 
5.00018e+08 5.00022e+08 5.00013e+08 5461.89 -1950.11 -6733.5 
5.00001e+08 5.00012e+08 5.00001e+08 9335.15 -2182.04 13920.1 
5.00019e+08 5.00024e+08 5.00013e+08 5501.2 -2182.04 -6767.36 
5.00001e+08 5.00013e+08 5.00001e+08 9382.83 -2281.92 13981.2 
5.00019e+08 5.00025e+08 5.00013e+08 5548.95 -2281.92 -6790.36 
4.99998e+08 5.00008e+08 4.99999e+08 9403.29 -1077.32 14008.9 
5.00016e+08 5.0002e+08 5.0001e+08 5556.4 -1077.32 -6798.7 
5e+08 5.00011e+08 5.00001e+08 9431.72 -1902 14043.9 
5.00018e+08 5.00023e+08 5.00013e+08 5562.1 -1902 -6829.93 
5.00001e+08 5.00012e+08 5.00001e+08 9470.49 -2117.52 14088.6 
5.00019e+08 5.00024e+08 5.00013e+08 5589.32 -2117.52 -6859.27 
5.00001e+08 5.00013e+08 5.00001e+08 9499.55 -2208.81 14129.4 
5.00019e+08 5.00025e+08 5.00013e+08 5619.26 -2208.81 -6892.51 
4.99998e+08 5.00008e+08 4.99999e+08 9576.05 -1129.45 14145.8 
5.00016e+08 5.0002e+08 5.00011e+08 5684.68 -1129.45 -6905.97 
5e+08 5.00011e+08 5.00001e+08 9567.26 -1861.36 14194.1 
5.00018e+08 5.00023e+08 5.00013e+08 5655.08 -1861.36 -6915.73 
5.00001e+08 5.00012e+08 5.00001e+08 9593.13 -2062.66 14234 
5.00019e+08 5.00024e+08 5.00013e+08 5670.76 -2062.66 -6941.09 
5.00001e+08 5.00013e+08 5.00001e+08 9604.47 -2146.38 14255.6 
5.0002e+08 5.00025e+08 5.00013e+08 5683.66 -2146.38 -6984.8 
4.99998e+08 5.00008e+08 4.99999e+08 9736.25 -1177.57 14261.6 
5.00017e+08 5.0002e+08 5.00011e+08 5806.04 -1177.57 -7003.57 
5e+08 5.00011e+08 5e+08 9691.31 -1827.14 14323.6 
5.00019e+08 5.00023e+08 5.00013e+08 5741.88 -1827.14 -6992.71 
5.00001e+08 5.00012e+08 5.00001e+08 9704.97 -2015.97 14359.5 
5.00019e+08 5.00024e+08 5.00013e+08 5746.5 -2015.97 -7014.61 
5.00001e+08 5.00013e+08 5.00001e+08 9699.4 -2092.87 14363.1 
5.0002e+08 5.00025e+08 5.00013e+08 5743.05 -2092.87 -7068.94 
4.99998e+08 5.00008e+08 4.99999e+08 9885.61 -1223.31 14359.4 
5.00017e+08 5.00021e+08 5.00011e+08 5921.31 -1223.31 -7093.21 
5e+08 5.00011e+08 5e+08 9805.52 -1798.38 14435.4 
5.00019e+08 5.00023e+08 5.00013e+08 5823.35 -1798.38 -7062.54 
5.00001e+08 5.00012e+08 5.00001e+08 9807.6 -1976.12 14467.9 
5.0002e+08 5.00025e+08 5.00013e+08 5817.34 -1976.12 -7081.42 
5.00001e+08 5.00013e+08 5.00001e+08 9785.83 -2046.69 14454.6 
5.0002e+08 5.00026e+08 5.00013e+08 5798.14 -2046.69 -7146.49 
4.99999e+08 5.00009e+08 4.99999e+08 10025.5 -1268.34 14441.8 
5.00017e+08 5.00021e+08 5.00011e+08 6031.08 -1268.34 -7176.4 
5e+08 5.00011e+08 5e+08 9911.24 -1774.24 14531.9 
5.00019e+08 5.00024e+08 5.00013e+08 5900.1 -1774.24 -7126.77 
5.00001e+08 5.00012e+08 5.00001e+08 9902.26 -1941.88 14561.7 
5.0002e+08 5.00025e+08 5.00013e+08 5883.83 -1941.88 -7143.06 
5.00001e+08 5.00013e+08 5.00001e+08 9864.95 -2006.33 14532.2 
5.0002e+08 5.00026e+08 5.00013e+08 5849.43 -2006.33 -7218.9 
4.99999e+08 5.00009e+08 4.99999e+08 10156.8 -1314.42 14510.9 
5.00018e+08 5.00021e+08 5.00011e+08 6135.66 -1314.42 -7254.62 
5e+08 5.00011e+08 5e+08 10009.5 -1753.93 14615.1 
5.00019e+08 5.00024e+08 5.00013e+08 5972.52 -1753.93 -7186.87 
5.00001e+08 5.00012e+08 5.00001e+08 9989.9 -1912.1 14642.5 
5.0002e+08 5.00025e+08 5.00013e+08 5946.32 -1912.1 -7200.99 
5.00001e+08 5.00013e+08 5.00001e+08 9937.65 -1970.37 14597.7 
5.0002e+08 5.00026e+08 5.00013e+08 5897.23 -1970.37 -7287.6 
4.99999e+08 5.00009e+08 4.99999e+08 10280 -1363.53 14568.4 
5.00018e+08 5.00022e+08 5.00011e+08 6235.03 -1363.53 -7329.24 
5e+08 5.00011e+08 5e+08 10100.8 -1736.74 14686.5 
5.00019e+08 5.00024e+08 5.00013e+08 6040.73 -1736.74 -7244.35 
5.00001e+08 5.00012e+08 5.00001e+08 10071.1 -1885.7 14711.7 
5.0002e+08 5.00025e+08 5.00013e+08 6004.86 -1885.7 -7256.71 
5.00001e+08 5.00013e+08 5.00001e+08 10004.4 -1937.42 14652.4 
5.00021e+08 5.00026e+08 5.00013e+08 5941.57 -1937.42 -7354.01 
4.99999e+08 5.00009e+08 4.99999e+08 10395.3 -1417.95 14615.6 
5.00018e+08 5.00022e+08 5.00012e+08 6328.75 -1417.95 -7401.71 
5e+08 5.00011e+08 5e+08 10185.5 -1722.1 14746.9 
5.0002e+08 5.00024e+08 5.00013e+08 6104.46 -1722.1 -7300.79 
5.00001e+08 5.00012e+08 5e+08 10145.9 -1861.71 14770.1 
5.0002e+08 5.00025e+08 5.00013e+08 6059.17 -1861.71 -7311.86 
5.00001e+08 5.00013e+08 5.00001e+08 10065.5 -1906.21 14696.9 
5.00021e+08 5.00026e+08 5.00013e+08 5982.14 -1906.21 -7419.69 
4.99999e+08 5.00009e+08 4.99999e+08 10501.9 -1480.57 14653 
5.00019e+08 5.00022e+08 5.00012e+08 6415.81 -1480.57 -7473.57 
5.00001e+08 5.00011e+08 5e+08 10263.1 -1709.73 14796.8 
5.0002e+08 5.00024e+08 5.00013e+08 6163.01 -1709.73 -7358.03 
5.00001e+08 5.00012e+08 5e+08 10213.9 -1839.59 14817.8 
5.00021e+08 5.00025e+08 5.00013e+08 6108.49 -1839.59 -7368.33 
5.00002e+08 5.00013e+08 5e+08 10120.2 -1876.01 14731.3 
5.00021e+08 5.00026e+08 5.00014e+08 6018.21 -1876.01 -7486.39 
4.99999e+08 5.00009e+08 4.99999e+08 10598.3 -1555.37 14680.8 
5.00019e+08 5.00023e+08 5.00012e+08 6494.49 -1555.37 -7546.61 
5.00001e+08 5.00011e+08 5e+08 10332.5 -1700.36 14835.5 
5.0002e+08 5.00024e+08 5.00013e+08 6215.05 -1700.36 -7418.2 
5.00001e+08 5.00012e+08 5e+08 10273.9 -1820.12 14854.1 
5.00021e+08 5.00025e+08 5.00014e+08 6151.46 -1820.12 -7428.39 
5.00002e+08 5.00013e+08 5e+08 10167.5 -1847.82 14755 
5.00022e+08 5.00026e+08 5.00014e+08 6048.5 -1847.82 -7556.25 
5e+08 5.0001e+08 4.99999e+08 10681.9 -1648.69 14698.1 
5.0002e+08 5.00023e+08 5.00012e+08 6562.12 -1648.69 -7622.94 
5.00001e+08 5.00011e+08 5e+08 10391.4 -1697.78 14861.9 
5.00021e+08 5.00025e+08 5.00013e+08 6258.51 -1697.78 -7484.01 
5.00001e+08 5.00012e+08 5e+08 10323.5 -1808.27 14877.2 
5.00021e+08 5.00026e+08 5.00014e+08 6186.03 -1808.27 -7494.87 
5.00002e+08 5.00013e+08 5e+08 10205 -1828.22 14766.2 
5.00022e+08 5.00027e+08 5.00014e+08 6071.15 -1828.22 -7631.88 
5e+08 5.0001e+08 4.99999e+08 10748.1 -1772.56 14703.2 
5.0002e+08 5.00023e+08 5.00012e+08 6614.97 -1772.56 -7705.15 
5.00001e+08 5.00011e+08 5e+08 10436.1 -1714.82 14873 
5.00021e+08 5.00025e+08 5.00013e+08 6290.51 -1714.82 -7558.74 
5.00002e+08 5.00012e+08 5e+08 10358.8 -1821.55 14884 
5.00022e+08 5.00026e+08 5.00014e+08 6209.49 -1821.55 -7571.3 
5.00002e+08 5.00013e+08 5e+08 10228.7 -1840.62 14762 
5.00022e+08 5.00027e+08 5.00014e+08 6083.97 -1840.62 -7716.45 
5e+08 5.0001e+08 4.99999e+08 10790.2 -1954.14 14692.9 
5.00021e+08 5.00024e+08 5.00012e+08 6648.55 -1954.14 -7796.18 
5.00001e+08 5.00011e+08 4.99999e+08 10460.3 -1790.98 14864.6 
5.00022e+08 5.00025e+08 5.00013e+08 6307.83 -1790.98 -7646.25 
5.00002e+08 5.00012e+08 5e+08 10373.2 -1914.56 14869.9 
5.00022e+08 5.00026e+08 5.00013e+08 6219.3 -1914.56 -7661.64 
5.00002e+08 5.00013e+08 5e+08 10231.9 -1958.15 14738 
5.00023e+08 5.00027e+08 5.00013e+08 6085.79 -1958.15 -7813.33 
5e+08 5.00009e+08 4.99998e+08 10800.6 -2261.27 14663.5 
5.00021e+08 5.00023e+08 5.00012e+08 6662.44 -2261.27 -7897.16 
5.00001e+08 5.00011e+08 4.99998e+08 10463.4 -2042.78 14840.2 
5.00022e+08 5.00025e+08 5.00013e+08 6318.54 -2042.78 -7740.01 
5.00001e+08 5.00011e+08 4.99999e+08 10403.1 -2254.02 14878.2 
5.00023e+08 5.00026e+08 5.00013e+08 6263.3 -2254.02 -7719.37 
4.99991e+08 5e+08 4.99989e+08 1831.86 6026.93 6930.04 
4.99998e+08 5.00001e+08 5.00005e+08 1380.88 -1903.79 7263.5 
4.99997e+08 5e+08 4.99991e+08 -3806.88 7006.27 -5113.37 
5.00009e+08 5.00009e+08 5.00013e+08 -1167.5 -1903.79 -6541.68 
4.9999e+08 4.99999e+08 4.99988e+08 1780.59 5416.31 6851.45 
4.99997e+08 5.00001e+08 5.00004e+08 1440.83 -2173.46 7124.51 
4.99997e+08 5e+08 4.9999e+08 -3924.85 6405.34 -5596.41 
5.00008e+08 5.00008e+08 5.00011e+08 -1209.09 -2173.46 -7058.18 
4.9999e+08 4.99999e+08 4.99988e+08 1872.36 5267.33 7025.95 
4.99997e+08 5e+08 5.00003e+08 1480.81 -1634.42 7316.12 
4.99997e+08 4.99999e+08 4.99991e+08 -3911.84 6284.74 -5776.42 
5.00008e+08 5.00007e+08 5.0001e+08 -1230.54 -1634.42 -7212.37 
4.9999e+08 4.99998e+08 4.99987e+08 2117.48 4286.08 7495.15 
4.99991e+08 4.99994e+08 4.99994e+08 1499.57 -0.0179796 7872.69 
4.99996e+08 4.99999e+08 4.99989e+08 -3747.42 5327.52 -5623.27 
5.00002e+08 5.00001e+08 5.00001e+08 -1230.3 -0.0179796 -6951.33 
4.9999e+08 4.99997e+08 4.99989e+08 1823.4 4975.64 7387.32 
4.99997e+08 5e+08 5.00003e+08 1567 -1317.48 7598.99 
4.99997e+08 4.99998e+08 4.99991e+08 -3674.45 6019.83 -6186.86 
5.00008e+08 5.00008e+08 5.00011e+08 -1278.72 -1317.48 -7469.13 
4.9999e+08 4.99997e+08 4.99989e+08 1831.03 4612.75 7489.37 
4.99997e+08 5e+08 5.00003e+08 1614.02 -1678.75 7680.68 
4.99997e+08 4.99998e+08 4.99991e+08 -3651.51 5682.26 -6433.49 
5.00009e+08 5.00008e+08 5.00011e+08 -1306.63 -1678.75 -7689.89 
4.9999e+08 4.99997e+08 4.99989e+08 1920.29 4443.9 7673.13 
4.99996e+08 4.99999e+08 5.00002e+08 1645.17 -1314.99 7887.49 
4.99997e+08 4.99998e+08 4.99992e+08 -3607.55 5541.82 -6548.28 
5.00008e+08 5.00007e+08 5.0001e+08 -1318.53 -1314.99 -7770.95 
4.9999e+08 4.99997e+08 4.99988e+08 2136.26 3524.28 8096.18 
4.99991e+08 4.99994e+08 4.99994e+08 1659.72 -0.0150367 8390.12 
4.99997e+08 4.99998e+08 4.99991e+08 -3444.81 4643.92 -6394.14 
5.00003e+08 5.00002e+08 5.00002e+08 -1313.42 -0.0150367 -7516.87 
4.9999e+08 4.99997e+08 4.9999e+08 1875.14 4145.51 7988.31 
4.99996e+08 4.99999e+08 5.00002e+08 1715.36 -1132.43 8137.47 
4.99998e+08 4.99998e+08 4.99993e+08 -3379.78 5267.07 -6888.03 
5.00009e+08 5.00008e+08 5.0001e+08 -1349.39 -1132.43 -7973.88 
4.9999e+08 4.99997e+08 4.9999e+08 1882.15 3828.35 8071.21 
4.99996e+08 4.99999e+08 5.00002e+08 1754.57 -1451.62 8204.21 
4.99998e+08 4.99998e+08 4.99993e+08 -3356.27 4972.13 -7099.24 
5.00009e+08 5.00008e+08 5.0001e+08 -1368.86 -1451.62 -8163.72 
4.99991e+08 4.99997e+08 4.9999e+08 1961.9 3679.33 8227.59 
4.99995e+08 4.99999e+08 5.00001e+08 1780.75 -1142.6 8382.57 
4.99998e+08 4.99998e+08 4.99993e+08 -3314.39 4848.08 -7194.37 
5.00009e+08 5.00007e+08 5.0001e+08 -1375.19 -1142.6 -8230.13 
4.9999e+08 4.99997e+08 4.9999e+08 2154.35 2894.98 8594.99 
4.99991e+08 4.99994e+08 4.99994e+08 1792.84 -0.0133024 8822.17 
4.99998e+08 4.99998e+08 4.99992e+08 -3168.92 4082.74 -7052.51 
5.00004e+08 5.00003e+08 5.00003e+08 -1367.07 -0.0133024 -8001.63 
4.99991e+08 4.99997e+08 4.99991e+08 1929.2 3414 8494.3 
4.99995e+08 4.99998e+08 5.00001e+08 1841.57 -1004.6 8596.62 
4.99999e+08 4.99998e+08 4.99994e+08 -3112.87 4603.3 -7482.37 
5.00009e+08 5.00007e+08 5.0001e+08 -1395.59 -1004.6 -8401.3 
4.99991e+08 4.99997e+08 4.99991e+08 1938.09 3135.64 8562.62 
4.99995e+08 4.99998e+08 5.00001e+08 1876.12 -1289.9 8652.28 
4.99999e+08 4.99998e+08 4.99994e+08 -3091.21 4344.32 -7663.97 
5.00009e+08 5.00008e+08 5.0001e+08 -1409.89 -1289.9 -8565.27 
4.99991e+08 4.99997e+08 4.99991e+08 2011.02 3009.69 8695.24 
4.99995e+08 4.99998e+08 5e+08 1899.39 -1017.2 8805.69 
4.99999e+08 4.99999e+08 4.99994e+08 -3054.02 4240.17 -7744.07 
5.00009e+08 5.00007e+08 5.00009e+08 -1412.79 -1017.2 -8621.44 
4.99991e+08 4.99997e+08 4.99991e+08 2182.82 2363.01 9009.93 
4.99991e+08 4.99994e+08 4.99994e+08 1910.02 -0.0120406 9185.44 
4.99999e+08 4.99999e+08 4.99994e+08 -2928.21 3610.1 -7617.68 
5.00005e+08 5.00003e+08 5.00003e+08 -1402.76 -0.0120406 -8421.66 
4.99991e+08 4.99997e+08 4.99992e+08 1991.87 2780.5 8920.76 
4.99995e+08 4.99998e+08 5e+08 1953.92 -905.696 8989.49 
5e+08 4.99999e+08 4.99995e+08 -2879.18 4029 -7988.63 
5.00009e+08 5.00007e+08 5.00009e+08 -1426 -905.696 -8767.13 
4.99991e+08 4.99997e+08 4.99992e+08 2002.96 2535.27 8977.85 
4.99995e+08 4.99998e+08 5e+08 1985.2 -1162.74 9036.78 
5e+08 4.99999e+08 4.99995e+08 -2859.68 3800.62 -8144.73 
5.00009e+08 5.00007e+08 5.00009e+08 -1436.57 -1162.74 -8908.63 
4.99992e+08 4.99997e+08 4.99992e+08 2069.92 2431.18 9089.78 
4.99994e+08 4.99997e+08 4.99999e+08 2006.43 -917.519 9168.07 
5e+08 4.99999e+08 4.99995e+08 -2827.72 3715.43 -8213.05 
5.00009e+08 5.00007e+08 5.00009e+08 -1437.01 -917.519 -8957.41 
4.99991e+08 4.99997e+08 4.99992e+08 2222.24 1909.17 9355.12 
4.99991e+08 4.99994e+08 4.99994e+08 2016.04 -0.0110361 9491.3 
5e+08 4.99999e+08 4.99995e+08 -2721.65 3207.9 -8104.27 
5.00006e+08 5.00004e+08 5.00004e+08 -1425.56 -0.0110361 -8787.84 
4.99992e+08 4.99997e+08 4.99993e+08 2062.62 2235.6 9280.45 
4.99994e+08 4.99997e+08 4.99999e+08 2056.19 -824.641 9326.1 
5.00001e+08 4.99999e+08 4.99996e+08 -2677.04 3535.85 -8420.81 
5.00009e+08 5.00007e+08 5.00009e+08 -1444.66 -824.641 -9081.9 
4.99992e+08 4.99997e+08 4.99993e+08 2075.72 2018.77 9328.93 
4.99994e+08 4.99997e+08 4.99999e+08 2084.91 -1057.79 9367.13 
5.00001e+08 4.99999e+08 4.99996e+08 -2659.38 3333.58 -8554.62 
5.00009e+08 5.00007e+08 5.00009e+08 -1452.29 -1057.79 -9203.56 
4.99992e+08 4.99997e+08 4.99993e+08 2137.04 1934.15 9422.72 
4.99994e+08 4.99997e+08 4.99998e+08 2104.56 -834.852 9478.71 
5.00001e+08 4.99999e+08 4.99996e+08 -2632.53 3265.24 -8613.67 
5.00009e+08 5.00007e+08 5.00008e+08 -1450.77 -834.852 -9247.01 
4.99992e+08 4.99997e+08 4.99993e+08 2270.59 1520.77 9641.92 
4.99991e+08 4.99994e+08 4.99994e+08 2113.37 -0.0102017 9748.49 
5.00001e+08 4.99999e+08 4.99996e+08 -2545.6 2864.45 -8524.08 
5.00006e+08 5.00004e+08 5.00004e+08 -1438.2 -0.0102017 -9108.49 
4.99992e+08 4.99997e+08 4.99993e+08 2139.53 1768.23 9583.94 
4.99994e+08 4.99997e+08 4.99998e+08 2150.45 -756.508 9614.7 
5.00001e+08 4.99999e+08 4.99997e+08 -2502.94 3113.75 -8790.12 
5.00009e+08 5.00007e+08 5.00008e+08 -1453.88 -756.508 -9353.62 
4.99992e+08 4.99997e+08 4.99993e+08 2154.4 1575.78 9625.89 
4.99994e+08 4.99997e+08 4.99998e+08 2177.07 -969.322 9651.19 
5.00002e+08 5e+08 4.99997e+08 -2486.68 2933.79 -8904.28 
5.00009e+08 5.00007e+08 5.00009e+08 -1459.07 -969.322 -9457.58 
4.99992e+08 4.99997e+08 4.99994e+08 2210.36 1508.12 9703.68 
4.99993e+08 4.99996e+08 4.99998e+08 2195.42 -765.038 9745.1 
5.00002e+08 5e+08 4.99997e+08 -2464.65 2880.06 -8956.08 
5.00009e+08 5.00007e+08 5.00008e+08 -1455.93 -765.038 -9497.36 
4.99992e+08 4.99997e+08 4.99993e+08 2325.75 1188.22 9879.53 
4.99991e+08 4.99994e+08 4.99994e+08 2203.6 -0.00949665 9964.23 
5.00002e+08 5e+08 4.99997e+08 -2396.14 2571.1 -8886.92 
5.00007e+08 5.00005e+08 5.00005e+08 -1442.41 -0.00949665 -9390.39 
4.99992e+08 4.99997e+08 4.99994e+08 2220.84 1367.87 9839.93 
4.99993e+08 4.99996e+08 4.99998e+08 2238.09 -698.643 9862.23 
5.00002e+08 5e+08 4.99998e+08 -2353.29 2753.08 -9105.81 
5.00009e+08 5.00007e+08 5.00008e+08 -1455.2 -698.643 -9588.78 
4.99992e+08 4.99997e+08 4.99994e+08 2237.35 1196.33 9877.07 
4.99993e+08 4.99996e+08 4.99998e+08 2262.96 -894.11 9895.64 
5.00002e+08 5e+08 4.99998e+08 -2338.03 2592.22 -9202.52 
5.00009e+08 5.00007e+08 5.00008e+08 -1458.32 -894.11 -9676.84 
4.99992e+08 4.99998e+08 4.99994e+08 2288.25 1143.36 9940.62 
4.99993e+08 4.99996e+08 4.99997e+08 2280.24 -705.649 9973.65 
5.00002e+08 5e+08 4.99998e+08 -2320.54 2551.03 -9248.75 
5.00009e+08 5.00007e+08 5.00008e+08 -1453.79 -705.649 -9714.32 
4.99992e+08 4.99998e+08 4.99994e+08 2386.13 903.716 10075.5 
4.99991e+08 4.99994e+08 4.99994e+08 2287.9 -0.00889726 10144.6 
5.00002e+08 5e+08 4.99998e+08 -2269.8 2320.88 -9200.95 
5.00007e+08 5.00005e+08 5.00005e+08 -1439.46 -0.00889726 -9639.22 
4.99993e+08 4.99997e+08 4.99994e+08 2305.41 1025.14 10055.6 
4.99993e+08 4.99996e+08 4.99997e+08 2320.22 -649.317 10074.6 
5.00003e+08 5e+08 4.99998e+08 -2224.99 2445.29 -9375.59 
5.00009e+08 5.00007e+08 5.00008e+08 -1449.78 -649.317 -9792.81 
4.99993e+08 4.99998e+08 4.99994e+08 2323.54 871.554 10089.3 
4.99993e+08 4.99996e+08 4.99997e+08 2343.61 -829.971 10106.2 
5.00003e+08 5e+08 4.99998e+08 -2210.41 2300.76 -9456.7 
5.00009e+08 5.00007e+08 5.00008e+08 -1451.12 -829.971 -9866.52 
4.99993e+08 4.99998e+08 4.99995e+08 2369.78 831.273 10140.1 
4.99993e+08 4.99996e+08 4.99997e+08 2360.01 -654.993 10169.8 
5.00003e+08 5e+08 4.99998e+08 -2197.28 2270.33 -9498.75 
5.00009e+08 5.00007e+08 5.00008e+08 -1445.39 -654.993 -9902.83 
4.99993e+08 4.99998e+08 4.99995e+08 2450.81 660.736 10236.2 
4.99991e+08 4.99994e+08 4.99994e+08 2367.24 -0.0083872 10294.7 
5.00003e+08 5e+08 4.99998e+08 -2163.76 2108.05 -9473.03 
5.00008e+08 5.00005e+08 5.00005e+08 -1430.36 -0.0083872 -9859.85 
4.99993e+08 4.99998e+08 4.99995e+08 2392.7 731.899 10236.9 
4.99993e+08 4.99996e+08 4.99997e+08 2397.74 -607.232 10257 
5.00003e+08 5e+08 4.99999e+08 -2115.59 2182.99 -9605.89 
5.00009e+08 5.00007e+08 5.00008e+08 -1438.55 -607.232 -9970.34 
4.99993e+08 4.99998e+08 4.99995e+08 2412.57 593.712 10268.3 
4.99993e+08 4.99996e+08 4.99997e+08 2419.9 -775.227 10287.8 
5.00003e+08 5e+08 4.99999e+08 -2101.49 2052.42 -9672.94 
5.00009e+08 5.00007e+08 5.00008e+08 -1438.35 -775.227 -10031 
4.99993e+08 4.99998e+08 4.99995e+08 2454.57 564.409 10307.6 
4.99992e+08 4.99995e+08 4.99996e+08 2435.57 -611.757 10338.3 
5.00003e+08 5e+08 4.99999e+08 -2092.61 2031.23 -9711.94 
5.00009e+08 5.00007e+08 5.00007e+08 -1431.57 -611.757 -10067.1 
4.99993e+08 4.99998e+08 4.99995e+08 2519.47 453.765 10366.5 
4.99991e+08 4.99994e+08 4.99994e+08 2442.46 -0.00795418 10419.1 
5.00003e+08 5e+08 4.99999e+08 -2075.91 1927.76 -9708.83 
5.00008e+08 5.00005e+08 5.00005e+08 -1415.91 -0.00795418 -10056.4 
4.99993e+08 4.99998e+08 4.99995e+08 2482.76 481.113 10388.7 
4.99992e+08 4.99995e+08 4.99996e+08 2471.43 -571.334 10413.7 
5.00004e+08 5e+08 4.99999e+08 -2023.31 1959.8 -9802.02 
5.00009e+08 5.00007e+08 5.00007e+08 -1422.26 -571.334 -10125.3 
4.99993e+08 4.99998e+08 4.99995e+08 2504.56 356.129 10418.8 
4.99992e+08 4.99995e+08 4.99996e+08 2492.59 -728.505 10444.6 
5.00004e+08 5e+08 4.99999e+08 -2009.62 1841.15 -9856.29 
5.00009e+08 5.00007e+08 5.00007e+08 -1420.72 -728.505 -10174.1 
4.99993e+08 4.99998e+08 4.99995e+08 2542.82 336.349 10447.4 
4.99992e+08 4.99995e+08 4.99996e+08 2507.68 -574.851 10483.2 
5.00004e+08 5.00001e+08 4.99999e+08 -2004.99 1827.92 -9893.16 
5.00009e+08 5.00007e+08 5.00007e+08 -1413.03 -574.851 -10210.9 
4.99993e+08 4.99998e+08 4.99995e+08 2592.34 278.128 10470.7 
4.99991e+08 4.99994e+08 4.99994e+08 2514.31 -0.00758795 10521.5 
5.00004e+08 5.00001e+08 4.99999e+08 -2004.85 1775.94 -9913 
5.00008e+08 5.00005e+08 5.00005e+08 -1396.78 -0.00758795 -10232.4 
4.99993e+08 4.99998e+08 4.99996e+08 2576.13 266.74 10514.9 
4.99992e+08 4.99995e+08 4.99996e+08 2542.02 -540.739 10548.5 
5.00004e+08 5.00001e+08 5e+08 -1947.07 1770.27 -9968.32 
5.00009e+08 5.00007e+08 5.00007e+08 -1401.53 -540.739 -10261.2 
4.99993e+08 4.99998e+08 4.99995e+08 2600.14 153.06 10544.3 
4.99992e+08 4.99995e+08 4.99996e+08 2562.35 -688.643 10580.3 
5.00004e+08 5.00001e+08 5e+08 -1933.84 1661.8 -10010.9 
5.00009e+08 5.00007e+08 5.00007e+08 -1398.81 -688.643 -10299 
4.99993e+08 4.99998e+08 4.99996e+08 2635.2 141.57 10563.2 
4.99992e+08 4.99995e+08 4.99996e+08 2576.99 -543.353 10607.9 
5.00004e+08 5.00001e+08 5e+08 -1933.57 1655.43 -10046.3 
5.00009e+08 5.00007e+08 5.00007e+08 -1390.3 -543.353 -10337.1 
4.99993e+08 4.99998e+08 4.99996e+08 2670.16 129.879 10552.1 
4.99991e+08 4.99994e+08 4.99994e+08 2583.44 -0.00728011 10605.4 
5.00004e+08 5.00001e+08 5e+08 -1949.86 1649.19 -10089.3 
5.00008e+08 5.00006e+08 5.00006e+08 -1373.53 -0.00728011 -10391 
4.99993e+08 4.99998e+08 4.99996e+08 2673.8 83.5738 10618.7 
4.99992e+08 4.99995e+08 4.99996e+08 2610.12 -514.684 10664.7 
5.00004e+08 5.00001e+08 5e+08 -1886.49 1609.72 -10108.2 
5.00009e+08 5.00007e+08 5.00007e+08 -1376.88 -514.684 -10380.8 
4.99993e+08 4.99998e+08 4.99996e+08 2700.39 -20.4518 10647.9 
4.99992e+08 4.99995e+08 4.99996e+08 2629.81 -654.633 10698 
5.00004e+08 5.00001e+08 5e+08 -1873.91 1509.91 -10139.9 
5.0001e+08 5.00007e+08 5.00007e+08 -1373.11 -654.633 -10408.7 
4.99993e+08 4.99998e+08 4.99996e+08 2732.86 -24.6917 10657.7 
4.99992e+08 4.99995e+08 4.99995e+08 2644.11 -516.459 10715.5 
5.00004e+08 5.00001e+08 5e+08 -1878.23 1509.5 -10174.5 
5.00009e+08 5.00007e+08 5.00007e+08 -1363.86 -516.459 -10448.7 
4.99994e+08 4.99998e+08 4.99996e+08 2754.11 5.71064 10613.3 
4.99991e+08 4.99994e+08 4.99994e+08 2650.45 -0.00702318 10673.5 
5.00004e+08 5.00001e+08 5e+08 -1910.99 1544.68 -10240.5 
5.00009e+08 5.00006e+08 5.00006e+08 -1346.58 -0.00702318 -10534.7 
4.99993e+08 4.99998e+08 4.99996e+08 2777.22 -72.8838 10702.4 
4.99992e+08 4.99995e+08 4.99995e+08 2676.32 -492.507 10765 
5.00004e+08 5.00001e+08 5e+08 -1841.93 1474.13 -10224.4 
5.0001e+08 5.00007e+08 5.00007e+08 -1348.69 -492.507 -10486.9 
4.99993e+08 4.99998e+08 4.99996e+08 2806.84 -168.695 10731.8 
4.99992e+08 4.99995e+08 4.99995e+08 2695.51 -625.596 10800.3 
5.00004e+08 5.00001e+08 5e+08 -1830.33 1381.64 -10245.9 
5.0001e+08 5.00007e+08 5.00007e+08 -1343.99 -625.596 -10505.4 
4.99994e+08 4.99998e+08 4.99996e+08 2837.38 -166.563 10733 
4.99992e+08 4.99995e+08 4.99995e+08 2709.6 -493.465 10808.5 
5.00005e+08 5.00001e+08 5e+08 -1839.64 1386.45 -10279.9 
5.00009e+08 5.00007e+08 5.00007e+08 -1334.06 -493.465 -10547.8 
4.99994e+08 4.99998e+08 4.99996e+08 2845.89 -97.1231 10656.2 
4.99991e+08 4.99994e+08 4.99994e+08 2715.89 -0.00681132 10728.3 
5.00005e+08 5.00001e+08 5.00001e+08 -1889.06 1460.1 -10368.8 
5.00009e+08 5.00006e+08 5.00006e+08 -1316.29 -0.00681132 -10665.8 
4.99994e+08 4.99998e+08 4.99996e+08 2888.3 -206.549 10767.7 
4.99992e+08 4.99995e+08 4.99995e+08 2741.14 -473.62 10851.9 
5.00005e+08 5.00001e+08 5e+08 -1814.56 1360 -10318.7 
5.0001e+08 5.00007e+08 5.00007e+08 -1317.29 -473.62 -10581.5 
4.99994e+08 4.99998e+08 4.99996e+08 2921.49 -295.416 10797.7 
4.99992e+08 4.99995e+08 4.99995e+08 2759.98 -600.746 10889.7 
5.00005e+08 5.00001e+08 5e+08 -1804.5 1273.69 -10330.4 
5.0001e+08 5.00007e+08 5.00007e+08 -1311.74 -600.746 -10591.5 
4.99994e+08 4.99998e+08 4.99996e+08 2950.85 -287.652 10790.6 
4.99992e+08 4.99995e+08 4.99995e+08 2773.96 -473.74 10889.2 
5.00005e+08 5.00001e+08 5e+08 -1819.36 1283.08 -10364 
5.0001e+08 5.00007e+08 5.00007e+08 -1301.19 -473.74 -10636.7 
4.99994e+08 4.99998e+08 4.99997e+08 2947.67 -180.865 10682.3 
4.99991e+08 4.99994e+08 4.99994e+08 2780.27 -0.00663922 10772.1 
5.00005e+08 5.00001e+08 5.00001e+08 -1885.82 1393.63 -10475.3 
5.00009e+08 5.00006e+08 5.00006e+08 -1282.92 -0.00663922 -10786.3 
4.99994e+08 4.99998e+08 4.99996e+08 3009.45 -320.869 10815.9 
4.99992e+08 4.99995e+08 4.99995e+08 2805.07 -457.495 10927.3 
5.00005e+08 5.00001e+08 5.00001e+08 -1806.55 1264.3 -10392.2 
5.0001e+08 5.00007e+08 5.00007e+08 -1282.93 -457.495 -10666.7 
4.99994e+08 4.99998e+08 4.99996e+08 3046.85 -403.927 10846.4 
4.99992e+08 4.99995e+08 4.99995e+08 2823.69 -579.37 10967.8 
5.00005e+08 5.00001e+08 5.00001e+08 -1798.79 1183.15 -10394.4 
5.0001e+08 5.00007e+08 5.00007e+08 -1276.6 -579.37 -10668.7 
4.99994e+08 4.99998e+08 4.99997e+08 3075.87 -391.156 10831.3 
4.99992e+08 4.99995e+08 4.99995e+08 2837.67 -456.705 10959.3 
5.00005e+08 5.00001e+08 5.00001e+08 -1819.99 1196.63 -10427.6 
5.0001e+08 5.00007e+08 5.00007e+08 -1265.44 -456.705 -10717 
4.99994e+08 4.99999e+08 4.99997e+08 3062.21 -247.309 10692.2 
4.99991e+08 4.99994e+08 4.99994e+08 2844.06 -0.00650272 10806.6 
5.00005e+08 5.00001e+08 5.00001e+08 -1904.11 1343.89 -10560.5 
5.00009e+08 5.00006e+08 5.00006e+08 -1246.67 -0.00650272 -10897.8 
4.99994e+08 4.99998e+08 4.99997e+08 3143.66 -418.933 10847.3 
4.99992e+08 4.99995e+08 4.99995e+08 2868.56 -443.646 10992.9 
5.00005e+08 5.00001e+08 5.00001e+08 -1821.21 1184.34 -10445.1 
5.0001e+08 5.00007e+08 5.00007e+08 -1245.77 -443.646 -10744.2 
4.99994e+08 4.99998e+08 4.99997e+08 3186.02 -497.219 10878.3 
4.99992e+08 4.99995e+08 4.99995e+08 2887.1 -560.802 11036.5 
5.00005e+08 5.00001e+08 5.00001e+08 -1816.83 1107.43 -10437.8 
5.0001e+08 5.00007e+08 5.00007e+08 -1238.7 -560.802 -10738.9 
4.99994e+08 4.99999e+08 4.99997e+08 3215.65 -479.972 10855.3 
4.99992e+08 4.99994e+08 4.99995e+08 2901.16 -441.818 11020.3 
5.00005e+08 5.00001e+08 5.00001e+08 -1845.44 1124.6 -10470.3 
5.0001e+08 5.00007e+08 5.00007e+08 -1226.97 -441.818 -10790.6 
4.99994e+08 4.99999e+08 4.99997e+08 3192.9 -297.852 10686.1 
4.99991e+08 4.99994e+08 4.99994e+08 2907.7 -0.00639802 10833.4 
5.00005e+08 5.00001e+08 5.00001e+08 -1948.08 1309.92 -10623.7 
5.0001e+08 5.00006e+08 5.00006e+08 -1207.66 -0.00639802 -11001.8 
4.99994e+08 4.99999e+08 4.99997e+08 3294.52 -503.589 10861.7 
4.99992e+08 4.99995e+08 4.99995e+08 2932.05 -431.615 11050.1 
5.00005e+08 5.00001e+08 5.00001e+08 -1863.3 1117.74 -10476.7 
5.0001e+08 5.00007e+08 5.00007e+08 -1205.91 -431.615 -10815.7 
4.99994e+08 4.99999e+08 4.99997e+08 3342.71 -578.08 10892.9 
4.99992e+08 4.99995e+08 4.99995e+08 2950.61 -544.407 11096.8 
5.00005e+08 5.00001e+08 5.00001e+08 -1863.75 1044.23 -10459.8 
5.0001e+08 5.00007e+08 5.00007e+08 -1198.13 -544.407 -10803.5 
4.99994e+08 4.99999e+08 4.99997e+08 3374.05 -556.817 10862 
4.99992e+08 4.99994e+08 4.99994e+08 2964.87 -428.556 11073.6 
5.00005e+08 5.00001e+08 5.00001e+08 -1901.22 1064.78 -10491.1 
5.0001e+08 5.00007e+08 5.00007e+08 -1185.83 -428.556 -10858.7 
4.99995e+08 4.99999e+08 4.99997e+08 3343.86 -333.536 10663.6 
4.99992e+08 4.99994e+08 4.99994e+08 2971.61 -0.00632213 10854 
5.00006e+08 5.00001e+08 5.00001e+08 -2023.6 1291.18 -10663.3 
5.0001e+08 5.00007e+08 5.00007e+08 -1165.96 -0.00632213 -11099.4 
4.99994e+08 4.99999e+08 4.99997e+08 3466.38 -577.57 10858.4 
4.99992e+08 4.99994e+08 4.99994e+08 2995.94 -420.968 11100 
5.00006e+08 5.00001e+08 5.00001e+08 -1939.4 1062.26 -10485.2 
5.0001e+08 5.00007e+08 5.00007e+08 -1163.39 -420.968 -10882.6 
4.99994e+08 4.99999e+08 4.99997e+08 3521.39 -649.223 10889.3 
4.99992e+08 4.99994e+08 4.99994e+08 3014.64 -529.574 11149.7 
5.00006e+08 5.00001e+08 5.00001e+08 -1946.65 991.374 -10458.4 
5.0001e+08 5.00007e+08 5.00007e+08 -1154.9 -529.574 -10864.2 
4.99995e+08 4.99999e+08 4.99997e+08 3555.68 -624.36 10850.3 
4.99992e+08 4.99994e+08 4.99994e+08 3029.19 -416.413 11119.9 
5.00006e+08 5.00001e+08 5.00001e+08 -1994.89 1015.09 -10487.5 
5.0001e+08 5.00007e+08 5.00007e+08 -1142.03 -416.413 -10922.9 
4.99995e+08 4.99999e+08 4.99998e+08 3519.98 -355.113 10623.5 
4.99992e+08 4.99995e+08 4.99995e+08 3036.18 -0.0062737 10869.5 
5.00006e+08 5.00001e+08 5.00002e+08 -2138.62 1287.55 -10676.3 
5.0001e+08 5.00007e+08 5.00007e+08 -1121.54 -0.0062737 -11191.6 
4.99995e+08 4.99999e+08 4.99997e+08 3664.32 -643.646 10835.6 
4.99992e+08 4.99994e+08 4.99994e+08 3060.62 -411.323 11143.2 
5.00006e+08 5.00001e+08 5.00001e+08 -2058.46 1015.8 -10467.7 
5.0001e+08 5.00007e+08 5.00007e+08 -1118.15 -411.323 -10946.3 
4.99995e+08 4.99999e+08 4.99997e+08 3727.29 -713.46 10865.5 
4.99992e+08 4.99994e+08 4.99994e+08 3079.56 -515.755 11195.8 
5.00006e+08 5.00001e+08 5.00001e+08 -2075.09 946.759 -10430.2 
5.0001e+08 5.00007e+08 5.00007e+08 -1108.96 -515.755 -10922.3 
4.99995e+08 4.99999e+08 4.99997e+08 3765.93 -685.393 10818.3 
4.99992e+08 4.99994e+08 4.99994e+08 3094.49 -404.94 11159.8 
5.00006e+08 5.00001e+08 5.00001e+08 -2136.64 973.503 -10455.8 
5.0001e+08 5.00007e+08 5.00007e+08 -1095.48 -404.94 -10984.5 
4.99995e+08 4.99999e+08 4.99998e+08 3727.04 -363.135 10564.2 
4.99992e+08 4.99995e+08 4.99995e+08 3101.77 -0.00625263 10880.9 
5.00006e+08 5.00001e+08 5.00002e+08 -2303.88 1299.31 -10658.1 
5.00011e+08 5.00007e+08 5.00007e+08 -1074.27 -0.00625263 -11279.3 
4.99995e+08 4.99999e+08 4.99997e+08 3894.26 -704.837 10790.8 
4.99992e+08 4.99994e+08 4.99994e+08 3126.42 -402.463 11180 
5.00006e+08 5.00001e+08 5.00001e+08 -2232.4 976.203 -10419.4 
5.00011e+08 5.00007e+08 5.00007e+08 -1070.05 -402.463 -11008.3 
4.99995e+08 4.99999e+08 4.99997e+08 3966.4 -773.94 10818.8 
4.99992e+08 4.99994e+08 4.99994e+08 3145.67 -502.638 11235.1 
5.00006e+08 5.00001e+08 5.00001e+08 -2261.88 908.192 -10370.3 
5.00011e+08 5.00007e+08 5.00007e+08 -1060.08 -502.638 -10979.3 
4.99995e+08 4.99999e+08 4.99997e+08 4010.96 -743.082 10763 
4.99992e+08 4.99994e+08 4.99994e+08 3161.05 -393.901 11193.3 
5.00006e+08 5.00001e+08 5.00001e+08 -2340.06 937.906 -10390.5 
5.00011e+08 5.00007e+08 5.00007e+08 -1045.92 -393.901 -11044.9 
4.99996e+08 5e+08 4.99998e+08 3971.61 -358.147 10483 
4.99993e+08 4.99995e+08 4.99995e+08 3168.61 -0.00626382 10888.7 
5.00007e+08 5.00001e+08 5.00002e+08 -2533.63 1327.07 -10602 
5.00012e+08 5.00008e+08 5.00008e+08 -1023.85 -0.00626382 -11363.1 
4.99995e+08 4.99999e+08 4.99997e+08 4162.79 -764.74 10720.8 
4.99992e+08 4.99994e+08 4.99994e+08 3193.53 -394.717 11210.2 
5.00006e+08 5.00001e+08 5.00001e+08 -2477.01 941.091 -10333.9 
5.00011e+08 5.00007e+08 5.00007e+08 -1018.7 -394.717 -11069.9 
4.99995e+08 4.99999e+08 4.99997e+08 4245.32 -834.569 10745.6 
4.99992e+08 4.99994e+08 4.99994e+08 3213.13 -490.711 11267.1 
5.00006e+08 5.00001e+08 5.00001e+08 -2523.85 873.109 -10271.6 
5.00011e+08 5.00007e+08 5.00007e+08 -1007.83 -490.711 -11036.9 
4.99995e+08 5e+08 4.99997e+08 4297.45 -801.386 10680.7 
4.99992e+08 4.99994e+08 4.99994e+08 3228.94 -383.803 11219.8 
5.00007e+08 5.00001e+08 5.00001e+08 -2623 905.828 -10283.9 
5.00011e+08 5.00007e+08 5.00007e+08 -992.814 -383.803 -11105.5 
4.99996e+08 5e+08 4.99998e+08 4260.83 -341.147 10376.9 
4.99993e+08 4.99995e+08 4.99995e+08 3236.65 -0.00632901 10893.2 
5.00007e+08 5.00002e+08 5.00002e+08 -2846.46 1371.46 -10498.8 
5.00012e+08 5.00008e+08 5.00008e+08 -969.566 -0.00632901 -11443.2 
4.99996e+08 5e+08 4.99997e+08 4476.72 -828.157 10621.1 
4.99992e+08 4.99994e+08 4.99994e+08 3261.82 -390.137 11232.9 
5.00007e+08 5.00001e+08 5.00001e+08 -2812.67 907.394 -10202 
5.00012e+08 5.00007e+08 5.00007e+08 -963.276 -390.137 -11132.6 
4.99996e+08 5e+08 4.99997e+08 4570.63 -900.851 10641 
4.99992e+08 4.99994e+08 4.99994e+08 3281.62 -482.995 11290.3 
5.00007e+08 5.00001e+08 5.00001e+08 -2882.6 837.924 -10124.6 
5.00012e+08 5.00007e+08 5.00007e+08 -951.172 -482.995 -11096.5 
4.99996e+08 5e+08 4.99997e+08 4631.82 -865.903 10566.7 
4.99992e+08 4.99994e+08 4.99994e+08 3297.61 -377.48 11237.9 
5.00007e+08 5.00001e+08 5.00001e+08 -3008.19 873.804 -10125.3 
5.00012e+08 5.00007e+08 5.00007e+08 -934.849 -377.48 -11167.4 
4.99997e+08 5e+08 4.99999e+08 4601.43 -314.785 10241.7 
4.99994e+08 4.99996e+08 4.99996e+08 3304.94 -0.00651057 10894.2 
5.00008e+08 5.00002e+08 5.00002e+08 -3265.93 1432.16 -10335.6 
5.00013e+08 5.00009e+08 5.00009e+08 -909.685 -0.00651057 -11519.3 
4.99996e+08 5e+08 4.99997e+08 4841.64 -902.458 10486.5 
4.99992e+08 4.99995e+08 4.99994e+08 3330.05 -395.954 11245.8 
5.00007e+08 5.00001e+08 5.00001e+08 -3264.52 870.253 -10011.3 
5.00012e+08 5.00008e+08 5.00007e+08 -901.732 -395.954 -11197.4 
4.99996e+08 5e+08 4.99997e+08 4947.05 -981.88 10499.5 
4.99993e+08 4.99994e+08 4.99994e+08 3349.46 -490.168 11302.2 
5.00007e+08 5.00001e+08 5.00001e+08 -3364.44 796.327 -9915.97 
5.00012e+08 5.00008e+08 5.00007e+08 -887.567 -490.168 -11159.2 
4.99996e+08 5e+08 4.99997e+08 5018.1 -945.825 10415.2 
4.99993e+08 4.99995e+08 4.99994e+08 3364.67 -384.805 11245 
5.00007e+08 5.00001e+08 5.00001e+08 -3522.88 835.737 -9900.31 
5.00013e+08 5.00008e+08 5.00007e+08 -868.727 -384.805 -11231.2 
4.99997e+08 5e+08 4.99999e+08 4997.14 -286.663 10072.6 
4.99995e+08 4.99996e+08 4.99996e+08 3369.96 -0.00700993 10889.8 
5.00008e+08 5.00001e+08 5.00002e+08 -3819.72 1505 -10095.5 
5.00015e+08 5.0001e+08 5.0001e+08 -839.729 -0.00700993 -11589.9 
4.99996e+08 5e+08 4.99997e+08 5259.83 -1002.02 10315.6 
4.99993e+08 4.99995e+08 4.99994e+08 3393.98 -437.143 11250.5 
5.00008e+08 5.00001e+08 5.00001e+08 -3858.12 818.934 -9741.28 
5.00013e+08 5.00008e+08 5.00007e+08 -828.819 -437.143 -11258.7 
4.99996e+08 4.99999e+08 4.99997e+08 5382.3 -1102.1 10336.8 
4.99993e+08 4.99995e+08 4.99994e+08 3411.19 -552.411 11324.3 
5.00008e+08 5e+08 5.00001e+08 -3986.57 727.425 -9607.81 
5.00013e+08 5.00008e+08 5.00007e+08 -810.483 -552.411 -11198.3 
4.99996e+08 4.99999e+08 4.99997e+08 5499.3 -1168.94 10327.8 
4.99993e+08 4.99994e+08 4.99993e+08 3423.49 -453.573 11365.7 
5.0001e+08 4.99986e+08 5.00051e+08 -5804.32 -28786.8 10233.3 
5.00022e+08 4.99993e+08 5.00059e+08 -7980.34 -28786.8 -2511.2 
4.99978e+08 4.99976e+08 4.99981e+08 -3795.83 2936.57 9559.78 
4.9999e+08 4.99984e+08 4.99989e+08 -6299.37 2936.57 -4328.55 
4.9998e+08 4.99979e+08 4.99983e+08 -3532.7 3350.48 9663.3 
4.99992e+08 4.99987e+08 4.9999e+08 -6119.79 3350.48 -4606.34 
4.99982e+08 4.99983e+08 4.99982e+08 -3078.45 2878.27 10043.9 
4.99994e+08 4.99991e+08 4.9999e+08 -5705.7 2878.27 -4594.05 
4.99973e+08 4.99969e+08 4.99975e+08 -4047.01 4592.1 10259.9 
4.99985e+08 4.99977e+08 4.99983e+08 -6752.98 4592.1 -4583.98 
4.99977e+08 4.99974e+08 4.9998e+08 -3774.17 3306.87 10226.8 
4.99989e+08 4.99982e+08 4.99988e+08 -6569.84 3306.87 -4907.98 
4.99978e+08 4.99976e+08 4.99981e+08 -3677.05 3510.61 10417.6 
4.99991e+08 4.99985e+08 4.99989e+08 -6531.74 3510.61 -5030.58 
4.9998e+08 4.9998e+08 4.99981e+08 -3293.17 2988.12 10769.4 
4.99993e+08 4.99988e+08 4.99989e+08 -6172.79 2988.12 -4987.26 
4.99972e+08 4.99968e+08 4.99974e+08 -4173.48 4562.3 10960.8 
4.99986e+08 4.99977e+08 4.99983e+08 -7112.95 4562.3 -4968.25 
4.99976e+08 4.99972e+08 4.99978e+08 -3930.04 3472.46 10923.2 
4.99989e+08 4.99981e+08 4.99987e+08 -6939.22 3472.46 -5252.05 
4.99977e+08 4.99975e+08 4.99979e+08 -3843.25 3669.76 11085.6 
4.99991e+08 4.99984e+08 4.99988e+08 -6897.65 3669.76 -5356.37 
4.99978e+08 4.99977e+08 4.99979e+08 -3503.01 3260.15 11390.4 
4.99992e+08 4.99987e+08 4.99988e+08 -6574.31 3260.15 -5314.75 
4.99972e+08 4.99967e+08 4.99974e+08 -4278.3 4593.31 11555.3 
4.99986e+08 4.99976e+08 4.99983e+08 -7397.94 4593.31 -5295.29 
4.99975e+08 4.99971e+08 4.99977e+08 -4062.06 3651.54 11518 
4.99989e+08 4.9998e+08 4.99986e+08 -7239.77 3651.54 -5543.04 
4.99976e+08 4.99973e+08 4.99978e+08 -3984.42 3836.55 11656.7 
4.9999e+08 4.99983e+08 4.99987e+08 -7199.17 3836.55 -5633.11 
4.99977e+08 4.99975e+08 4.99977e+08 -3687.99 3555.2 11919.6 
4.99991e+08 4.99985e+08 4.99987e+08 -6915.11 3555.2 -5596.34 
4.99971e+08 4.99966e+08 4.99973e+08 -4358.16 4640.36 12060.7 
4.99986e+08 4.99976e+08 4.99983e+08 -7625.59 4640.36 -5578.18 
4.99974e+08 4.99969e+08 4.99975e+08 -4168.34 3818.24 12026.9 
4.99989e+08 4.99979e+08 4.99985e+08 -7485.79 3818.24 -5792.76 
4.99975e+08 4.99971e+08 4.99976e+08 -4100.05 3990.32 12145.7 
4.9999e+08 4.99982e+08 4.99986e+08 -7448.78 3990.32 -5870.98 
4.99976e+08 4.99974e+08 4.99976e+08 -3847.61 3828.46 12370.9 
4.99991e+08 4.99984e+08 4.99986e+08 -7205.64 3828.46 -5840.67 
4.9997e+08 4.99965e+08 4.99972e+08 -4414.87 4688.55 12490.7 
4.99986e+08 4.99976e+08 4.99982e+08 -7806.98 4688.55 -5824.82 
4.99973e+08 4.99968e+08 4.99974e+08 -4251.11 3966.04 12462.6 
4.99988e+08 4.99979e+08 4.99985e+08 -7687.01 3966.04 -6008.51 
4.99974e+08 4.9997e+08 4.99975e+08 -4192.68 4126.19 12564.7 
4.99989e+08 4.99981e+08 4.99985e+08 -7655.36 4126.19 -6076.59 
4.99975e+08 4.99972e+08 4.99975e+08 -3984.32 4069.22 12755.9 
4.99991e+08 4.99983e+08 4.99986e+08 -7453.95 4069.22 -6053.74 
4.9997e+08 4.99965e+08 4.99971e+08 -4451.44 4733.22 12856.5 
4.99986e+08 4.99975e+08 4.99982e+08 -7950.04 4733.22 -6040.87 
4.99972e+08 4.99967e+08 4.99973e+08 -4313.5 4094.78 12836.1 
4.99988e+08 4.99978e+08 4.99984e+08 -7850.76 4094.78 -6195.6 
4.99973e+08 4.99969e+08 4.99974e+08 -4265.44 4244.41 12923.9 
4.99989e+08 4.9998e+08 4.99985e+08 -7825.79 4244.41 -6254.88 
4.99974e+08 4.99971e+08 4.99974e+08 -4101.13 4277.83 13084.4 
4.9999e+08 4.99982e+08 4.99985e+08 -7666.5 4277.83 -6240.22 
4.99969e+08 4.99964e+08 4.9997e+08 -4470.83 4773.22 13167.6 
4.99986e+08 4.99975e+08 4.99981e+08 -8060.89 4773.22 -6230.85 
4.99971e+08 4.99967e+08 4.99972e+08 -4358.44 4206.2 13156.2 
4.99988e+08 4.99978e+08 4.99984e+08 -7982.87 4206.2 -6358.29 
4.99972e+08 4.99968e+08 4.99973e+08 -4321.19 4346.71 13232.2 
4.99989e+08 4.9998e+08 4.99984e+08 -7965.59 4346.71 -6409.9 
4.99973e+08 4.9997e+08 4.99973e+08 -4200.81 4457.84 13364.7 
4.9999e+08 4.99982e+08 4.99984e+08 -7848.62 4457.84 -6404.02 
4.99969e+08 4.99964e+08 4.9997e+08 -4475.61 4808.54 13432.1 
4.99986e+08 4.99975e+08 4.99981e+08 -8144.47 4808.54 -6398.58 
4.99971e+08 4.99966e+08 4.99972e+08 -4388.52 4302.42 13431 
4.99988e+08 4.99977e+08 4.99983e+08 -8088.09 4302.42 -6500.19 
4.99972e+08 4.99968e+08 4.99972e+08 -4362.4 4435.12 13496.9 
4.99989e+08 4.99979e+08 4.99984e+08 -8079.31 4435.12 -6545.08 
4.99972e+08 4.99969e+08 4.99972e+08 -4285.75 4613.43 13603.7 
4.9999e+08 4.99981e+08 4.99984e+08 -8004.72 4613.43 -6548.45 
4.99969e+08 4.99963e+08 4.99969e+08 -4467.95 4839.52 13656.7 
4.99986e+08 4.99975e+08 4.99981e+08 -8204.86 4839.52 -6547.31 
4.9997e+08 4.99965e+08 4.99971e+08 -4405.87 4385.51 13666.8 
4.99988e+08 4.99977e+08 4.99983e+08 -8170.38 4385.51 -6624.36 
4.99971e+08 4.99967e+08 4.99972e+08 -4391.13 4511.55 13724.4 
4.99988e+08 4.99979e+08 4.99983e+08 -8170.74 4511.55 -6663.38 
4.99972e+08 4.99969e+08 4.99972e+08 -4357.94 4748.61 13807.5 
4.99989e+08 4.9998e+08 4.99983e+08 -8138.45 4748.61 -6676.4 
4.99968e+08 4.99963e+08 4.99969e+08 -4449.61 4866.56 13847.3 
4.99986e+08 4.99975e+08 4.99981e+08 -8245.41 4866.56 -6679.86 
4.9997e+08 4.99965e+08 4.9997e+08 -4412.24 4457.29 13869.6 
4.99988e+08 4.99977e+08 4.99982e+08 -8233.01 4457.29 -6733.5 
4.99971e+08 4.99966e+08 4.99971e+08 -4409.05 4577.72 13920.1 
4.99988e+08 4.99978e+08 4.99983e+08 -8243 4577.72 -6767.36 
4.99971e+08 4.99968e+08 4.99971e+08 -4418.99 4867 13981.2 
4.99989e+08 4.9998e+08 4.99983e+08 -8252.87 4867 -6790.36 
4.99968e+08 4.99963e+08 4.99969e+08 -4422.06 4889.99 14008.9 
4.99986e+08 4.99975e+08 4.9998e+08 -8268.95 4889.99 -6798.7 
4.99969e+08 4.99965e+08 4.9997e+08 -4409.08 4519.37 14043.9 
4.99987e+08 4.99977e+08 4.99982e+08 -8278.69 4519.37 -6829.93 
4.9997e+08 4.99966e+08 4.9997e+08 -4417.52 4635.1 14088.6 
4.99988e+08 4.99978e+08 4.99982e+08 -8298.7 4635.1 -6859.27 
4.99971e+08 4.99967e+08 4.99971e+08 -4470.19 4971.87 14129.4 
4.99989e+08 4.9998e+08 4.99983e+08 -8350.48 4971.87 -6892.51 
4.99968e+08 4.99962e+08 4.99968e+08 -4386.45 4910.11 14145.8 
4.99986e+08 4.99974e+08 4.9998e+08 -8277.81 4910.11 -6905.97 
4.99969e+08 4.99964e+08 4.9997e+08 -4397.52 4573.11 14194.1 
4.99987e+08 4.99976e+08 4.99982e+08 -8309.7 4573.11 -6915.73 
4.9997e+08 4.99965e+08 4.9997e+08 -4417.61 4684.97 14234 
4.99988e+08 4.99978e+08 4.99982e+08 -8339.99 4684.97 -6941.09 
4.99971e+08 4.99967e+08 4.9997e+08 -4512.5 5066.18 14255.6 
4.99989e+08 4.99979e+08 4.99982e+08 -8433.31 5066.18 -6984.8 
4.99968e+08 4.99962e+08 4.99968e+08 -4343.73 4927.09 14261.6 
4.99986e+08 4.99974e+08 4.9998e+08 -8273.94 4927.09 -7003.57 
4.99969e+08 4.99964e+08 4.99969e+08 -4378.45 4619.69 14323.6 
4.99987e+08 4.99976e+08 4.99981e+08 -8327.87 4619.69 -6992.71 
4.9997e+08 4.99965e+08 4.9997e+08 -4410.13 4728.41 14359.5 
4.99988e+08 4.99977e+08 4.99982e+08 -8368.6 4728.41 -7014.61 
4.9997e+08 4.99967e+08 4.9997e+08 -4546.61 5152.7 14363.1 
4.99989e+08 4.99979e+08 4.99982e+08 -8502.96 5152.7 -7068.94 
4.99968e+08 4.99962e+08 4.99968e+08 -4294.61 4941.01 14359.4 
4.99986e+08 4.99974e+08 4.9998e+08 -8258.9 4941.01 -7093.21 
4.99969e+08 4.99964e+08 4.99969e+08 -4352.52 4660.09 14435.4 
4.99987e+08 4.99976e+08 4.99981e+08 -8334.7 4660.09 -7062.54 
4.99969e+08 4.99965e+08 4.99969e+08 -4395.63 4766.35 14467.9 
4.99988e+08 4.99977e+08 4.99982e+08 -8385.89 4766.35 -7081.42 
4.9997e+08 4.99966e+08 4.9997e+08 -4572.9 5234.08 14454.6 
4.99989e+08 4.99979e+08 4.99982e+08 -8560.6 5234.08 -7146.49 
4.99967e+08 4.99962e+08 4.99967e+08 -4239.59 4951.8 14441.8 
4.99986e+08 4.99974e+08 4.9998e+08 -8233.97 4951.8 -7176.4 
4.99968e+08 4.99963e+08 4.99969e+08 -4320.16 4695.13 14531.9 
4.99987e+08 4.99976e+08 4.99981e+08 -8331.3 4695.13 -7126.77 
4.99969e+08 4.99964e+08 4.99969e+08 -4374.42 4799.55 14561.7 
4.99988e+08 4.99977e+08 4.99982e+08 -8392.85 4799.55 -7143.06 
4.9997e+08 4.99966e+08 4.99969e+08 -4591.45 5312.95 14532.2 
4.99989e+08 4.99979e+08 4.99982e+08 -8606.97 5312.95 -7218.9 
4.99967e+08 4.99962e+08 4.99967e+08 -4178.99 4959.26 14510.9 
4.99986e+08 4.99974e+08 4.9998e+08 -8200.09 4959.26 -7254.62 
4.99968e+08 4.99963e+08 4.99968e+08 -4281.51 4725.5 14615.1 
4.99987e+08 4.99976e+08 4.99981e+08 -8318.46 4725.5 -7186.87 
4.99969e+08 4.99964e+08 4.99969e+08 -4346.52 4828.66 14642.5 
4.99988e+08 4.99977e+08 4.99981e+08 -8390.1 4828.66 -7200.99 
4.9997e+08 4.99966e+08 4.99969e+08 -4601.92 5392.06 14597.7 
4.99989e+08 4.99978e+08 4.99982e+08 -8642.34 5392.06 -7287.6 
4.99967e+08 4.99961e+08 4.99967e+08 -4112.86 4963.03 14568.4 
4.99986e+08 4.99974e+08 4.9998e+08 -8157.86 4963.03 -7329.24 
4.99968e+08 4.99963e+08 4.99968e+08 -4236.46 4751.73 14686.5 
4.99987e+08 4.99976e+08 4.99981e+08 -8296.56 4751.73 -7244.35 
4.99969e+08 4.99964e+08 4.99968e+08 -4311.61 4854.22 14711.7 
4.99988e+08 4.99977e+08 4.99981e+08 -8377.82 4854.22 -7256.71 
4.9997e+08 4.99966e+08 4.99969e+08 -4603.55 5474.41 14652.4 
4.99989e+08 4.99978e+08 4.99982e+08 -8666.43 5474.41 -7354.01 
4.99967e+08 4.99961e+08 4.99967e+08 -4041.02 4962.57 14615.6 
4.99987e+08 4.99974e+08 4.9998e+08 -8107.56 4962.57 -7401.71 
4.99968e+08 4.99963e+08 4.99968e+08 -4184.52 4774.29 14746.9 
4.99988e+08 4.99976e+08 4.99981e+08 -8265.55 4774.29 -7300.79 
4.99969e+08 4.99964e+08 4.99968e+08 -4268.94 4876.71 14770.1 
4.99988e+08 4.99977e+08 4.99981e+08 -8355.67 4876.71 -7311.86 
4.9997e+08 4.99965e+08 4.99969e+08 -4594.94 5563.44 14696.9 
4.99989e+08 4.99978e+08 4.99982e+08 -8678.25 5563.44 -7419.69 
4.99967e+08 4.99961e+08 4.99967e+08 -3962.9 4957.21 14653 
4.99987e+08 4.99974e+08 4.9998e+08 -8048.99 4957.21 -7473.57 
4.99968e+08 4.99963e+08 4.99968e+08 -4124.75 4793.65 14796.8 
4.99988e+08 4.99976e+08 4.99981e+08 -8224.83 4793.65 -7358.03 
4.99969e+08 4.99964e+08 4.99968e+08 -4217.23 4896.71 14817.8 
4.99988e+08 4.99977e+08 4.99981e+08 -8322.66 4896.71 -7368.33 
4.9997e+08 4.99965e+08 4.99969e+08 -4573.91 5663.42 14731.3 
4.99989e+08 4.99978e+08 4.99982e+08 -8675.91 5663.42 -7486.39 
4.99967e+08 4.99961e+08 4.99967e+08 -3877.57 4946.34 14680.8 
4.99987e+08 4.99974e+08 4.9998e+08 -7981.41 4946.34 -7546.61 
4.99968e+08 4.99963e+08 4.99967e+08 -4055.62 4810.52 14835.5 
4.99988e+08 4.99976e+08 4.99981e+08 -8173.04 4810.52 -7418.2 
4.99969e+08 4.99964e+08 4.99968e+08 -4154.49 4915.33 14854.1 
4.99989e+08 4.99977e+08 4.99981e+08 -8276.93 4915.33 -7428.39 
4.9997e+08 4.99965e+08 4.99968e+08 -4537.24 5780.27 14755 
4.99989e+08 4.99978e+08 4.99982e+08 -8656.23 5780.27 -7556.25 
4.99968e+08 4.99961e+08 4.99967e+08 -3783.53 4930.17 14698.1 
4.99987e+08 4.99975e+08 4.9998e+08 -7903.3 4930.17 -7622.94 
4.99968e+08 4.99963e+08 4.99967e+08 -3974.91 4826.7 14861.9 
4.99988e+08 4.99976e+08 4.99981e+08 -8107.8 4826.7 -7484.01 
4.99969e+08 4.99964e+08 4.99968e+08 -4077.86 4935.43 14877.2 
4.99989e+08 4.99977e+08 4.99981e+08 -8215.35 4935.43 -7494.87 
4.9997e+08 4.99965e+08 4.99968e+08 -4480.49 5923.59 14766.2 
4.9999e+08 4.99978e+08 4.99982e+08 -8614.34 5923.59 -7631.88 
4.99968e+08 4.99961e+08 4.99967e+08 -3678.75 4911.88 14703.2 
4.99988e+08 4.99975e+08 4.9998e+08 -7811.91 4911.88 -7705.15 
4.99968e+08 4.99963e+08 4.99967e+08 -3879.57 4847.37 14873 
4.99989e+08 4.99976e+08 4.99981e+08 -8025.16 4847.37 -7558.74 
4.99969e+08 4.99964e+08 4.99967e+08 -3983.64 4965.29 14884 
4.99989e+08 4.99977e+08 4.99981e+08 -8132.94 4965.29 -7571.3 
4.9997e+08 4.99965e+08 4.99968e+08 -4398.14 6112.17 14762 
4.9999e+08 4.99979e+08 4.99982e+08 -8542.88 6112.17 -7716.45 
4.99968e+08 4.99961e+08 4.99966e+08 -3560.89 4904.36 14692.9 
4.99988e+08 4.99975e+08 4.9998e+08 -7702.55 4904.36 -7796.18 
4.99969e+08 4.99963e+08 4.99967e+08 -3766.21 4887.76 14864.6 
4.99989e+08 4.99976e+08 4.99981e+08 -7918.7 4887.76 -7646.25 
4.99969e+08 4.99964e+08 4.99967e+08 -3868.02 5029.18 14869.9 
4.9999e+08 4.99977e+08 4.99981e+08 -8021.87 5029.18 -7661.64 
4.9997e+08 4.99965e+08 4.99968e+08 -4284.96 6389.52 14738 
4.99991e+08 4.99979e+08 4.99982e+08 -8431.09 6389.52 -7813.33 
4.99968e+08 4.99961e+08 4.99966e+08 -3421.39 4946.71 14663.5 
4.99989e+08 4.99975e+08 4.9998e+08 -7559.52 4946.71 -7897.16 
4.99969e+08 4.99963e+08 4.99966e+08 -3600.4 4977.43 14840.2 
4.9999e+08 4.99977e+08 4.9998e+08 -7745.28 4977.43 -7740.01 
4.99969e+08 4.99964e+08 4.99967e+08 -3570.25 4998.87 14878.2 
4.99991e+08 4.99978e+08 4.99981e+08 -7710.09 4998.87 -7719.37 
4.99992e+08 4.99993e+08 4.99993e+08 2109.39 112.5 10817.7 
5.00013e+08 5.00007e+08 5.00007e+08 -2109.39 112.5 -11700.2 
4.99992e+08 4.99993e+08 4.99993e+08 2345.59 17.2322 10817.7 
5.00013e+08 5.00007e+08 5.00007e+08 -1873.18 17.2322 -11700.2 
TENSORS6 error float
2630.2 -360.644 947.655 -3192.91 346.623 -4850.24 
9855.5 8009.82 7483.52 -621.014 -585.43 -8861.32 
50512.3 67584.8 63795.2 5946.16 27686.5 5729.85 
59771.2 74182.1 70229 4746.99 27564.1 -3916.18 
1742.9 7452.01 1959.44 5779.79 -4254.39 6390.12 
10993.6 14044.8 8388.88 4301.01 -4377.41 -4236.66 
4790.24 10821.8 6327.94 6074.18 -5532.66 6642.81 
14252.8 17559.7 12903 4532.51 -5658.06 -4270.42 
5908.9 13187 6902.67 6240.92 -5577.19 6834.02 
15628.9 20104.7 13655.8 4675.4 -5705.87 -4361.02 
1273.83 5055.47 3551.29 5989.73 -2524.71 6891.02 
11189.6 12109.3 10438.4 4333.67 -2655.06 -4430.28 
4597.53 10604.8 6411.4 6393.17 -4429.59 7030.55 
14684.1 17774.7 13415.5 4636.37 -4561.7 -4497.95 
5733.2 12740.6 7232.71 6549.36 -4683.72 7191.89 
16029.6 20054.8 14382.7 4743.78 -4819.18 -4571.06 
6536.49 14540.1 7569.77 6663.24 -4779.44 7345.74 
17063.7 22015.5 14879.7 4843.13 -4918.04 -4652.96 
2517.57 7533.72 4620.85 6423.2 -2225.05 7390.36 
13216.3 15128.3 12048.3 4530.51 -2365.13 -4713.53 
5169.6 12015.7 6856.24 6779.08 -3943.5 7509.63 
16016.9 19710.9 14385.3 4805.36 -4085.08 -4769.75 
6021.15 13679.3 7424.57 6911.82 -4201.71 7648.07 
17051.6 21500.4 15081 4900.71 -4346.24 -4831.21 
6621.78 15110.2 7607.32 7006.91 -4323.12 7779.9 
17853.9 23072.1 15403.5 4987.29 -4470.4 -4901.03 
3026.92 8866.03 4944.47 6790.95 -2126.34 7816.68 
14408.4 16931.6 12842.9 4711.62 -2274.9 -4952.75 
5310.91 12731.4 6864.9 7100.84 -3624.56 7919.09 
16821.3 20884.3 14851.5 4953.52 -3774.44 -5000.56 
6022.98 14141.8 7324.31 7214 -3867.57 8038.34 
17692.7 22404.1 15421.7 5036.44 -4020.02 -5053.13 
6511.18 15353.6 7430.63 7294.02 -4006.06 8152 
18356.2 23738.1 15649.5 5111.61 -4160.91 -5113.29 
3272.22 9737.6 5018.86 7104.68 -2095.39 8182.68 
15247 18212.3 13326.6 4872.39 -2251.36 -5157.26 
5310.8 13175.1 6743.66 7371.14 -3385.35 8270.59 
17397.6 21725.5 15128 5080.63 -3542.46 -5198.53 
5939.37 14421 7146.98 7467.58 -3608.93 8373.48 
18164.3 23066.2 15627.4 5152.01 -3768.28 -5243.95 
6352.85 15478.7 7207.52 7535.27 -3760.14 8471.83 
18729.5 24229.7 15793.1 5217.42 -3921.58 -5296.04 
3416.14 10392 5012.96 7373.75 -2086.77 8497.7 
15905.7 19221.3 13675.8 5013.97 -2249.21 -5333.08 
5268.52 13497.6 6595.52 7599.24 -3192.5 8573.04 
17855.4 22392.9 15325 5189.06 -3355.94 -5369.12 
5838.06 14620.6 6963.65 7681.19 -3397.29 8661.84 
18544.6 23598 15776.3 5250.04 -3562.66 -5408.66 
6195.29 15558.2 6992.05 7738.68 -3558.64 8747.19 
19032.6 24626.8 15895.4 5307.23 -3725.81 -5453.89 
3516.45 10921.5 4984.27 7605.59 -2085.3 8769.28 
16452 20058.3 13955 5138.79 -2253.37 -5484.67 
5217.56 13754.8 6453.57 7792.29 -3031.81 8833.65 
18238.2 22949.4 15482.5 5281.6 -3200.78 -5516.49 
5740.92 14779 6796.02 7861.55 -3219.82 8910.26 
18864.9 24044.6 15896.8 5333.24 -3390.44 -5551.18 
6052.84 15618 6799.45 7910.55 -3389.57 8984.55 
19289.2 24961.9 15978.1 5383.53 -3561.75 -5590.54 
3594.36 11365.2 4951.85 7806.18 -2086.15 9003.74 
16916.5 20768.8 14189.4 5249.37 -2259.15 -5615.64 
5168.72 13969.6 6327.07 7955.98 -2896.08 9058.51 
18565.6 23424.1 15615.9 5360.76 -3069.9 -5644.09 
5654.09 14911.2 6649.07 8014.03 -3069.51 9124.57 
19140.3 24427.2 16000 5404 -3244.73 -5674.8 
5928.29 15667.3 6632.02 8055.92 -3246.46 9189.41 
19510.5 25250.4 16049.5 5448.52 -3423.01 -5709.12 
3658.16 11742.5 4921.53 7980.39 -2087.99 9206.45 
17315.6 21378 14390.8 5347.94 -2265.32 -5729.06 
5124.97 14152.3 6217.27 8094.92 -2780.88 9252.8 
18848.8 23833.3 15732.1 5428.72 -2958.96 -5754.85 
5578.4 15024.2 6522.35 8142.98 -2941.77 9309.69 
19379.3 24758.5 16090.8 5464.36 -3121.03 -5782.3 
5820.67 15709.8 6487.93 8178.9 -3125.06 9366.5 
19703.3 25501.3 16113 5504.05 -3305.46 -5812.33 
3711.48 12065.3 4894.66 8132.24 -2090.67 9382.02 
17660.6 21903.3 14565.6 5436.41 -2271.82 -5827.55 
5086.61 14309.2 6122.92 8212.89 -2682.99 9420.98 
19095.3 24188.3 15834.9 5487.32 -2864.85 -5851.31 
5512.95 15121.5 6413.77 8251.95 -2833.13 9469.9 
19588.3 25047.1 16172.1 5516.04 -3015.98 -5876.15 
5727.9 15746.9 6364.28 8282.83 -3022.19 9519.87 
19872.4 25721 16170.6 5551.71 -3205.99 -5902.51 
3756.15 12341.9 4871.09 8264.97 -2094.42 9534.45 
17959.9 22357.6 14718.4 5516.4 -2278.96 -5913.41 
5053.06 14444.1 6042.08 8312.97 -2599.86 9566.88 
19311 24497.8 15926.9 5538.12 -2785.1 -5935.68 
5456.36 15205.8 6320.94 8343.87 -2740.8 9608.87 
19772.2 25300 16245.9 5560.5 -2926.84 -5958.46 
5647.7 15779.3 6258.07 8370.47 -2935.29 9653.02 
20021.7 25914.5 16223.4 5592.82 -3122.13 -5981.71 
3793.28 12579 4850.22 8381.29 -2099.6 9667.15 
18220.7 22752 14852.7 5589.29 -2287.19 -5988.67 
5023.49 14560.3 5972.79 8397.68 -2529.39 9693.83 
19501.1 24768.9 16010.2 5582.46 -2717.65 -6009.92 
5407.18 15278.6 6241.54 8421.11 -2662.41 9729.77 
19935.1 25523 16313.9 5599 -2851.32 -6031.14 
5577.87 15807.4 6166.46 8444.06 -2862.22 9769 
20154.4 26086.2 16272.5 5628.54 -3051.79 -6051.77 
3823.56 12782.1 4831.26 8483.35 -2106.64 9783.1 
18448.9 23095.7 14971.5 5656.28 -2296.98 -6055.12 
4996.96 14660.1 5913.16 8469.07 -2469.75 9804.7 
19669.7 25007.9 16086.5 5621.5 -2660.78 -6075.78 
5363.94 15341.4 6173.45 8485.6 -2595.93 9835.36 
20080.8 25721 16377.4 5632.65 -2787.46 -6095.87 
5516.28 15831.1 6086.83 8505.39 -2801.15 9870.41 
20273.4 26239.6 16318.8 5659.89 -2993.22 -6114.32 
3847.41 12955.7 4813.4 8572.87 -2116.04 9884.88 
18650 23396.9 15077.3 5718.38 -2308.91 -6114.39 
4972.51 14745.4 5861.45 8528.79 -2419.39 9901.98 
19820.9 25220.1 16157.4 5656.28 -2612.98 -6134.83 
5325.23 15395.2 6114.7 8538.88 -2539.57 9928 
20212.6 25898.5 16437.7 5662.42 -2733.53 -6154.19 
5460.87 15850.4 6016.76 8555.87 -2750.54 9959.53 
20381.5 26377.9 16362.9 5687.77 -2944.93 -6170.86 
3865.01 13103.6 4795.77 8651.17 -2128.35 9974.69 
18828.7 23662.5 15172.4 5776.51 -2323.59 -6167.98 
4949.1 14817.8 5816.02 8578.07 -2376.94 9987.8 
19957.9 25410.3 16224.5 5687.74 -2572.91 -6188.56 
5289.61 15440.5 6063.44 8582.08 -2491.78 10009.8 
20333.5 26059.3 16496.2 5689.21 -2688.02 -6207.53 
5409.57 15864.8 5953.88 8596.56 -2709.04 10038.3 
20480.8 26503.8 16405.7 5713.02 -2905.62 -6222.81 
3876.29 13229.1 4777.37 8719.16 -2144.29 10054.5 
18989.3 23898.9 15259 5831.48 -2341.76 -6217.3 
4925.53 14878.4 5775.2 8617.82 -2341.14 10064 
20084.1 25582.7 16289.1 5716.73 -2539.41 -6238.33 
5255.5 15477.8 6017.84 8616.02 -2451.11 10082.4 
20446.3 26206.8 16554 5713.86 -2649.54 -6257.27 
5360.14 15873.5 5895.79 8628.13 -2675.49 10108.4 
20573.6 26619.7 16447.8 5736.41 -2874.17 -6271.52 
3880.81 13334.7 4757.04 8777.38 -2164.68 10125.8 
19135.9 24112 15338.9 5883.96 -2364.33 -6263.74 
4900.4 14927.9 5737.25 8648.57 -2310.88 10132.2 
20202.4 25741.1 16352.5 5744.06 -2511.37 -6285.54 
5221.08 15506.8 5975.95 8641.14 -2416.23 10147.4 
20553.7 26344.2 16612.3 5737.14 -2616.8 -6304.77 
5310.02 15875.3 5839.88 8650.91 -2648.86 10171.2 
20661.9 26727.8 16489.7 5758.66 -2849.63 -6318.36 
3877.7 13422.3 4733.24 8825.88 -2190.59 10190.1 
19272.3 24306.9 15413.8 5934.58 -2392.4 -6308.69 
4871.83 14966.2 5700.14 8670.44 -2285.09 10193.7 
20315.9 25889.2 16416 5770.49 -2487.82 -6331.59 
5184.08 15527 5935.53 8657.46 -2385.87 10206.1 
20658.5 26474.4 16672.4 5759.8 -2588.62 -6351.45 
5256.06 15868.2 5783.06 8664.81 -2628.3 10228 
20747.8 26829.7 16532.1 5780.45 -2831.2 -6364.77 
3865.35 13493 4703.82 8864.28 -2223.38 10248.5 
19402.1 24488.6 15485.3 5983.82 -2427.41 -6353.69 
4837.26 14992.6 5661.24 8683.14 -2262.82 10249.6 
20427.6 26030 16481 5796.74 -2467.85 -6378.02 
5141.41 15536.6 5893.65 8664.58 -2358.89 10259.3 
20763.4 26599.8 16735.3 5782.54 -2563.9 -6398.87 
5194.12 15849.3 5721.3 8669.25 -2613.16 10279.4 
20833.2 26926.9 16575.1 5802.41 -2818.3 -6412.36 
3840.92 13546.6 4665.42 8891.52 -2264.91 10301.7 
19529.2 24661.6 15554.7 6032.02 -2471.29 -6400.44 
4792.81 15005 5616.72 8685.8 -2243.33 10300.5 
20540.4 26166.4 16548.3 5823.47 -2450.8 -6426.58 
5088.5 15532.6 5845.96 8661.53 -2334.42 10307.7 
20871.1 26722.8 16801.8 5806.03 -2541.87 -6448.83 
5118.17 15813.7 5648.64 8663.05 -2603.38 10326.1 
20920.1 27020.1 16618.1 5825.14 -2810.96 -6462.99 
3799.05 13580.2 4612.09 8905.83 -2317.93 10350.2 
19656.4 24828.8 15621.6 6079.33 -2526.9 -6450.93 
4732.02 14998.7 5560.03 8676.91 -2226.58 10346.8 
20656.7 26300 16617.6 5851.3 -2436.78 -6479.32 
5017.84 15509.1 5784.87 8646.61 -2312.61 10351.5 
20983.6 26843.9 16870.9 5830.89 -2522.8 -6503.46 
5018.56 15753.3 5554.83 8644.28 -2600.48 10368.1 
21008.9 27108.4 16658.1 5849.18 -2810.86 -6518.91 
3728.86 13584.9 4531.7 8904.38 -2387.14 10393.9 
19783.9 24989.2 15681.6 6125.7 -2599.08 -6507.62 
4642.89 14963.1 5478.2 8654.04 -2214.83 10388.5 
20776.4 26428.6 16684 5880.78 -2428.17 -6538.79 
4915.44 15453.5 5694.93 8617.23 -2296.78 10390.5 
21099.8 26960 16936 5857.74 -2510.21 -6565.41 
4877.71 15652.2 5419.26 8610.02 -2610.75 10404.9 
21096.1 27186.2 16684.3 5875.13 -2824.49 -6582.92 
3605.69 13535.2 4396.19 8883.05 -2482.08 10432.2 
19902.2 25128.2 15717.2 6170.89 -2697.59 -6573.5 
4499.89 14872.9 5341.57 8613.58 -2217.19 10424.5 
20890.2 26538.6 16729.4 5912.57 -2434.34 -6608.11 
4751.54 15337.3 5540.04 8569.53 -2300.06 10423.7 
21207.6 27055.1 16973.5 5887.44 -2517.47 -6637.93 
4658.66 15476.6 5194.16 8555.98 -2654.54 10435.4 
21164.1 27233.2 16662.3 5904.02 -2872.46 -6658.46 
3368.29 13361.1 4134.09 8835.92 -2625.29 10463.2 
19971 25190.7 15671.6 6214.88 -2845.26 -6652.22 
4242.33 14664.1 5075.23 8550.23 -2263.32 10453.1 
20960.4 26582.1 16694.6 5947.86 -2485.25 -6691.02 
4455.11 15089.1 5227.78 8497.9 -2364.61 10448.8 
21261 27075.3 16908.2 5921.76 -2587.1 -6724.91 
4273.97 15145 4757.46 8476.04 -2793.28 10457.3 
21153 27187.3 16489.1 5938.5 -3016.6 -6749.58 
2852.12 12861.5 3551.64 8755.45 -2873.98 10484 
19856 24996.9 15372 6259.99 -3099.76 -6747.58 
3714.31 14161.2 4483.19 8455.78 -2437.58 10470.4 
20864.8 26407.8 16407.3 5989.32 -2665.74 -6791.61 
3880.37 14551.1 4574.53 8392.06 -2565.43 10461.3 
21156.9 26894.1 16586 5962.95 -2794.42 -6831.19 
-18879.1 -12699 -31432.9 1335.59 3929.61 2068.66 
-5159.55 -4251.61 -3936.2 1313.83 -2431.63 4320.22 
-17188 -14118.7 -31871.7 -2301.55 4663.5 -3614.71 
3550.01 1980.47 2132.5 -209.787 -2554.65 -6223.41 
-4636.01 -332.344 -8117.82 1139.61 4121.27 2525.36 
675.172 333.566 6145.26 1216.6 -3007.91 4508.82 
-2803.1 -1668.85 -8474.34 -2495.66 4861.88 -3304.55 
9538.87 6672.16 12321 -387.909 -3133.31 -6317.46 
-4778.31 -1200.09 -7519.27 1094.24 4007.89 2639.13 
133.326 -624.685 5867.16 1111.63 -2543.72 4585.04 
-2860.02 -2511.98 -7859.6 -2582.81 4771.21 -3363.87 
9211.79 5865.26 12192.6 -537.989 -2672.39 -6500.5 
-3387.96 618.484 -5743.45 1288.07 2511.74 2830.12 
-3307.41 -3147.2 -66.6854 1184.29 -1738.43 4952.5 
-1362.72 -694.736 -6054.26 -2465.18 3294.14 -3322.81 
6037.79 3526.25 6440.1 -495.675 -1868.78 -6348.99 
-2623.43 1386.35 -4581.79 1120.33 2960.82 2747.76 
1318.22 1994.72 6430.66 1305.8 -2753.87 4819.89 
-561.463 101.037 -4866.5 -2288.75 3742.55 -3697.65 
10782.1 8749.45 13019.7 -501.06 -2885.98 -6641.99 
-4577.15 -1011.94 -6991.51 1054.37 3254.29 2897.04 
158.334 492.184 5137.92 1275.09 -2635.61 4925.41 
-2436.19 -2267.68 -7258.84 -2340.2 4056.23 -3734.39 
9807.19 7374.62 11856.2 -596.449 -2771.08 -6759.97 
-4736.05 -1684.69 -6639.34 1046.73 3221.29 2951.44 
-407.297 -500.227 4825.71 1195.69 -2226.53 4979.78 
-2522.67 -2921.42 -6897.36 -2372.49 4045.15 -3826.86 
9440.06 6521.87 11682.4 -708.492 -2365.13 -6920.73 
-3458.2 55.9893 -5080.31 1222.72 1938.6 3112.41 
-3532.31 -2917.52 -439.831 1262.5 -1563.05 5303.93 
-1150.11 -1181.79 -5312.49 -2252.04 2779.56 -3794.81 
6552.13 4267.54 6578.04 -663.854 -1703.13 -6777.88 
-2691.34 856.423 -3949.1 1076.92 2364.1 3028.88 
464.35 1472.95 5226.09 1367.07 -2430.36 5178.78 
-351.378 -355.471 -4157.62 -2095.75 3204.01 -4126.46 
10650.7 8727.63 12314.5 -662.234 -2571.94 -7036.73 
-4285.94 -1061.19 -5951.12 1018.05 2619.91 3158.25 
-564.081 121.728 4097.42 1336.11 -2327.69 5268.9 
-1875.87 -2245.66 -6143.74 -2141.63 3477.58 -4153.72 
9783.77 7487.77 11298.7 -744.039 -2472.22 -7136.39 
-4349.53 -1528.02 -5576.14 1011.59 2592.92 3203.39 
-1079.83 -788.017 3813.48 1263.52 -1977.37 5314.18 
-1875.38 -2694.6 -5760.15 -2169.74 3469.85 -4231.72 
9441.5 6700 11135.8 -840.746 -2124.65 -7274.31 
-3179.36 72.3348 -4158.95 1167.59 1492.99 3342.18 
-3765.13 -2869.62 -704.702 1320.14 -1395.57 5597.58 
-621.612 -1094.19 -4319.83 -2063.71 2384.9 -4199.96 
6963.58 4760.83 6758.54 -799.46 -1544.14 -7145.06 
-2478.54 839.311 -3161.69 1042.58 1858.24 3265.22 
-332.443 889.631 4173.76 1410.44 -2153.8 5485.59 
107.294 -303.573 -3301.37 -1928.79 2749.09 -4488.91 
10484.4 8580.15 11698 -796.326 -2303.68 -7370.95 
-3833.6 -781.586 -4870.14 991.935 2085.56 3376.81 
-1241 -317.064 3188.43 1381.82 -2067.57 5563.25 
-1186.07 -1899.59 -4995.52 -1969.78 2991.92 -4510.06 
9716.33 7470.28 10810.9 -866.99 -2220.02 -7455.97 
-3870.09 -1159.44 -4525 987.984 2061.5 3414.44 
-1716.45 -1149.65 2915.67 1317.41 -1769.69 5602.08 
-1166.27 -2261.08 -4642.55 -1995.16 2984.68 -4575.92 
9391.86 6743.77 10643.4 -950.061 -1924.54 -7574.43 
-2817.84 268.725 -3242.45 1126.02 1123.32 3532.12 
-3977.85 -2876.26 -912.651 1364.65 -1247.44 5847.01 
-40.9747 -832.167 -3339.65 -1905.16 2059.59 -4545.93 
7310.73 5140.9 6937.6 -912.982 -1403.41 -7461.16 
-2203.71 974.763 -2402.41 1019.72 1426.64 3464.46 
-1038.74 342.421 3265.17 1442.68 -1917.34 5749.94 
597.976 -105.083 -2480.99 -1789.24 2362.06 -4795.47 
10326.6 8411.88 11168.6 -910.298 -2074.46 -7656.16 
-3377.66 -432.152 -3879.72 977.199 1631.01 3560.07 
-1842.25 -735.525 2403.27 1417.47 -1846.19 5817.12 
-522.161 -1490.03 -3945.69 -1825.32 2579.89 -4812.77 
9645.12 7417.99 10391.9 -971.131 -2005.54 -7729.07 
-3409.52 -763.739 -3577 975.974 1608.83 3591.51 
-2283.62 -1499.57 2136.13 1361.65 -1593.76 5851.21 
-505.002 -1807.15 -3636 -1848.3 2572.3 -4868.4 
9334.71 6745.9 10216.1 -1041.6 -1755.19 -7830.57 
-2466.69 499.623 -2414.25 1097 810.363 3689.46 
-4167.49 -2900.89 -1087.26 1400.13 -1118.94 6059.84 
500.936 -542.754 -2455.74 -1774.37 1785.22 -4841.52 
7606.56 5451.49 7098.63 -1009.15 -1281.38 -7734.59 
-1936.84 1142.6 -1722.53 1006.92 1057.49 3632.86 
-1652.85 -143.113 2484.38 1467.16 -1715.16 5978.48 
1052.8 118.339 -1748.03 -1674.69 2031.87 -5054.69 
10188.9 8255.38 10717.1 -1007.97 -1878.6 -7900.53 
-2964.34 -95.1655 -3009.65 972.146 1242.81 3713.99 
-2365.69 -1109.24 1728.19 1445.83 -1657.22 6036.69 
71.7578 -1100.69 -3024.29 -1705.71 2228.8 -5069.82 
9581.87 7362.19 10034.9 -1059.84 -1822.59 -7963.26 
-2998.45 -397.24 -2748.94 973.595 1222.12 3740.25 
-2777.75 -1813.57 1464.88 1398.69 -1443.76 6067.34 
79.9117 -1390.52 -2757.57 -1726.27 2220.66 -5116.78 
9283.12 6737.4 9850.57 -1118.47 -1610.94 -8049.77 
-2151.86 719.448 -1690.23 1078.26 543.324 3819.8 
-4334.4 -2930.19 -1237.46 1428.89 -1008.38 6241.63 
980.263 -272.893 -1684.22 -1667.97 1551.75 -5094.19 
7860.1 5712.58 7239.18 -1090.88 -1176.46 -7971.95 
-1697.42 1304.94 -1129.57 1002.12 741.454 3775.48 
-2182.8 -565.231 1814.7 1485.85 -1542.31 6176.4 
1454.31 327.501 -1110.26 -1581.98 1749.93 -5273.66 
10072.3 8118.95 10333.3 -1091.9 -1711.28 -8110.41 
-2602.67 207.081 -2256.96 974.729 910.746 3843.37 
-2817.86 -1435.22 1148.88 1468.63 -1495.76 6226.9 
588.673 -755.125 -2228.57 -1607.75 1929.17 -5287.94 
9529.08 7312.33 9731.63 -1135.47 -1666.38 -8164.53 
-2640.7 -72.9979 -2034.08 978.791 891.361 3865.28 
-3204.61 -2087.98 888.709 1430.11 -1315.65 6255.17 
586.653 -1025.48 -2000.74 -1625.83 1920.5 -5327.55 
9240.14 6728.24 9539.66 -1182.89 -1487.83 -8237.71 
-1877.07 916.462 -1064.84 1067.66 314.891 3927.58 
-4480.1 -2959.18 -1367.23 1452.43 -913.624 6396.89 
1395.24 -35.5022 -1019.74 -1582.63 1352.59 -5310.21 
8078.47 5935.35 7361.3 -1160.33 -1086.63 -8178.65 
-1488.23 1451.8 -617.448 1003.54 470.829 3896.44 
-2638.86 -929.487 1240.72 1500.04 -1394.56 6348.05 
1801.66 511.283 -561.749 -1508.13 1509.21 -5458.29 
9975.07 8003.06 10007.6 -1164.06 -1568.38 -8291.03 
-2289.93 472.116 -1609.33 983.272 626.567 3952.13 
-3207.34 -1717.13 652.13 1487.04 -1357.79 6391.91 
1033.22 -456.912 -1546.4 -1528.54 1673.41 -5472.81 
9486.4 7270.62 9474.74 -1199.87 -1533.01 -8337.85 
-2331.86 209.941 -1419.45 989.947 608.349 3970.34 
-3572.32 -2325.61 394.641 1457.03 -1206.24 6418.71 
1021.5 -712.129 -1352.65 -1544.07 1664.24 -5506.16 
9205.73 6721.36 9276.02 -1236.59 -1382.79 -8399.1 
-1639.21 1090.04 -526.769 1063.6 119.463 4016.36 
-4606.43 -2985.89 -1478.77 1471.78 -832.602 6529.4 
1750.82 167.76 -451.126 -1515.52 1182.75 -5494.84 
8267.67 6127.37 7468.23 -1219.18 -1009.93 -8359.26 
-1306.91 1582.4 -176.619 1009.93 239.117 3999.08 
-3031.08 -1243.14 748.796 1510.62 -1268.32 6497.17 
2099.03 667.898 -93.0994 -1450.69 1303.85 -5613.51 
9894.83 7905.94 9731.72 -1226.01 -1446.41 -8446.78 
-2020.2 703.555 -1052.88 996.62 383.345 4043.42 
-3542.65 -1960.38 226.229 1501.9 -1239.94 6535.33 
1413.06 -203.4 -964.003 -1465.67 1455.2 -5629.15 
9452.82 7237 9257.69 -1254.54 -1419.21 -8487.41 
-2065.55 456.584 -891.419 1005.97 366.158 4058.45 
-3889 -2530.98 -29.0723 1480.26 -1112.92 6561.42 
1392.53 -446.407 -799.823 -1478.67 1445.55 -5657.15 
9179.06 6717.45 9052.98 -1281.02 -1293.32 -8537.93 
-1433.44 1242.88 -64.0635 1064.98 -47.5236 4089 
-4715.25 -3009.5 -1573.64 1487.69 -763.477 6642.48 
2053.51 338.707 33.4663 -1464.38 1038.24 -5652.48 
8432.93 6294.52 7563.36 -1268.83 -944.627 -8517.67 
-1149.8 1698.74 202.551 1020.53 40.7826 4086.08 
-3368.61 -1513.32 327.035 1518.24 -1160.51 6627 
2351.69 798.474 305.217 -1407.73 1128.86 -5743.42 
9829.33 7825.37 9498.57 -1279.09 -1342.37 -8581.41 
-1787.21 906.489 -574.554 1014.11 175.205 4119.78 
-3831.53 -2170.42 -139.031 1513.82 -1139.36 6660.26 
1736.06 9.64097 -468.429 -1417.31 1269.2 -5760.89 
9427.32 7210.83 9074.97 -1300.73 -1322.2 -8616.82 
-1835.42 672.682 -437.495 1026.27 158.894 4132.03 
-4162.11 -2708.78 -392.776 1500.4 -1033.51 6686.31 
1707.66 -223.394 -329.848 -1427.82 1259.07 -5784.27 
9159.2 6716.49 8864.75 -1317.36 -1217.31 -8657.63 
-1254.9 1378.46 334.277 1071.23 -189.891 4147.78 
-4808.3 -3029.6 -1653.02 1500.72 -704.649 6738.96 
2309.65 479.981 444.94 -1427.53 915.758 -5786.72 
8578.89 6441.74 7649.93 -1310.43 -889.192 -8657.22 
-1013.27 1803.47 528.801 1035.04 -128.909 4159.6 
-3659.57 -1746.56 -34.8921 1523.4 -1068.48 6740.36 
2564.75 904.87 641.849 -1377.89 980.001 -5851.37 
9776.68 7759.28 9302.14 -1324.37 -1253.71 -8698.16 
-1585.19 1085.98 -162.773 1035.52 -2.87385 4183.22 
-4080.88 -2352.27 -452.524 1523.28 -1053.58 6769.42 
2009.42 186.51 -48.19 -1382.17 1110.88 -5871.22 
9409.05 7191.4 8921.88 -1339.45 -1239.62 -8729.16 
-1635.76 863.69 -46.6745 1050.68 -18.4944 4193.02 
-4398.31 -2863.36 -705.514 1517.92 -966.126 6796.02 
1973.98 -38.3874 68.1969 -1390.33 1100.2 -5890.59 
9145.41 6718.34 8706.36 -1346.55 -1152.96 -8761.16 
-1099.23 1500.11 677.945 1082.2 -310.865 4194.52 
-4887.09 -3045.93 -1717.81 1511.3 -654.746 6821.37 
2524.98 594.197 792.91 -1403.86 812.526 -5900.5 
8709.75 6573.36 7731.01 -1344.9 -842.33 -8780.8 
-894.041 1899.18 809.753 1053.57 -274.014 4221.28 
-3911.08 -1948.64 -345.966 1526.44 -989.963 6839.74 
2742.79 988.955 924.344 -1360.34 853.665 -5940.07 
9735.32 7705.85 9137.3 -1362.72 -1178.23 -8799.82 
-1409.06 1246.67 192.533 1061.01 -155.203 4235.31 
-4296.77 -2510.42 -721.976 1530.59 -980.502 6865.21 
2239.5 331.119 306.714 -1359.51 976.358 -5962.73 
9397.38 7178.09 8794.5 -1371.51 -1169.41 -8827.12 
-1461.57 1034.51 290.587 1079.4 -170.352 4242.87 
-4603.51 -2998.66 -975.208 1533.14 -909.208 6892.85 
2197.74 112.816 403.784 -1365.53 965.023 -5978.54 
9137.06 6722.83 8573.58 -1369.38 -1098.78 -8851.11 
-962.607 1610.85 975.357 1098.14 -413.167 4230.57 
-4952.88 -3058.24 -1768.6 1519.71 -612.595 6891.9 
2704.51 683.677 1085.73 -1392.82 726.227 -5996.13 
8829.42 6693.35 7809.58 -1372.97 -802.936 -8890.93 
-789.307 1988.21 1051.95 1076.58 -398.02 4272.4 
-4129.45 -2124.73 -614.045 1527.61 -922.997 6927.29 
2889.82 1052.39 1159.18 -1354.81 746.756 -6011.62 
9703.98 7663.53 8999.73 -1394.78 -1114.03 -8888.84 
-1254.41 1392.64 500.087 1091.14 -285.498 4277.19 
-4484.62 -2648.92 -954.152 1535.98 -918.313 6949.72 
2431.86 446.912 604.938 -1349.13 862.295 -6037.38 
9391.83 7170.41 8689.48 -1397.52 -1109.85 -8913.07 
-1308.52 1189.47 582.534 1113.04 -300.439 4282.68 
-4782.98 -3118.25 -1208.86 1546.28 -861.41 6978.81 
2384.4 233.89 685.096 -1353.32 850.146 -6049.99 
9133.71 6729.86 8462.77 -1386.39 -1053.48 -8929.73 
-841.759 1713.29 1233.8 1119.67 -499.081 4256.93 
-5006.71 -3066.2 -1805.7 1526.16 -577.199 6952.5 
2852.62 750.394 1330.61 -1394.4 654.939 -6075.32 
8941.59 6805.42 7888.65 -1395.15 -770.073 -8989.8 
-696.701 2072.6 1260.96 1104.93 -503.932 4313.8 
-4320.34 -2279.44 -846.079 1527.07 -865.871 7004.94 
3009.27 1096.56 1351.85 -1361.57 656.621 -6067.59 
9681.67 7631.02 8885.69 -1421.02 -1059.46 -8967.39 
-1117.43 1527.55 767.449 1126.8 -396.978 4309.65 
-4649.25 -2771.39 -1155.04 1539.61 -865.435 7024.77 
2591.36 536.885 853.983 -1351.43 765.818 -6096.61 
9392.13 7167.97 8604 -1417.88 -1059.39 -8989.09 
-1172.88 1332.42 836.309 1152.56 -412.036 4313.15 
-4941.51 -3225.37 -1412.73 1557.47 -821.598 7055.69 
2538.71 328.033 919.214 -1354.2 752.625 -6106.22 
9135.06 6739.39 8370.76 -1397.95 -1015.99 -8999.05 
-733.896 1809.72 1459.59 1147.82 -570.505 4274.24 
-5049.31 -3069.35 -1829.03 1530.78 -547.712 7004.9 
2973.11 795.981 1533.82 -1409.24 597.093 -6139.24 
9049.96 6913.19 7971.35 -1411.76 -742.948 -9079.36 
-614.274 2154.11 1441.48 1139.85 -594.358 4346 
-4488.87 -2417.02 -1048.32 1524.92 -817.082 7074.34 
3104.07 1122.61 1507.02 -1381.52 580.974 -6108.97 
9667.63 7607.22 8791.96 -1441.67 -1013.06 -9037.39 
-994.804 1654.66 1001.22 1169.3 -492.46 4333.12 
-4795.1 -2881.18 -1330.02 1541.56 -820.482 7092.01 
2722.3 603.655 1060.39 -1367.46 684.429 -6141.28 
9398.19 7170.54 8535.69 -1432.78 -1016.72 -9057.04 
-1051.4 1466.79 1058.13 1199.31 -508.037 4334.66 
-5083.57 -3323.13 -1592.59 1566.78 -788.814 7125.05 
2664.9 398.042 1112.3 -1369.35 669.882 -6147.98 
9140.96 6751.41 8294.8 -1404.22 -985.391 -9060.87 
-636.651 1902.09 1658.25 1184.02 -628.995 4282.81 
-5081.18 -3067.06 -1838.11 1533.63 -523.419 7050.66 
3069.31 821.749 1700.82 -1438.62 551.445 -6188.46 
9158.34 7020.37 8061.16 -1422.87 -720.897 -9161.34 
-540.461 2234.26 1597.47 1182.98 -671.582 4369.16 
-4639.86 -2541.44 -1226.51 1521.21 -775.284 7137.01 
3176.76 1131.39 1628.57 -1416.28 517.838 -6136.21 
9661.32 7591.21 8715.77 -1456.74 -973.549 -9100.59 
-883.646 1776.91 1207.21 1220.34 -574.441 4347.71 
-4926.35 -2981.5 -1484.09 1541.85 -782.218 7152.86 
2828.52 649.522 1229.92 -1398.99 615.939 -6171.67 
9410.11 7178 8482.53 -1442.18 -980.646 -9118.63 
-941.281 1595.7 1253.47 1255.06 -591.044 4347.22 
-5213.46 -3414.52 -1753.87 1574.2 -762.249 7188.27 
2766.73 446.386 1269.78 -1400.73 599.624 -6175.42 
9151.43 6766.02 8232.44 -1405.11 -960.936 -9116.86 
-548.033 1992.07 1834.68 1230.18 -675.804 4282.62 
-5102.53 -3058.5 -1832.01 1534.71 -503.71 7091.17 
3144.19 828.706 1836.46 -1484.65 517.053 -6222.95 
9270.87 7130.95 8162.03 -1428.33 -703.365 -9237.28 
-474.068 2314.34 1732.22 1236.46 -737.637 4383.08 
-4777.99 -2656.59 -1386.14 1515.93 -739.242 7194.28 
3229.5 1123.51 1719.75 -1468.28 465.489 -6149.14 
9662.47 7582.27 8654.7 -1465.96 -939.738 -9158.6 
-781.432 1897.03 1390.62 1282.13 -645.182 4353.14 
-5047.14 -3075.5 -1621.98 1540.46 -749.514 7208.62 
2913.54 676.531 1367.73 -1448.7 558.4 -6187.46 
9428.26 7190.4 8442.89 -1445.75 -950.091 -9175.43 
-840.058 1722.07 1427.23 1322.11 -663.451 4350.52 
-5335.52 -3502.6 -1901.93 1579.7 -741.22 7246.57 
2847.67 475.267 1396.48 -1451.24 539.776 -6188.06 
9166.7 6783.44 8181.51 -1400.27 -941.991 -9168.6 
-466.4 2081.09 1993.26 1288.72 -711.911 4273.29 
-5113.36 -3042.55 -1809.28 1534 -488.066 7127.75 
3200.45 817.554 1945.09 -1550.41 493.267 -6241.98 
9392.29 7249.4 8278.68 -1427.66 -689.884 -9308.64 
-414.283 2395.39 1848.42 1302.95 -794.372 4387.18 
-4908.03 -2766.41 -1532.62 1509.09 -707.787 7247.32 
3264.17 1099.32 1783.22 -1541.03 422.408 -6146.93 
9671.13 7579.92 8606.65 -1468.72 -910.515 -9212.98 
-685.954 2017.56 1556.22 1357.42 -706.786 4348.8 
-5161.68 -3166.41 -1748.43 1537.36 -721.305 7260.43 
2980.68 686.494 1478.53 -1520.36 510.053 -6187.57 
9453.36 7208.07 8415.5 -1442.84 -924.05 -9228.98 
-745.618 1848.56 1583.84 1403.26 -727.542 4343.85 
-5454.32 -3590.61 -2042.23 1583.19 -725.143 7301.03 
2911 486.641 1496.8 -1524.95 488.42 -6184.64 
9187.37 6804.15 8140.11 -1389 -928.038 -9217.61 
-390.473 2170.25 2138.05 1362.67 -738.052 4254.14 
-5113.37 -3017.74 -1767.82 1531.47 -476.029 7161.58 
3240.59 788.628 2030.7 -1640.18 479.732 -6244.01 
9528.31 7381.09 8416.97 -1420.01 -680.063 -9376.75 
-360.739 2478.17 1948.25 1385.76 -843.53 4380.49 
-5035.01 -2875 -1671.5 1500.67 -679.768 7297.19 
3282.41 1058.76 1821.12 -1639.3 387.24 -6127.93 
9687.87 7584.07 8569.98 -1464.02 -884.795 -9265.24 
-595.35 2140.82 1708.45 1449.57 -761.287 4333.69 
-5274.51 -3257.63 -1868.26 1532.52 -696.547 7309.3 
3033.13 680.933 1566.74 -1619.16 469.28 -6170.09 
9486.78 7231.82 8399.59 -1432.35 -901.55 -9280.77 
-656.231 1977.61 1727.43 1502 -785.582 4326.15 
-5574.86 -3682 -2180.56 1584.58 -713.514 7352.58 
2959.87 482.102 1574.85 -1627.41 443.735 -6163.02 
9214.64 6829.11 8106.78 -1370.17 -918.646 -9265.43 
-319.427 2260.16 2272.84 1455.77 -754.751 4224.09 
-5101.98 -2981.99 -1704.75 1527.1 -467.166 7193.83 
3266.98 741.697 2097.09 -1759.78 476.397 -6226.49 
9686.13 7532.83 8584.38 -1404.04 -673.547 -9442.91 
-313.685 2562.88 2033.33 1488.93 -886.821 4361.61 
-5164.37 -2986.51 -1808.53 1490.74 -653.997 7344.83 
3285.56 1001.18 1835.05 -1769.52 358.763 -6089.47 
9714.2 7595.51 8543.76 -1450.28 -861.476 -9316.93 
-508.287 2268.57 1851.47 1562.68 -810.725 4306.4 
-5390.5 -3352.52 -1986.4 1525.97 -674.17 7356.12 
3073.97 660.744 1636.51 -1752.02 434.57 -6132.02 
9531.02 7263.58 8395.37 -1412.61 -881.614 -9332.35 
-570.821 2110.88 1861.81 1622.48 -839.897 4295.92 
-5702.59 -3780.23 -2322.94 1583.8 -705.874 7402 
2997.2 462.42 1634.39 -1766.06 403.97 -6119.9 
9250.95 6860.54 8080.96 -1342.08 -913.458 -9313.67 
-253.214 2350.39 2401.27 1572.51 -762.347 4181.74 
-5077.97 -2931.94 -1615.86 1520.94 -460.998 7225.56 
3281.7 675.338 2147.87 -1916.98 483.548 -6185.62 
9875.49 7714.04 8791.01 -1377.76 -669.966 -9508.38 
-274.451 2648.39 2104.65 1617.27 -925.982 4328.7 
-5301.57 -3104.4 -1949.18 1479.45 -629.208 7391.02 
3274.44 924.472 1826.02 -1940.26 335.892 -6027.7 
9753.66 7617.22 8528.75 -1425.21 -839.406 -9369.66 
-424.591 2401 1988.98 1701.6 -857.178 4265.08 
-5514.37 -3453.41 -2107.22 1517.82 -653.04 7401.61 
3105.67 625.083 1691.55 -1928.16 404.561 -6069.01 
9591.04 7307.89 8405.2 -1381.21 -863.235 -9385.36 
-489.821 2247.79 1990.17 1769.63 -892.907 4251.23 
-5842.78 -3887.48 -2474.78 1580.85 -701.778 7449.86 
3025.09 425.974 1678.64 -1950.79 367.499 -6050.59 
9301.5 6903.65 8064.5 -1302.23 -912.166 -9364.07 
-193.48 2437.6 2526.59 1718.23 -761.025 4125.27 
-5038.4 -2860.96 -1494.41 1513.15 -456.828 7257.8 
3285.89 585.117 2186.34 -2122.05 501.864 -6116 
10110.7 7939.45 9051.52 -1338.24 -668.769 -9574.42 
-246.7 2730.02 2162 1776.41 -962.782 4279.4 
-5450.39 -3228.56 -2096.58 1467.12 -604.038 7436.31 
3248.34 822.802 1793.86 -2162.69 317.764 -5937.15 
9814.61 7657.95 8530.26 -1385.48 -817.382 -9425.21 
-347.168 2533.24 2123.18 1871.91 -902.654 4207.47 
-5648.54 -3558.2 -2231.87 1508.33 -631.974 7446.26 
3128.59 567.951 1734.09 -2159.63 378.249 -5975 
9677.56 7376.17 8437.02 -1334.63 -845.405 -9441.58 
-417.718 2380.84 2113.85 1949.01 -946.943 4189.75 
-5997.74 -4000.63 -2637.49 1575.8 -700.742 7496.44 
3042.6 364.052 1708.93 -2194.47 333.102 -5948.54 
9378.22 6971.73 8065.92 -1247 -914.48 -9418.57 
-146.201 2510.39 2650.86 1898.98 -750.831 4052.54 
-4975.14 -2753.42 -1327.4 1503.96 -453.302 7291.39 
3277.53 458.313 2214.59 -2388.35 532.524 -6010.17 
10415.6 8235.82 9389.77 -1281.25 -668.812 -9642.28 
-239.91 2792.93 2202.43 1972.58 -998.821 4210.91 
-5606.72 -3346.07 -2244.46 1454.23 -577.134 7480.92 
3201.98 679.996 1735.7 -2451.23 304.075 -5810.37 
9917.95 7742.49 8566.23 -1326.28 -794.279 -9485.46 
-287.588 2645.45 2251.43 2079.59 -948.488 4130.91 
-5785.68 -3649.57 -2349.71 1497.84 -609.896 7490.13 
3135.75 468.115 1761.61 -2461.85 355.736 -5841.8 
9816.13 7498.69 8514.19 -1267.74 -827.302 -9502.94 
-370.461 2481.77 2228.23 2166.48 -1003.41 4108.73 
-6157.73 -4098.3 -2797.44 1568.65 -702.167 7541.47 
3038.81 246.969 1720.75 -2513.53 300.974 -5804.93 
9510.76 7100.24 8112.68 -1171.03 -920.083 -9479.27 
-129.208 2534.02 2771.98 2121.13 -731.62 3961.04 
-4864.25 -2567.63 -1085 1493.51 -447.182 7326.73 
3244.38 258.63 2230.66 -2732.84 577.435 -5858.09 
10835.9 8660.28 9850.8 -1200.51 -667.16 -9713.13 
-279.217 2793.05 2215.4 2211.78 -1034.66 4120.06 
-5739.18 -3403.47 -2355.27 1441.15 -547.63 7524.29 
3116.22 450.38 1641.18 -2823.65 296.144 -5637.46 
10118.5 7940.94 8690.53 -1240.51 -769.562 -9552.27 
-282.299 2673.3 2355.93 2330.03 -993.249 4032.47 
-5885.75 -3662.58 -2411.87 1486.41 -586.487 7532.41 
3097.28 259.64 1756.42 -2853.64 340.54 -5658.57 
10072.3 7758.46 8703.33 -1172.9 -808.973 -9571.28 
-396.911 2461.12 2310.44 2426.89 -1059.95 4005.15 
-6272.6 -4102.41 -2892.43 1558.76 -705.219 7583.61 
2972.06 -16.4221 1691.33 -2927.8 275.799 -5608.17 
9777.14 7387 8286.39 -1066.05 -928.546 -9548.14 
-193.229 2407.24 2875.23 2389.25 -702.716 3847.48 
-4633.4 -2184.81 -688.846 1479.84 -429.538 7361.85 
3143.66 -117.043 2219.92 -3176.36 639.835 -5647.04 
11474.5 9353.26 10534.2 -1087.18 -655.327 -9788.71 
-432.623 2604.66 2168.45 2495.37 -1066.09 4003.04 
-5727.23 -3219.85 -2290.71 1421.8 -515.992 7560.96 
2931.69 6.09399 1477.96 -3301.51 300.917 -5406.54 
10570.3 8458.04 9064.7 -1122.59 -744.147 -9630 
-430.074 2435.13 2384.98 2616.38 -1014.27 3905.12 
-5773.06 -3361.08 -2195.45 1446.76 -538.871 7553.94 
2924.05 -242.601 1667.28 -3363.35 358.108 -5416.25 
10659.6 8419.33 9253.39 -1064.19 -767.86 -9663.64 
-406.438 2888.37 2061.52 3231.77 -1105.84 4255.16 
-6397.42 -3379.89 -3681.95 2083.22 -432.571 8264.92 
-17546 -42489.9 3760.74 -5919.07 -32086.7 6319.48 
-8287.13 -35892.6 10194.5 -7118.24 -32209.1 -3326.55 
-17044.7 -22336.6 -15166.4 -3974.91 2373.88 6496.35 
-7794 -15743.8 -8736.97 -5453.69 2250.85 -4130.43 
-16127.3 -20606.6 -14482.9 -3888.11 2719.41 6636.93 
-6664.68 -13868.8 -7907.89 -5429.78 2594.01 -4276.3 
-13798.8 -16634.2 -12490.2 -3634.14 2080.09 6761.13 
-4078.82 -9716.54 -5737.1 -5199.66 1951.41 -4433.92 
-19319 -25356.6 -17468.9 -4267.49 2566.53 6954.71 
-9403.31 -18302.8 -10581.8 -5923.55 2436.18 -4366.6 
-18595.6 -24136.6 -16784.1 -4132.5 2408.36 7048.38 
-8509 -16966.7 -9779.95 -5889.3 2276.25 -4480.11 
-17837.8 -22671.7 -16237.2 -4125.7 2718.09 7174.12 
-7541.42 -15357.5 -9087.19 -5931.29 2582.62 -4588.83 
-15831 -19260.2 -14502.8 -3908.35 2157.94 7277.55 
-5303.81 -11784.9 -7192.81 -5728.46 2019.34 -4721.15 
-20446.1 -26508.4 -18705.1 -4483.78 2687.72 7447.32 
-9747.38 -18913.8 -11277.7 -6376.47 2547.64 -4656.57 
-19853.6 -25487.3 -18161 -4364.79 2583.15 7525.6 
-9006.33 -17792 -10632 -6338.51 2441.56 -4753.78 
-19201.4 -24211.4 -17703.5 -4358.93 2880.13 7632.43 
-8170.87 -16390.3 -10047.1 -6370.05 2735.59 -4846.85 
-17451.6 -21218.8 -16209.1 -4166.73 2434.21 7719.79 
-6219.47 -13256.9 -8412.92 -6186.36 2286.93 -4961.15 
-21494.1 -27573.2 -19884.8 -4674.6 2882.08 7866.93 
-10112.7 -19507.6 -11986.4 -6753.93 2733.51 -4902.5 
-20957 -26648.1 -19394.3 -4569.58 2805.1 7933.24 
-9446.64 -18495.2 -11407.7 -6716.9 2655.22 -4986.4 
-20372.3 -25504.9 -18986.1 -4564.25 3078.22 8024.85 
-8702.55 -17242.7 -10888.7 -6741.81 2925.77 -5066.63 
-18822.2 -22832.5 -17685.2 -4398.1 2739.64 8099.92 
-6977.18 -14447.9 -9466.32 -6580.51 2584.8 -5165.38 
-22424 -28515.9 -20940 -4838.38 3080.3 8226.27 
-10449.2 -20041.3 -12632.3 -7070.66 2924.32 -5113.67 
-21915.1 -27647.8 -20472.6 -4746.7 3020.44 8282.97 
-9828.37 -19097.4 -12088.2 -7037.22 2863.33 -5186.15 
-21380.1 -26608 -20097 -4742.52 3268.66 8362.06 
-9155.13 -17962.8 -11616.6 -7058.08 3109.31 -5255.38 
-19993.2 -24195.9 -18956.8 -4603.16 3024.47 8427.56 
-7616.57 -15444.9 -10371.3 -6921.01 2863.03 -5340.31 
-23235 -29337.5 -21862.1 -4977.29 3261.47 8534.72 
-10745.5 -20508.1 -13199.2 -7337.08 3099.04 -5296.05 
-22743.9 -28509.7 -21406.8 -4898.81 3213.91 8583.66 
-10157 -19614.4 -12677.3 -7308.98 3050.47 -5358.5 
-22248.4 -27554.9 -21055.7 -4896.59 3439.25 8652.38 
-9541.92 -18577.5 -12243 -7327.74 3273.88 -5418.12 
-20998.2 -25360.5 -20050.9 -4784.63 3276.22 8710.49 
-8160.9 -16291.9 -11147.6 -7216.09 3109.05 -5490.59 
-23937.9 -30049.5 -22661 -5094.42 3420.97 8799.86 
-11002.3 -20912.7 -13690.3 -7561.22 3252.9 -5454.09 
-23459.9 -29253.7 -22213.5 -5029.09 3383.02 8842.52 
-10439.3 -20059.2 -13184.6 -7539.78 3214.05 -5507.62 
-22997.2 -28370.2 -21882.1 -5029.64 3588.25 8902.68 
-9873.22 -19104.6 -12781.3 -7557.95 3417.63 -5558.77 
-21862.6 -26360.3 -20992.1 -4945.52 3494.63 8955.17 
-8626.25 -17016.3 -11813.5 -7472.54 3322.46 -5619.91 
-24546 -30665.9 -23351.2 -5192.76 3559.43 9027.99 
-11223.9 -21262.4 -14113.6 -7749.57 3386.43 -5591.39 
-24078.6 -29896.8 -22909.6 -5140.56 3529.34 9065.65 
-10681.8 -20442.3 -13620.8 -7735.78 3355.52 -5636.95 
-23643.5 -29073.8 -22594.6 -5144.58 3717.17 9118.77 
-10157.4 -19557.8 -13243.7 -7754.61 3541.95 -5680.6 
-22607.2 -27220.8 -21802.4 -5088.63 3683.02 9167.15 
-9024.94 -17637.7 -12384.9 -7696.04 3506.47 -5731.39 
-25072.2 -31200.2 -23947.3 -5275.01 3678.97 9224.49 
-11414.7 -21564.7 -14478 -7907.46 3501.64 -5711.01 
-24613.8 -30453.6 -23510.6 -5235.92 3655.46 9258.23 
-10890 -20772.6 -13995.7 -7902.12 3477.38 -5749.42 
-24202.2 -29682.2 -23209.3 -5244 3828.35 9305.6 
-10401.2 -19947.9 -13640.8 -7922.62 3649.08 -5786.4 
-23249.6 -27963 -22500.8 -5216.46 3845.49 9351.15 
-9366.96 -18171.5 -12875.7 -7891.31 3665.09 -5827.68 
-25528.4 -31664.3 -24462.7 -5343.51 3781.96 9393.97 
-11579.3 -21826.3 -14791.8 -8039.33 3600.81 -5815.6 
-25077.6 -30936.8 -24030 -5317.5 3764.04 9424.71 
-11069 -21057.7 -14318 -8043.06 3582.18 -5847.57 
-24685.9 -30209.6 -23740.4 -5330.14 3924.14 9467.45 
-10610.6 -20284 -13982.1 -8066.05 3741.29 -5878.6 
-23805.1 -28604.7 -23103.9 -5331.15 3985.98 9511.25 
-9660.62 -18630.7 -13297.6 -8062.27 3802.18 -5911.12 
-25925 -32068.9 -24909.4 -5400.28 3870.62 9540.4 
-11721.2 -22053.2 -15062 -8148.85 3686.08 -5907.46 
-25480.6 -31357.5 -24479.7 -5387.3 3857.51 9568.94 
-11222.6 -21303.9 -14594.9 -8162.15 3672.27 -5933.62 
-25106 -30668 -24200.2 -5404.92 4006.67 9607.99 
-10790.2 -20573.8 -14275.2 -8188.28 3820.64 -5959.34 
-24286.9 -29161.1 -23626.1 -5434.54 4108.07 9650.99 
-9912.92 -19025.9 -13660.8 -8212.2 3921.23 -5983.75 
-26271.1 -32423.4 -25297.5 -5447.06 3946.89 9667.2 
-11843.7 -22250.4 -15295 -8239.06 3759.31 -5988.61 
-25832 -31725.2 -24870.2 -5447.07 3937.98 9694.24 
-11354.4 -21516.6 -14832.8 -8262.29 3749.72 -6009.51 
-25472.1 -31068.1 -24599.3 -5469.98 4077.83 9730.42 
-10944.1 -20823.8 -14527 -8292.09 3888.92 -6030.49 
-24706.3 -29645.3 -24080 -5528.21 4214.92 9773.38 
-10129.8 -19366.5 -13973.9 -8343.73 4025.35 -6047.38 
-26574.8 -32735.8 -25636.2 -5485.37 4012.46 9777.36 
-11949.5 -22422.1 -15496 -8312.44 3822.12 -6060.87 
-26139.9 -32048.3 -25210.5 -5498.29 4007.31 9803.47 
-11467.1 -21700.5 -15037.1 -8345.86 3816.28 -6077.01 
-25792.7 -31419.1 -24947.1 -5526.75 4139.21 9837.48 
-11075.8 -21039.5 -14743.1 -8379.71 3947.68 -6093.74 
-25073.5 -30068.8 -24476.4 -5613.46 4309.39 9881.08 
-10316.4 -19660.3 -14244.5 -8458.97 4117.32 -6103.65 
-26843.2 -33013.2 -25933.4 -5516.5 4068.74 9873.43 
-12040.6 -22572.1 -15669.5 -8370.99 3875.87 -6125.84 
-26411.3 -32334 -25508.2 -5542.22 4067.05 9899.13 
-11563 -21859.3 -15212.3 -8414.72 3873.47 -6137.68 
-26075.3 -31729 -25251.5 -5576.41 4192.18 9931.56 
-11187.9 -21225.7 -14928.4 -8452.87 3998.22 -6150.63 
-25397.5 -30441.7 -24825.2 -5691.39 4394.04 9976.33 
-10476.9 -19914.2 -14479 -8559.49 4199.65 -6154.06 
-27082.6 -33262.1 -26195.8 -5541.55 4116.94 9957.66 
-12118.9 -22703.2 -15819.2 -8416.21 3921.7 -6185.02 
-26652.7 -32588.7 -25770.5 -5579.92 4118.54 9983.37 
-11643.9 -21996.3 -15362 -8470.26 3922.56 -6192.98 
-26326.6 -32004.9 -25519.7 -5619.95 4237.9 10014.7 
-11282.7 -21386.1 -15086.9 -8512.82 4041.66 -6202.58 
-25686.3 -30773 -25134.9 -5762.81 4471.27 10061.1 
-10615.1 -20134 -14683 -8646.34 4274.7 -6200.02 
-27298.6 -33487.9 -26429.8 -5561.44 4158.03 10032 
-12185.5 -22818.1 -15948.2 -8449.13 3960.56 -6239.81 
-26869.6 -32818 -26003.2 -5612.27 4162.91 10058 
-11711.1 -22113.8 -15489.3 -8513.36 3964.64 -6244.31 
-26552.6 -32253 -25758.1 -5658.12 4277.34 10088.7 
-11361.8 -21523.9 -15221.9 -8560.29 4078.91 -6250.97 
-25947.3 -31070.9 -25413.5 -5828.3 4543.39 10137 
-10733.9 -20324.7 -14861.5 -8720.02 4344.7 -6242.91 
-27496.5 -33695.7 -26640.8 -5576.88 4192.83 10098 
-12241.4 -22918.4 -16059 -8470.29 3993.17 -6291.56 
-27067.3 -33027 -26211.8 -5639.87 4201.11 10124.7 
-11765.3 -22213.7 -15596.6 -8544.38 4000.61 -6293.03 
-26759 -32479 -25972.3 -5691.44 4311.31 10155 
-11426.3 -21641.6 -15335.9 -8595.44 4110.74 -6297.17 
-26187.6 -31342.9 -25668.6 -5888.1 4612.69 10205.5 
-10835.8 -20490.4 -15018.8 -8780.35 4411.92 -6284.12 
-27681.3 -33890.1 -26834 -5588.37 4221.95 10157.2 
-12286.8 -23005.5 -16153.5 -8479.67 4020.13 -6341.67 
-27250.6 -33220 -26401.3 -5663.1 4233.96 10184.8 
-11806.5 -22297 -15685.5 -8563.05 4031.23 -6340.54 
-26951 -32688.2 -26167.6 -5720.1 4340.53 10214.9 
-11476.5 -21740.8 -15430.8 -8617.76 4137.78 -6342.6 
-26414.2 -31595.9 -25907.4 -5942.05 4681.6 10267.6 
-10922.5 -20634.5 -15158.3 -8826.41 4478.7 -6325.13 
-27857.9 -34075.4 -27014.3 -5596.08 4245.93 10210.6 
-12321.2 -23079.8 -16232.7 -8476.54 4041.9 -6391.59 
-27424.3 -33401.2 -26576.5 -5681.95 4262.23 10239.3 
-11834 -22363.8 -15756.7 -8568.35 4057.2 -6388.36 
-27133.9 -32885.1 -26349.2 -5743.9 4365.66 10269.3 
-11511.9 -21821.8 -15507.5 -8625.94 4160.66 -6388.83 
-26633.9 -31836.7 -26137.1 -5989.43 4752.87 10324.2 
-10994.7 -20759.2 -15283.3 -8856.26 4547.74 -6367.61 
-28031.4 -34255.6 -27186.5 -5599.82 4265.3 10259.2 
-12343.1 -23140.7 -16297.2 -8459.33 4058.92 -6442.95 
-27593.4 -33574 -26742 -5695.95 4286.76 10288.9 
-11845.9 -22412.6 -15810.4 -8558.27 4079.28 -6438.2 
-27313.1 -33073.8 -26522.1 -5762.05 4387.58 10318.8 
-11530.5 -21883.7 -15566.3 -8617.55 4180.14 -6437.66 
-26853.9 -32070.8 -26365.3 -6028.76 4830 10375.6 
-11052 -20864.4 -15395.8 -8866.67 4622.42 -6413.5 
-28207.3 -34434.2 -27355.9 -5598.84 4280.94 10303.5 
-12349.9 -23185.6 -16346.4 -8425.34 4071.97 -6497.67 
-27762.8 -33740.9 -26902.6 -5703.93 4309.01 10334.1 
-11838.1 -22439.6 -15845 -8529.55 4098.81 -6492.11 
-27493.7 -33256.6 -26691.5 -5773.02 4408.04 10363.7 
-11527.9 -21921.7 -15605.5 -8588.75 4197.85 -6491.26 
-27080.7 -32300.9 -26599.8 -6057.52 4918.2 10421.8 
-11090.4 -20945.7 -15496.4 -8852.62 4707.82 -6465.18 
-28391.4 -34613.3 -27528.9 -5591.62 4295.09 10343.5 
-12336.3 -23208.9 -16379 -8370.31 4083.15 -6558.04 
-27937 -33901 -27063.6 -5703.86 4332.31 10374.7 
-11803.5 -22435.5 -15857.8 -8477.11 4118.97 -6552.56 
-27679.7 -33430.5 -26862.6 -5774.22 4431.56 10403.6 
-11495.4 -21924 -15621.5 -8533.71 4218.13 -6552.29 
-27317.8 -32520.2 -26847.5 -6071.86 5027.01 10462.2 
-11099.4 -20986.2 -15582.5 -8806.75 4813.27 -6525.62 
-28589.6 -34790.3 -27713.8 -5575.71 4314.25 10378.8 
-12293.1 -23197.3 -16392.8 -8287.87 4098.74 -6626.88 
-28118.1 -34044.2 -27230.9 -5692.49 4365.79 10410 
-11727.8 -22378.6 -15843 -8393.5 4148.65 -6622.62 
-27869.3 -33576.7 -27039.6 -5761.83 4470.91 10437.5 
-11413.3 -21858.9 -15606.2 -8443.92 4253.51 -6624.07 
-27555.9 -32692.5 -27110.8 -6066.51 5177.5 10495.4 
-11050.5 -20935.9 -15642.7 -8718.47 4959.59 -6598.5 
-28805.4 -34948.5 -27924 -5547.6 4357.64 10407.8 
-12202.7 -23118.8 -16386.5 -8168.64 4137.66 -6707.59 
-28298.4 -34132 -27410.4 -5665.49 4435.51 10438.1 
-11580.3 -22214 -15791 -8267.85 4213.58 -6705.97 
-28041.7 -33628.8 -27222.3 -5731.06 4563.12 10463.2 
-11235.8 -21642.5 -15541.9 -8307.2 4340.64 -6710.55 
-27745.6 -32693 -27374.7 -6035.67 5422.92 10518.6 
-10866.6 -20650.7 -15643 -8573.21 5199.59 -6688.22 
-29035.5 -35034.8 -28187.1 -5499.26 4479.84 10426.6 
-12031.6 -22899.4 -16366.7 -7994.72 4254.05 -6804.95 
-28444.2 -34056.3 -27607 -5599.25 4607.74 10450.2 
-11293.6 -21809.7 -15682.9 -8065.72 4379.59 -6811.82 
-27688.8 -32597.7 -27106.2 -5245.22 4589.07 10620 
-10412.2 -20254.7 -15094.7 -7674.34 4360.08 -6672.57 
-8064.49 -5876.91 -5337.36 971.101 246.551 8371.74 
8058.55 5426.22 5741.53 -1741.83 93.6914 -8740.73 
-7101.72 -4753.65 -4085.34 1266.04 29.1838 8087.36 
9021.32 6549.48 6993.54 -1446.89 -123.676 -9025.12 
POINT_DATA 501
VECTORS displacement float
-5.28089e-11 -2.52153e-10 2.1929e-10
-0.00226254 0.00179966 0.0101241
-0.000218365 0.00152655 0.00877332
7.62728e-12 2.82977e-10 -1.35934e-10
-3.25574e-06 -5.33062e-05 5.45624e-05
-0.00224911 0.00187992 0.0103863
-0.000292814 0.00158119 0.00905013
1.04709e-11 3.99534e-11 3.89636e-11
-1.22842e-05 -6.08568e-05 4.84302e-05
-0.00223883 0.00195631 0.010637
-0.000369362 0.00163187 0.00931567
5.89308e-12 4.2352e-11 5.45615e-11
-1.16052e-05 -4.57636e-05 4.29086e-05
-0.00222715 0.00202737 0.0108657
-0.00044489 0.00167699 0.00955997
1.74914e-11 -4.92755e-11 -3.66892e-11
-3.3594e-11 -3.24831e-10 2.74275e-10
-0.00220913 0.0020994 0.0110218
-0.000515823 0.00172243 0.00973186
1.12517e-11 2.25566e-10 -1.27142e-10
-1.09218e-05 -3.68894e-05 4.20474e-05
-0.00220138 0.00215691 0.0112267
-0.000583212 0.00175331 0.00995274
3.68901e-12 6.32138e-11 1.84946e-11
-1.2703e-05 -4.70049e-05 4.26383e-05
-0.00219475 0.00221262 0.0114307
-0.000649159 0.00178227 0.0101733
4.21619e-12 4.37887e-11 4.88406e-11
-1.07698e-05 -3.68195e-05 3.79078e-05
-0.0021865 0.00226642 0.0116189
-0.00071352 0.00180912 0.0103787
1.56127e-11 -4.21253e-11 -3.21985e-11
-3.03211e-11 -2.70619e-10 2.41588e-10
-0.00217259 0.00232361 0.0117462
-0.000773496 0.00183879 0.0105236
1.01877e-11 1.97939e-10 -1.04699e-10
-9.75884e-06 -3.17081e-05 3.66393e-05
-0.00216765 0.0023698 0.011917
-0.000830533 0.00185744 0.0107121
3.36562e-12 5.65373e-11 2.21155e-11
-1.13003e-05 -4.06453e-05 3.69505e-05
-0.00216362 0.00241575 0.0120879
-0.000886363 0.00187576 0.0109011
3.80599e-12 3.99238e-11 4.83905e-11
-9.54464e-06 -3.19928e-05 3.26978e-05
-0.0021581 0.00246105 0.0122455
-0.000940836 0.00189328 0.0110776
1.3848e-11 -3.3201e-11 -2.03403e-11
-2.67393e-11 -2.3802e-10 2.07477e-10
-0.00214748 0.00250997 0.012351
-0.000991494 0.0019139 0.0112023
9.06721e-12 1.73045e-10 -8.48649e-11
-8.56158e-06 -2.81289e-05 3.14558e-05
-0.00214463 0.00255006 0.0124948
-0.0010397 0.0019257 0.0113652
3.04218e-12 5.0683e-11 2.49324e-11
-9.88129e-06 -3.61171e-05 3.16597e-05
-0.00214249 0.00259045 0.0126389
-0.00108689 0.00193773 0.011529
3.40043e-12 3.63694e-11 4.82931e-11
-8.31805e-06 -2.84816e-05 2.79093e-05
-0.00213896 0.00263066 0.0127718
-0.00113296 0.00194943 0.011682
1.20922e-11 -2.4318e-11 -8.1501e-12
-2.31697e-11 -2.13997e-10 1.76366e-10
-0.00213089 0.00267403 0.0128596
-0.00117582 0.00196386 0.0117903
7.94341e-12 1.514e-10 -6.77485e-11
-7.375e-06 -2.53595e-05 2.68538e-05
-0.00212947 0.00271013 0.0129809
-0.00121658 0.00197104 0.0119321
2.72214e-12 4.56367e-11 2.72417e-11
-8.48465e-06 -3.25567e-05 2.70103e-05
-0.0021286 0.00274672 0.0131027
-0.00125651 0.00197864 0.0120749
3.00072e-12 3.3248e-11 4.83053e-11
-7.11529e-06 -2.56905e-05 2.37191e-05
-0.00212646 0.00278331 0.0132148
-0.00129552 0.00198612 0.0122083
1.03704e-11 -1.63499e-11 2.90811e-12
-1.96693e-11 -1.94762e-10 1.49215e-10
-0.0021203 0.00282245 0.0132878
-0.00133191 0.00199579 0.012303
6.83524e-12 1.32823e-10 -5.31026e-11
-6.21285e-06 -2.30899e-05 2.28754e-05
-0.00211978 0.00285557 0.0133901
-0.00136645 0.00199944 0.0124269
2.40784e-12 4.13162e-11 2.91801e-11
-7.12123e-06 -2.96181e-05 2.30057e-05
-0.0021197 0.00288925 0.013493
-0.00140029 0.00200359 0.0125519
2.60826e-12 3.05556e-11 4.83464e-11
-5.94288e-06 -2.33758e-05 2.01152e-05
-0.00211846 0.002923 0.0135875
-0.00143342 0.00200771 0.0126688
8.68939e-12 -9.44078e-12 1.25394e-11
-1.62521e-11 -1.78752e-10 1.25882e-10
-0.0021137 0.00295872 0.0136479
-0.00146449 0.00201349 0.0127519
5.74896e-12 1.16952e-10 -4.06021e-11
-5.07801e-06 -2.11822e-05 1.94672e-05
-0.0021137 0.00298944 0.0137339
-0.00149387 0.00201426 0.0128606
2.10064e-12 3.76278e-11 3.0824e-11
-5.79232e-06 -2.7141e-05 1.95787e-05
-0.00211402 0.00302075 0.0138209
-0.00152265 0.00201556 0.0129706
2.22395e-12 2.82516e-11 4.83914e-11
-4.80088e-06 -2.1421e-05 1.70321e-05
-0.00211329 0.00305217 0.0139002
-0.00155091 0.00201688 0.0130733
7.04965e-12 -3.50811e-12 2.0819e-11
-1.2917e-11 -1.65208e-10 1.05919e-10
-0.00210954 0.00308504 0.0139499
-0.00157764 0.00201938 0.0131465
4.68598e-12 1.03403e-10 -2.99312e-11
-3.96967e-06 -1.9562e-05 1.65531e-05
-0.00210973 0.00311377 0.0140222
-0.00160277 0.00201772 0.0132424
1.80116e-12 3.44834e-11 3.22246e-11
-4.49611e-06 -2.50351e-05 1.66483e-05
-0.00211016 0.00314311 0.0140954
-0.00162739 0.00201661 0.0133394
1.84824e-12 2.62884e-11 4.84339e-11
-3.68731e-06 -1.97581e-05 1.43948e-05
-0.00210964 0.00317258 0.0141619
-0.00165165 0.00201554 0.0134301
5.44916e-12 1.58903e-12 2.79233e-11
-9.65866e-12 -1.53682e-10 8.88305e-11
-0.00210658 0.00320306 0.0142024
-0.0016749 0.00201525 0.0134949
3.6459e-12 9.18275e-11 -2.08077e-11
-2.88594e-06 -1.81809e-05 1.40576e-05
-0.00210673 0.00323013 0.0142628
-0.00169656 0.00201151 0.0135797
1.50959e-12 3.18055e-11 3.34208e-11
-3.22996e-06 -2.32392e-05 1.41373e-05
-0.00210701 0.00325782 0.0143243
-0.00171779 0.00200833 0.0136658
1.48119e-12 2.46214e-11 4.84735e-11
-2.59976e-06 -1.83398e-05 1.21326e-05
-0.00210646 0.00328568 0.0143799
-0.00173881 0.00200521 0.0137461
3.88531e-12 5.99614e-12 3.40419e-11
-6.47092e-12 -1.43857e-10 7.41532e-11
-0.00210383 0.00331413 0.0144126
-0.00175932 0.0020025 0.0138038
2.62769e-12 8.19173e-11 -1.29855e-11
-1.82488e-06 -1.70025e-05 1.19125e-05
-0.00210372 0.00333983 0.0144629
-0.00177822 0.00199697 0.0138791
1.22583e-12 2.95273e-11 3.44441e-11
-1.99133e-06 -2.17063e-05 1.19762e-05
-0.00210366 0.00336616 0.0145144
-0.00179674 0.00199198 0.0139558
1.1227e-12 2.32114e-11 4.85117e-11
-1.53602e-06 -1.71292e-05 1.01825e-05
-0.00210286 0.00339268 0.0145606
-0.0018152 0.00198708 0.0140274
2.3556e-12 9.84847e-12 3.93527e-11
-3.34822e-12 -1.35487e-10 6.14735e-11
-0.00210044 0.00341945 0.0145867
-0.00183363 0.00198227 0.0140789
1.6302e-12 7.34049e-11 -6.2507e-12
-7.84796e-07 -1.59973e-05 1.00571e-05
-0.00209988 0.00344401 0.0146285
-0.00185039 0.00197517 0.0141463
9.49628e-13 2.75914e-11 3.53212e-11
-7.78146e-07 -2.03981e-05 1.01037e-05
-0.00209929 0.00346923 0.0146714
-0.00186682 0.00196861 0.0142149
7.72561e-13 2.20247e-11 4.85506e-11
-4.94285e-07 -1.60958e-05 8.4886e-06
-0.00209805 0.00349465 0.0147097
-0.00188333 0.00196214 0.014279
8.57958e-13 1.32693e-11 4.40174e-11
-2.86369e-13 -1.28368e-10 5.04238e-11
-0.00209561 0.00352003 0.0147301
-0.00190029 0.0019555 0.0143254
6.52486e-13 6.60566e-11 -4.16058e-13
2.3548e-07 -1.51407e-05 8.43796e-06
-0.00209442 0.00354369 0.0147646
-0.00191548 0.00194701 0.0143859
6.80678e-13 2.59487e-11 3.60749e-11
4.11065e-07 -1.9282e-05 8.46532e-06
-0.00209312 0.00356801 0.0148003
-0.00193038 0.00193906 0.0144477
4.30567e-13 2.10328e-11 4.85923e-11
5.26647e-07 -1.52139e-05 7.00095e-06
-0.00209124 0.00359257 0.0148318
-0.00194551 0.00193121 0.0145053
-6.08977e-13 1.63724e-11 4.8183e-11
2.71707e-12 -1.22325e-10 4.06741e-11
-0.00208857 0.00361681 0.0148475
-0.00196156 0.00192294 0.0145474
-3.0605e-13 5.96658e-11 4.68472e-12
1.23652e-06 -1.44111e-05 7.00666e-06
-0.00208656 0.00363976 0.0148757
-0.00197574 0.00191321 0.014602
4.18665e-13 2.45569e-11 3.67252e-11
1.577e-06 -1.83297e-05 7.01177e-06
-0.00208435 0.0036634 0.0149053
-0.00198967 0.00190403 0.014658
9.65711e-14 2.02119e-11 4.86391e-11
1.5273e-06 -1.44608e-05 5.67409e-06
-0.00208162 0.0036873 0.014931
-0.00200398 0.00189495 0.0147102
-2.04572e-12 1.9266e-11 5.19871e-11
5.66244e-12 -1.17209e-10 3.1921e-11
-0.00207849 0.00371063 0.0149429
-0.00201969 0.00188521 0.0147486
-1.24554e-12 5.40465e-11 9.20251e-12
2.21817e-06 -1.37902e-05 5.7186e-06
-0.00207544 0.00373306 0.0149658
-0.00203339 0.00187438 0.0147982
1.63297e-13 2.33797e-11 3.72896e-11
2.71943e-06 -1.75167e-05 5.69716e-06
-0.00207209 0.0037562 0.0149902
-0.0020469 0.00186407 0.0148493
-2.29472e-13 1.95422e-11 4.86933e-11
2.50739e-06 -1.3817e-05 4.46532e-06
-0.00206828 0.00377962 0.0150111
-0.00206096 0.00185387 0.0148968
-3.45172e-12 2.20567e-11 5.55626e-11
8.54755e-12 -1.12891e-10 2.38764e-11
-0.00206441 0.00380225 0.0150197
-0.00207688 0.0018428 0.0149322
-2.1655e-12 4.90268e-11 1.32781e-11
3.17934e-06 -1.32613e-05 4.53116e-06
-0.00206007 0.00382433 0.0150382
-0.00209069 0.00183095 0.0149776
-8.56781e-14 2.23851e-11 3.77842e-11
3.83704e-06 -1.68209e-05 4.47729e-06
-0.00205532 0.00384715 0.0150581
-0.00210437 0.00181962 0.0150244
-5.47467e-13 1.90075e-11 4.87577e-11
3.4656e-06 -1.32647e-05 3.3331e-06
-0.00205014 0.00387028 0.0150749
-0.00211877 0.0018084 0.015068
-4.82512e-12 2.48548e-11 5.90431e-11
1.1367e-11 -1.09254e-10 1.62563e-11
-0.00204523 0.00389238 0.0150809
-0.00213553 0.00179608 0.0151008
-3.06468e-12 4.44422e-11 1.70475e-11
4.11783e-06 -1.28099e-05 3.40207e-06
-0.00203929 0.00391428 0.0150957
-0.00215006 0.00178329 0.0151427
-3.28473e-13 2.15451e-11 3.82237e-11
4.92708e-06 -1.62223e-05 3.3079e-06
-0.00203281 0.00393695 0.0151119
-0.00216456 0.00177101 0.0151859
-8.57138e-13 1.85948e-11 4.88351e-11
4.39938e-06 -1.27877e-05 2.23525e-06
-0.00202591 0.00395995 0.0151253
-0.00217996 0.00175883 0.0152261
-6.16235e-12 2.77788e-11 6.25692e-11
1.41114e-11 -1.06197e-10 8.76892e-12
-0.00201959 0.00398168 0.0151292
-0.00219824 0.00174534 0.0152569
-3.94083e-12 4.01297e-11 2.06475e-11
5.02991e-06 -1.24221e-05 2.28754e-06
-0.00201166 0.00400356 0.0151408
-0.00221421 0.00173165 0.0152957
-5.65269e-13 2.08339e-11 3.86223e-11
5.98497e-06 -1.57025e-05 2.1427e-06
-0.00200307 0.00402623 0.0151539
-0.00223027 0.00171847 0.0153358
-1.15799e-12 1.82936e-11 4.89294e-11
5.30447e-06 -1.23709e-05 1.12714e-06
-0.00199403 0.00404926 0.0151644
-0.00224746 0.00170538 0.0153731
-7.45766e-12 3.09615e-11 6.62951e-11
1.67657e-11 -1.03626e-10 1.10077e-12
-0.00198583 0.00407078 0.0151668
-0.00226804 0.00169073 0.0154025
-4.79042e-12 3.59202e-11 2.42214e-11
5.90986e-06 -1.20852e-05 1.14031e-06
-0.00197546 0.00409278 0.0151758
-0.0022863 0.00167619 0.0154386
-7.96236e-13 2.02277e-11 3.89939e-11
7.00365e-06 -1.52434e-05 9.31254e-07
-0.00196426 0.00411561 0.0151863
-0.0023048 0.00166213 0.015476
-1.44926e-12 1.80959e-11 4.90447e-11
6.17437e-06 -1.19996e-05 -4.03764e-08
-0.00195257 0.00413882 0.0151943
-0.00232469 0.00164816 0.0155109
-8.70229e-12 3.45565e-11 7.0396e-11
1.93076e-11 -1.01456e-10 -7.097e-12
-0.00194193 0.00416025 0.0151957
-0.00234855 0.00163234 0.0155391
-5.60818e-12 3.16316e-11 2.79246e-11
6.74921e-06 -1.17871e-05 -9.24353e-08
-0.00192853 0.00418253 0.0152024
-0.00237012 0.00161695 0.015573
-1.02157e-12 1.97026e-11 3.93527e-11
7.97267e-06 -1.48281e-05 -3.83183e-07
-0.00191411 0.00420567 0.0152106
-0.00239214 0.00160204 0.0156081
-1.72985e-12 1.79952e-11 4.91866e-11
6.99949e-06 -1.16596e-05 -1.3231e-06
-0.00189914 0.00422921 0.0152166
-0.00241587 0.00158719 0.0156407
-9.88343e-12 3.87449e-11 7.50773e-11
2.17045e-11 -9.9612e-11 -1.62238e-11
-0.00188538 0.00425065 0.0152174
-0.00244418 0.00157015 0.0156683
-6.38649e-12 2.70614e-11 3.19299e-11
7.53573e-06 -1.1517e-05 -1.47112e-06
-0.00186824 0.00427335 0.0152222
-0.00247035 0.0015539 0.0157001
-1.24155e-12 1.92336e-11 3.97129e-11
8.87692e-06 -1.44411e-05 -1.8657e-06
-0.00184987 0.00429694 0.0152285
-0.00249724 0.0015381 0.0157332
-1.99825e-12 1.79859e-11 4.93622e-11
7.76597e-06 -1.13383e-05 -2.78533e-06
-0.00183083 0.00432095 0.0152326
-0.00252623 0.00152233 0.0157639
-1.09828e-11 4.37424e-11 8.05831e-11
2.39098e-11 -9.80509e-11 -2.67408e-11
-0.00181311 0.00434247 0.0152332
-0.00256048 0.00150398 0.0157911
-7.1146e-12 2.19823e-11 3.64271e-11
8.25199e-06 -1.12689e-05 -3.06475e-06
-0.00179138 0.00436571 0.0152364
-0.00259285 0.0014868 0.0158211
-1.45664e-12 1.87915e-11 4.00875e-11
9.69487e-06 -1.40738e-05 -3.59028e-06
-0.00176816 0.00438987 0.0152408
-0.00262634 0.00147004 0.0158522
-2.25249e-12 1.80601e-11 4.95819e-11
8.45413e-06 -1.10292e-05 -4.50006e-06
-0.00174411 0.00441444 0.0152434
-0.0026624 0.00145326 0.0158811
-1.19747e-11 4.98009e-11 8.72055e-11
2.58581e-11 -9.68197e-11 -3.91674e-11
-0.00172141 0.00443605 0.0152441
-0.00270448 0.00143339 0.0159083
-7.77768e-12 1.61493e-11 4.16064e-11
8.87364e-06 -1.10521e-05 -4.94808e-06
-0.00169403 0.0044599 0.0152457
-0.00274513 0.00141513 0.0159366
-1.66764e-12 1.83371e-11 4.04821e-11
1.03965e-05 -1.37399e-05 -5.63516e-06
-0.00166489 0.00448464 0.0152484
-0.0027874 0.00139722 0.0159658
-2.4902e-12 1.82004e-11 4.98625e-11
9.03662e-06 -1.07465e-05 -6.54319e-06
-0.00163472 0.00450978 0.0152493
-0.00283286 0.00137919 0.0159929
-1.28243e-11 5.71947e-11 9.52844e-11
2.74599e-11 -9.62452e-11 -5.40221e-11
-0.00160582 0.00453131 0.0152505
-0.0028852 0.00135739 0.0160204
-8.35606e-12 9.34202e-12 4.75899e-11
9.36785e-06 -1.09238e-05 -7.1862e-06
-0.00157156 0.00455562 0.0152504
-0.00293678 0.00133766 0.0160469
-1.87605e-12 1.78077e-11 4.08774e-11
1.09415e-05 -1.35239e-05 -8.0614e-06
-0.00153522 0.00458074 0.0152513
-0.00299067 0.00131812 0.0160741
-2.70918e-12 1.83604e-11 5.0237e-11
9.47706e-06 -1.05694e-05 -8.9688e-06
-0.00149761 0.00460609 0.0152503
-0.00304852 0.00129822 0.0160992
-1.34875e-11 6.61529e-11 1.05181e-10
2.86003e-11 -9.74923e-11 -7.15972e-11
-0.0014611 0.00462692 0.0152519
-0.00311425 0.00127356 0.016127
-8.82606e-12 1.51931e-12 5.42073e-11
9.69359e-06 -1.10867e-05 -9.78095e-06
-0.00141853 0.00465098 0.0152497
-0.00318019 0.00125134 0.0161513
-2.08475e-12 1.70808e-11 4.11737e-11
1.128e-05 -1.37247e-05 -1.08412e-05
-0.00137356 0.00467551 0.0152482
-0.00324932 0.00122887 0.0161761
-2.90929e-12 1.8407e-11 5.07818e-11
9.73159e-06 -1.07746e-05 -1.17279e-05
-0.00132702 0.00469976 0.0152446
-0.0033234 0.00120544 0.0161986
-1.39181e-11 7.66316e-11 1.17161e-10
2.92244e-11 -1.04361e-10 -9.12186e-11
-0.00128127 0.00471794 0.0152457
-0.00340654 0.00117562 0.0162258
-9.02121e-12 -6.73848e-12 6.01916e-11
9.9515e-06 -1.224e-05 -1.24983e-05
-0.00122882 0.00473933 0.0152406
-0.00349108 0.00114811 0.0162472
-1.4757e-12 1.53174e-11 4.04186e-11
1.20931e-05 -1.54675e-05 -1.37223e-05
-0.00117342 0.0047602 0.0152356
-0.00357973 0.00111921 0.0162686
1.02121e-12 7.7554e-12 4.06017e-11
1.33858e-05 -1.27e-05 -1.7113e-05
-0.00111509 0.00478019 0.0152256
-0.00367337 0.00108851 0.0162846
-3.02163e-11 -2.25137e-11 2.21746e-11
-2.02241e-05 -2.48229e-05 3.49111e-06
9.46024e-05 0.000139893 0.000527524
5.98759e-05 -2.19177e-05 -3.6406e-06
5.75845e-05 -1.68737e-05 -1.2435e-05
6.32409e-05 1.31061e-05 -3.37425e-05
6.65631e-05 1.67381e-05 -1.38731e-05
6.17231e-05 -1.85183e-06 -4.5838e-06
6.28435e-05 -8.35554e-07 -1.16586e-05
6.85481e-05 2.20306e-05 -3.08181e-05
7.16703e-05 2.35636e-05 -1.54512e-05
6.73463e-05 7.1952e-06 -8.06644e-06
6.83415e-05 7.67423e-06 -1.48417e-05
7.33801e-05 2.72546e-05 -3.20145e-05
7.61525e-05 2.81932e-05 -1.8754e-05
7.23533e-05 1.34807e-05 -1.27216e-05
7.32308e-05 1.37628e-05 -1.8921e-05
7.76279e-05 3.10598e-05 -3.42427e-05
8.00621e-05 3.1743e-05 -2.22398e-05
7.67897e-05 1.83643e-05 -1.72628e-05
7.75669e-05 1.85678e-05 -2.28616e-05
8.13587e-05 3.40932e-05 -3.65517e-05
8.34734e-05 3.46447e-05 -2.54419e-05
8.07263e-05 2.23794e-05 -2.13292e-05
8.14217e-05 2.2546e-05 -2.63785e-05
8.46444e-05 3.6618e-05 -3.866e-05
8.64585e-05 3.70865e-05 -2.82546e-05
8.42334e-05 2.57647e-05 -2.48659e-05
8.48636e-05 2.59099e-05 -2.94347e-05
8.75499e-05 3.87598e-05 -4.05096e-05
8.90807e-05 3.91674e-05 -3.06882e-05
8.73733e-05 2.86495e-05 -2.79137e-05
8.79526e-05 2.87795e-05 -3.20694e-05
9.01312e-05 4.05914e-05 -4.21139e-05
9.13937e-05 4.09507e-05 -3.27867e-05
9.01994e-05 3.11187e-05 -3.05373e-05
9.07397e-05 3.12367e-05 -3.43406e-05
9.24356e-05 4.21635e-05 -4.35062e-05
9.34429e-05 4.24829e-05 -3.45995e-05
9.27567e-05 3.32362e-05 -3.28029e-05
9.3268e-05 3.33445e-05 -3.63069e-05
9.45027e-05 4.35155e-05 -4.47227e-05
9.52663e-05 4.3802e-05 -3.61737e-05
9.50828e-05 3.5054e-05 -3.47714e-05
9.55732e-05 3.51545e-05 -3.80222e-05
9.63656e-05 4.46797e-05 -4.57981e-05
9.68952e-05 4.49396e-05 -3.75522e-05
9.72088e-05 3.66159e-05 -3.64979e-05
9.7685e-05 3.67104e-05 -3.95352e-05
9.80515e-05 4.56837e-05 -4.67642e-05
9.83557e-05 4.59227e-05 -3.87736e-05
9.91602e-05 3.79594e-05 -3.80321e-05
9.96274e-05 3.805e-05 -4.08905e-05
9.95825e-05 4.65513e-05 -4.76509e-05
9.96689e-05 4.67749e-05 -3.98733e-05
0.000100957 3.91172e-05 -3.942e-05
0.000101419 3.9206e-05 -4.21294e-05
0.000100976 4.7303e-05 -4.84863e-05
0.000100851 4.75167e-05 -4.08846e-05
0.000102615 4.01178e-05 -4.07051e-05
0.000103074 4.02074e-05 -4.32921e-05
0.000102244 4.79566e-05 -4.92988e-05
0.000101914 4.81664e-05 -4.18399e-05
0.000104142 4.09868e-05 -4.19306e-05
0.0001046 4.10801e-05 -4.44184e-05
0.000103394 4.85279e-05 -5.01174e-05
0.000102865 4.87402e-05 -4.2772e-05
0.000105544 4.17469e-05 -4.31409e-05
0.000106 4.18475e-05 -4.55504e-05
0.000104429 4.90308e-05 -5.09735e-05
0.000103705 4.92528e-05 -4.37158e-05
0.000106818 4.24189e-05 -4.43835e-05
0.000107268 4.2531e-05 -4.6734e-05
0.000105343 4.94775e-05 -5.1903e-05
0.000104429 4.97171e-05 -4.47099e-05
0.000107951 4.30215e-05 -4.57126e-05
0.00010839 4.31499e-05 -4.80221e-05
0.000106123 4.98781e-05 -5.29491e-05
0.000105021 5.0144e-05 -4.58001e-05
0.000108921 4.35694e-05 -4.7192e-05
0.000109339 4.37193e-05 -4.94796e-05
0.000106742 5.02385e-05 -5.41687e-05
0.000105457 5.05383e-05 -4.70444e-05
0.00010969 4.40677e-05 -4.89037e-05
0.000110073 4.42427e-05 -5.11933e-05
0.00010716 5.05543e-05 -5.56467e-05
0.000105695 5.08888e-05 -4.8526e-05
0.000110199 4.44921e-05 -5.0963e-05
0.000110526 4.46883e-05 -5.3295e-05
0.000107317 5.0792e-05 -5.75343e-05
0.000105672 5.11367e-05 -5.03842e-05
0.000110364 4.47308e-05 -5.35591e-05
0.000110606 4.49199e-05 -5.6023e-05
0.000107127 5.0833e-05 -6.01539e-05
0.000105304 5.10839e-05 -5.29e-05
0.000110072 4.44152e-05 -5.70623e-05
0.000110194 4.44914e-05 -5.98907e-05
0.000106484 5.03114e-05 -6.42977e-05
0.000104529 5.00945e-05 -5.67051e-05
0.000109469 4.23092e-05 -6.22518e-05
0.000110553 4.18187e-05 -6.61879e-05
-1.76572e-06 -1.87879e-05 -7.47783e-06
